t_ps,E_per_molecule_eV,E_total_eV,E_total_J,P_inst_per_mol_W,P_inst_total_W,E_passive_per_molecule_eV,Ergotropy_per_molecule_eV,Ergotropy_total_J
0.000000000000000000e+00,0.000000000000000000e+00,0.000000000000000000e+00,0.000000000000000000e+00,1.334056352760600391e-30,6.670281763803001732e-20,0.000000000000000000e+00,0.000000000000000000e+00,0.000000000000000000e+00
5.000000000000000104e-03,4.163262415798657843e-26,2.081631207899328928e-15,3.335140881901500839e-34,1.783837307130682552e-25,8.919186535653412222e-15,2.009367261966817492e-28,4.143168743178989852e-26,3.319044075520261805e-34
1.000000000000000021e-02,1.113383673981780591e-20,5.566918369908903242e-10,8.919186535653412662e-29,9.784285295123074741e-23,4.892142647561537499e-12,1.449720650487366165e-22,1.098886467476906976e-20,8.803051108051505812e-29
1.499999999999999944e-02,6.106870587294989536e-18,3.053435293647494831e-07,4.892142680912944472e-26,3.077972897948987838e-21,1.538986448974493977e-10,1.834354690056599212e-19,5.923435118289329374e-18,4.745194669769094498e-26
2.000000000000000042e-02,1.921230915716688706e-16,9.606154578583442870e-06,1.539075640839850835e-24,2.769201111268399138e-19,1.384600555634199672e-08,4.066542751538505618e-17,1.514576640562838021e-16,1.213309651955997658e-24
2.500000000000000139e-02,1.729010073557583979e-14,8.645050367787920388e-04,1.385089769902291192e-22,7.565447123337080558e-18,3.782723561668539845e-07,4.279835702883889621e-16,1.686211716528745152e-14,1.350804506099693493e-22
2.999999999999999889e-02,4.723901918181858986e-13,2.361950959090929406e-02,3.784262637309376853e-21,1.457874891418552230e-16,7.289374457092762838e-06,4.665131592501004779e-14,4.257388758931758508e-13,3.410544395707360624e-21
3.500000000000000333e-02,9.116629464952982086e-12,4.558314732476491105e-01,7.303225354791794688e-20,2.776746534637061112e-15,1.388373267318530793e-04,1.092650293677590962e-12,8.023979171275390519e-12,6.427915969960056345e-20
4.000000000000000083e-02,1.737832771259649682e-10,8.689163856298248945e+00,1.392157529955838802e-18,3.222333175384039757e-14,1.611166587692020079e-03,2.104042859397766090e-11,1.527428485319873008e-10,1.223605114642756078e-18
4.499999999999999833e-02,2.020338804974497222e-09,1.010169402487248647e+02,1.618469813046811282e-17,4.073775177521230227e-13,2.036887588760614987e-02,1.625730027115795386e-10,1.857765802262917786e-09,1.488234479914955564e-17
5.000000000000000278e-02,2.560028801493776030e-08,1.280014400746887986e+03,2.050809164060175860e-16,4.174778937965099163e-12,2.087389468982549789e-01,1.536374951057533938e-09,2.406391306388022554e-08,1.927731961677812345e-16
5.500000000000000028e-02,2.625895450567426459e-07,1.312947725283713226e+04,2.103574167113016021e-15,3.537068893130767787e-11,1.768534446565384055e+00,1.291758766481980956e-08,2.496719573919228231e-07,2.000092881491911493e-15
5.999999999999999778e-02,2.233265047361794260e-06,1.116632523680897139e+05,1.789042538205985066e-14,2.444304055209711685e-10,1.222152027604855817e+01,9.941972970762296672e-08,2.133845317654171346e-06,1.709398554257910335e-14
6.500000000000000222e-02,1.551873548638941529e-05,7.759367743194707436e+05,1.243187769275987310e-13,1.373263887990356876e-09,6.866319439951783465e+01,6.593962908001238163e-07,1.485933919558929116e-05,1.190364302792675795e-13
7.000000000000000666e-02,8.794565523257266628e-05,4.397282761628633365e+06,7.045223693772387449e-13,6.282473555970953635e-09,3.141236777985477033e+02,3.889020537989121680e-06,8.405663469458354799e-05,6.733678802016773926e-13
7.499999999999999722e-02,4.076398925829134560e-04,2.038199462914567441e+07,3.265555554913069467e-12,2.337979700973889338e-08,1.168989850486944761e+03,1.977841408719453910e-05,3.878614784957189372e-04,3.107112990372671225e-12
8.000000000000000167e-02,1.547197807185933267e-03,7.735989035929666460e+07,1.239442087424669747e-11,7.093642599554941512e-08,3.546821299777470813e+03,8.368405604389629691e-05,1.463513751142037078e-03,1.172403767808731397e-11
8.500000000000000611e-02,4.835143358193277202e-03,2.417571679096638560e+08,3.873376855268780468e-11,1.758937479867179268e-07,8.794687399335896771e+03,2.953117835613978189e-04,4.539831574631879654e-03,3.636806035585312298e-11
8.999999999999999667e-02,1.252562204918606335e-02,6.262811024593031406e+08,1.003412948676055333e-10,3.574539391458127609e-07,1.787269695729063824e+04,8.754065387152505911e-04,1.165021551047081341e-02,9.332851535970357820e-11
9.500000000000000111e-02,2.714566340699663821e-02,1.357283170349831820e+09,2.174607381255942096e-10,5.971705270271915566e-07,2.985852635135958553e+04,2.200937394082268586e-03,2.494472601291437136e-02,1.998292857971169309e-10
1.000000000000000056e-01,4.979807468359342265e-02,2.489903734179671288e+09,3.989265583812016125e-10,8.228598899723359791e-07,4.114299449861679750e+04,4.748292944232882298e-03,4.504978173936054209e-02,3.608885383480166520e-10
1.049999999999999961e-01,7.850453810971780300e-02,3.925226905485889912e+09,6.288906831117618710e-10,9.385780531517247857e-07,4.692890265758625173e+04,8.912447935772744440e-03,6.959209017394506203e-02,5.574941039395788469e-10
1.100000000000000006e-01,1.083795090419554658e-01,5.418975452097773552e+09,8.682155849570638515e-10,8.893761819195660766e-07,4.446880909597832942e+04,1.478741512052504994e-02,9.359209392143041928e-02,7.497553300402461462e-10
1.150000000000000050e-01,1.340150332103202946e-01,6.700751660516015053e+09,1.073578774071545960e-09,7.016390802534113726e-07,3.508195401267056877e+04,2.206640410880359240e-02,1.119486291015167057e-01,8.968073887739123469e-10
1.199999999999999956e-01,1.521723759059351866e-01,7.608618795296759605e+09,1.219035125083769674e-09,4.587574897030009339e-07,2.293787448515003780e+04,3.015212729164125013e-02,1.220202486142939330e-01,9.774899560234631361e-10
1.250000000000000000e-01,1.626484235599013894e-01,8.132421177995069504e+09,1.302957518923045514e-09,2.413330025181124664e-07,1.206665012590562401e+04,3.839305552831345780e-02,1.242553680315879316e-01,9.953952365464036774e-10
1.300000000000000044e-01,1.672351971577718255e-01,8.361759857888590813e+09,1.339701626342825916e-09,8.868858448443400522e-08,4.434429224221676122e+03,4.627811431889393423e-02,1.209570828388778913e-01,9.689730592062627114e-10
1.350000000000000089e-01,1.681839296085081426e-01,8.409196480425407410e+09,1.347301811165262448e-09,8.363969635613366154e-10,4.181984817807096988e+01,5.350745952726838200e-02,1.146764700812397675e-01,9.186598041688121831e-10
1.400000000000000133e-01,1.672874009501510162e-01,8.364370047507551193e+09,1.340119824824606759e-09,-4.063240673971144410e-08,-2.031620336985593894e+03,5.996305213199382145e-02,1.073243488181571947e-01,8.597628196785847930e-10
1.449999999999999900e-01,1.656478542546772625e-01,8.282392712733862877e+09,1.326985607795406784e-09,-5.576250843431265940e-08,-2.788125421715609264e+03,6.564907599325117693e-02,9.999877826142608561e-02,8.010785297950200486e-10
1.499999999999999944e-01,1.638069789260764575e-01,8.190348946303822517e+09,1.312238570607450473e-09,-5.892025857734992266e-08,-2.946012928867494338e+03,7.062917978732140278e-02,9.317779913875505471e-02,7.464364629382932989e-10
1.549999999999999989e-01,1.619703409688761919e-01,8.098517048443809509e+09,1.297525478506731674e-09,-5.773091560020702891e-08,-2.886545780010346789e+03,7.498373144330283679e-02,8.698660952557335513e-02,6.968395662637771594e-10
1.600000000000000033e-01,1.602036985901202637e-01,8.010184929506012917e+09,1.283373112807347068e-09,-5.505755192430434998e-08,-2.752877596215213998e+03,7.879045623918191910e-02,8.141324235093834460e-02,6.521919729642632324e-10
1.650000000000000078e-01,1.585339188693448143e-01,7.926695943467240334e+09,1.269996702544579557e-09,-5.186898772759889818e-08,-2.593449386379928910e+03,8.211919388757732419e-02,7.641472498176749006e-02,6.121494342966197526e-10
1.700000000000000122e-01,1.569662910142712309e-01,7.848314550713562012e+09,1.257438618943547676e-09,-4.879547520011159704e-08,-2.439773760005555232e+03,8.503387347524722639e-02,7.193241753902400448e-02,5.762421930407801444e-10
1.750000000000000167e-01,1.554883448568036008e-01,7.774417242840180397e+09,1.245598964944524058e-09,-4.614838264937974797e-08,-2.307419132469018223e+03,8.758942937876096346e-02,6.789891547804263738e-02,5.439302792643042280e-10
1.799999999999999933e-01,1.540859355234933115e-01,7.704296776174665451e+09,1.234364427618857572e-09,-4.376580312399847302e-08,-2.188290156199960620e+03,8.983088492098030564e-02,6.425505060251300582e-02,5.147397034591697813e-10
1.849999999999999978e-01,1.527566982833085674e-01,7.637834914165428162e+09,1.223716063382524347e-09,-4.143674663441182954e-08,-2.071837331720584189e+03,9.179990610328433998e-02,6.095679218002422739e-02,4.883177405721436537e-10
1.900000000000000022e-01,1.514996572221451732e-01,7.574982861107258797e+09,1.213646054301651677e-09,-3.925067289743859405e-08,-1.962533644871931756e+03,9.353206772833733140e-02,5.796758949380784176e-02,4.643715870814139980e-10
1.950000000000000067e-01,1.503068639726280187e-01,7.515343198631401062e+09,1.204090726933805117e-09,-3.734963407032056550e-08,-1.867481703516008565e+03,9.505843691867411904e-02,5.524842705395389963e-02,4.425886944554919180e-10
2.000000000000000111e-01,1.491684764223682458e-01,7.458423821118412018e+09,1.194971237266491506e-09,-3.565854694479972284e-08,-1.782927347239994560e+03,9.640517793873540353e-02,5.276329848363284225e-02,4.226806198162208408e-10
2.050000000000000155e-01,1.480812325292474863e-01,7.404061626462374687e+09,1.186261453461405147e-09,-3.402483288675740413e-08,-1.701241644337860635e+03,9.759390597798309197e-02,5.048732655126439428e-02,4.044480745678180244e-10
2.099999999999999922e-01,1.470448133901711973e-01,7.352240669508560181e+09,1.177958820823113004e-09,-3.246578390562494392e-08,-1.623289195281235152e+03,9.864461880471923905e-02,4.840019458545195830e-02,3.877283042293221941e-10
2.149999999999999967e-01,1.460548776806830928e-01,7.302743884034154892e+09,1.170028561508592705e-09,-3.107594920365457344e-08,-1.553797460182715440e+03,9.957493729133701232e-02,4.647994038934608052e-02,3.723453722076157707e-10
2.200000000000000011e-01,1.451052052006502890e-01,7.255260260032514572e+09,1.162420846221285795e-09,-2.983523453734100324e-08,-1.491761726867043762e+03,1.003999938643296563e-01,4.470521133632063271e-02,3.581282251054241026e-10
2.250000000000000056e-01,1.441927088096482956e-01,7.209635440482415199e+09,1.155110944239922271e-09,-2.864830338316807918e-08,-1.432415169158412027e+03,1.008489191770330223e-01,4.334378963261527329e-02,3.472220348919381420e-10
2.300000000000000100e-01,1.433171187453108064e-01,7.165855937265540123e+09,1.148096694529701765e-09,-2.750210509935364350e-08,-1.375105254967696965e+03,1.011386326826812648e-01,4.217848606262954159e-02,3.378869241351985520e-10
2.350000000000000144e-01,1.424761624242043834e-01,7.123808121210219383e+09,1.141359891690245356e-09,-2.645480723093140561e-08,-1.322740361546559143e+03,1.013585053448605583e-01,4.111765707934382508e-02,3.293887470867467603e-10
2.399999999999999911e-01,1.416659395513611142e-01,7.083296977568056107e+09,1.134869290914236173e-09,-2.550928416837132149e-08,-1.275464208418561611e+03,1.015184522859128580e-01,4.014748726544825619e-02,3.216168300525687389e-10
2.449999999999999956e-01,1.408839981380055340e-01,7.044199906900277138e+09,1.128605249606059813e-09,-2.461021773148987083e-08,-1.230510886574513279e+03,1.016266383727235240e-01,3.925735976528200999e-02,3.144861226423327728e-10
2.500000000000000000e-01,1.401298905784056081e-01,7.006494528920280457e+09,1.122564182048490978e-09,-2.373665115000736509e-08,-1.186832557500369148e+03,1.016901958485892654e-01,3.843969472981634272e-02,3.079359035710233969e-10
2.550000000000000044e-01,1.394024729025047094e-01,6.970123645125235558e+09,1.116736924031056000e-09,-2.292089753656288787e-08,-1.146044876828120323e+03,1.017156322508527555e-01,3.768684065165195385e-02,3.019048775067904554e-10
2.600000000000000089e-01,1.386992806787132049e-01,6.934964033935660362e+09,1.111103733280209833e-09,-2.217366465586030700e-08,-1.108683232793016941e+03,1.017087122169350599e-01,3.699056846177814495e-02,2.963271223391913349e-10
2.650000000000000133e-01,1.380185016108686769e-01,6.900925080543434143e+09,1.105650091703125787e-09,-2.146433151421254875e-08,-1.073216575710670440e+03,1.016741995529309994e-01,3.634430205793767743e-02,2.911499576813293015e-10
2.700000000000000178e-01,1.373595824794812403e-01,6.867979123974061966e+09,1.100371567523103154e-09,-2.077375972203848945e-08,-1.038687986101940623e+03,1.016161035987387384e-01,3.574347888074250190e-02,2.863368334029905464e-10
2.750000000000000222e-01,1.367219055127109339e-01,6.836095275635546684e+09,1.095263211842106233e-09,-2.011781734264279331e-08,-1.005890867132140556e+03,1.015380840657094802e-01,3.518382144700145375e-02,2.818534830860689590e-10
2.800000000000000266e-01,1.361039270844567606e-01,6.805196354222838402e+09,1.090312658851781898e-09,-1.950801616744088756e-08,-9.754008083720400464e+02,1.014435204208286451e-01,3.466040666362811551e-02,2.776604684070143103e-10
2.850000000000000311e-01,1.355043109133728385e-01,6.775215545668642044e+09,1.085509203758385752e-09,-1.892833949998653665e-08,-9.464169749993307050e+02,1.013351723435199497e-01,3.416913856985288878e-02,2.737249771026323665e-10
2.899999999999999800e-01,1.349225130569203512e-01,6.746125652846017838e+09,1.080848489101788499e-09,-1.836397471639513837e-08,-9.181987358197511639e+02,1.012153034875410279e-01,3.370720956937932333e-02,2.700245178470037424e-10
2.949999999999999845e-01,1.343581217650173798e-01,6.717906088250868797e+09,1.076327216400188316e-09,-1.782157274162008898e-08,-8.910786370810092194e+02,1.010859675963632631e-01,3.327215416865411668e-02,2.665393398593165835e-10
2.999999999999999889e-01,1.338101779770405064e-01,6.690508898852025032e+09,1.071937702730978371e-09,-1.731049667123569285e-08,-8.655248335617943667e+02,1.009490646841264966e-01,3.286111329291400984e-02,2.632465394256681201e-10
3.049999999999999933e-01,1.332776855444479658e-01,6.663884277222398758e+09,1.067671968064570436e-09,-1.682324589965691374e-08,-8.411622949828597484e+02,1.008061617705952595e-01,3.247152377385270627e-02,2.601255833042114906e-10
3.099999999999999978e-01,1.327601535575945735e-01,6.638007677879728317e+09,1.063526079781149784e-09,-1.634913123574555650e-08,-8.174565617872867733e+02,1.006585648240450048e-01,3.210158873354956865e-02,2.571620769158538605e-10
3.150000000000000022e-01,1.322572530347733977e-01,6.612862651738670349e+09,1.059497402446697588e-09,-1.589013659839186085e-08,-7.945068299195700092e+02,1.005073539759328838e-01,3.174989905884051389e-02,2.543447320196642953e-10
3.200000000000000067e-01,1.317683692398617379e-01,6.588418461993086815e+09,1.055581011481953976e-09,-1.545280835486997664e-08,-7.726404177435033489e+02,1.003536270327686497e-01,3.141474220709308818e-02,2.516598296366906480e-10
3.250000000000000111e-01,1.312927645990451531e-01,6.564638229952258110e+09,1.051770998269262590e-09,-1.503433755258714804e-08,-7.517168776293547126e+02,1.001982924728601759e-01,3.109447212618497713e-02,2.490941834356893222e-10
3.300000000000000155e-01,1.308299996972319412e-01,6.541499984861597061e+09,1.048063842705660367e-09,-1.462744597568810874e-08,-7.313722987844230374e+02,1.000420520604580338e-01,3.078794763677390744e-02,2.466386515622733500e-10
3.350000000000000200e-01,1.303797912311107088e-01,6.518989561555535316e+09,1.044457275281418311e-09,-1.423190912995585003e-08,-7.115954564977728296e+02,9.988550693040459949e-02,3.049428430070610929e-02,2.442861488857218033e-10
3.400000000000000244e-01,1.299417137974167580e-01,6.497085689870838165e+09,1.040947888140682566e-09,-1.385185751124510002e-08,-6.925928755622589961e+02,9.972922689814893438e-02,3.021248689926782360e-02,2.420287028251900836e-10
3.450000000000000289e-01,1.295152262875649551e-01,6.475761314378248215e+09,1.037531346525795777e-09,-1.348673877715603398e-08,-6.743369388577848440e+02,9.957370371683768595e-02,2.994152257072726919e-02,2.398580392460141624e-10
3.500000000000000333e-01,1.290999377727917452e-01,6.454996888639587402e+09,1.034204518752104657e-09,-1.313195586387779580e-08,-6.565977931938978145e+02,9.941926243884244285e-02,2.968067533394930235e-02,2.377684225069685837e-10
3.549999999999999822e-01,1.286955940706668577e-01,6.434779703533343315e+09,1.030965368593856921e-09,-1.278637862003154609e-08,-6.393189310016168747e+02,9.926625185248301453e-02,2.942934221818384322e-02,2.357550222798193854e-10
3.599999999999999867e-01,1.283018747909275559e-01,6.415093739546378136e+09,1.027811329442088722e-09,-1.245238091278974281e-08,-6.226190456394979265e+02,9.911496464548803786e-02,2.918691014543951801e-02,2.338129272684037022e-10
3.649999999999999911e-01,1.279183775860086858e-01,6.395918879300434113e+09,1.024739178137462010e-09,-1.213025841687078509e-08,-6.065129208435246255e+02,9.896505665930846463e-02,2.895332092670022117e-02,2.319416713273115856e-10
3.699999999999999956e-01,1.275447636110830230e-01,6.377238180554151535e+09,1.021746200233653440e-09,-1.181734072441544705e-08,-5.908670362207485596e+02,9.881622161931868931e-02,2.872854199176433365e-02,2.301409935404631823e-10
3.750000000000000000e-01,1.271807971923343550e-01,6.359039859616717339e+09,1.018830507775254402e-09,-1.151232852838471392e-08,-5.756164264192484552e+02,9.866971912852383342e-02,2.851107806381052157e-02,2.283989154199358752e-10
3.800000000000000044e-01,1.268262205813021626e-01,6.341311029065108299e+09,1.015990035969461028e-09,-1.121642485582034711e-08,-5.608212427910184488e+02,9.852567479229377978e-02,2.830054578900838280e-02,2.267123659629816196e-10
3.850000000000000089e-01,1.264807230171282326e-01,6.324036150856411934e+09,1.013222295347344233e-09,-1.093008768348841198e-08,-5.465043841744336532e+02,9.838420325245239573e-02,2.809651976467583689e-02,2.250779373184140047e-10
3.900000000000000133e-01,1.261440181666907134e-01,6.307200908334535599e+09,1.010524992127716819e-09,-1.065186193955343664e-08,-5.325930969776964048e+02,9.824538477992207641e-02,2.789863338676863702e-02,2.234926926640649628e-10
3.950000000000000178e-01,1.258158860875719653e-01,6.290794304378598213e+09,1.007896364377567313e-09,-1.038065553004162471e-08,-5.190327765020774677e+02,9.810926229393931997e-02,2.770662379363264538e-02,2.219545262459332897e-10
4.000000000000000222e-01,1.254961086097946543e-01,6.274805430489732742e+09,1.005334664362696091e-09,-1.011696404010133126e-08,-5.058482020050578285e+02,9.797586525891596732e-02,2.752024335087868701e-02,2.204614542938584520e-10
4.050000000000000266e-01,1.251844348589491174e-01,6.259221742947455406e+09,1.002837882357516744e-09,-9.861146231619450449e-09,-4.930573115809675073e+02,9.784524139282545219e-02,2.733919346612366519e-02,2.190110848191440429e-10
4.100000000000000311e-01,1.248806242729022936e-01,6.244031213645114899e+09,1.000404091246886472e-09,-9.612413859563009302e-09,-4.806206929781328654e+02,9.771741103107947635e-02,2.716321324182281727e-02,2.176013278020395180e-10
4.150000000000000355e-01,1.245844751756297747e-01,6.229223758781488419e+09,9.980316754277353349e-10,-9.369985621428827694e-09,-4.684992810714320512e+02,9.759236331719929602e-02,2.699211185843047867e-02,2.162306546094581600e-10
4.199999999999999845e-01,1.242957957700651511e-01,6.214789788503257751e+09,9.957190984361721141e-10,-9.133995628253458457e-09,-4.566997814126807498e+02,9.747008143745888864e-02,2.682571433260626248e-02,2.148976634703032864e-10
4.249999999999999889e-01,1.240143760096314857e-01,6.200718800481574059e+09,9.934646776136085031e-10,-8.904650857712934488e-09,-4.452325428856565850e+02,9.735055235168153798e-02,2.666382365794994769e-02,2.136007761893190756e-10
4.299999999999999933e-01,1.237400111787319568e-01,6.187000558936597824e+09,9.912667730073155311e-10,-8.681488565958821537e-09,-4.340744282979139825e+02,9.723377063718097180e-02,2.650624054155098497e-02,2.123383962542824468e-10
4.349999999999999978e-01,1.234725201129889260e-01,6.173626005649446487e+09,9.891239333306294232e-10,-8.463982630228091225e-09,-4.231991315113846213e+02,9.711970592224555832e-02,2.635281419074336773e-02,2.111093156827632081e-10
4.400000000000000022e-01,1.232117309348055023e-01,6.160586546740275383e+09,9.870347816922016840e-10,-8.252125804652782196e-09,-4.126062902326229960e+02,9.700831798872064371e-02,2.620341294608485860e-02,2.099124797663512932e-10
4.450000000000000067e-01,1.229574629320556167e-01,6.147873146602781296e+09,9.849978704283031958e-10,-8.046007644052397364e-09,-4.023003822026221314e+02,9.689957611302091323e-02,2.605788681903470350e-02,2.087466869643699287e-10
4.500000000000000111e-01,1.227095386375701702e-01,6.135476931878508568e+09,9.830117778701755333e-10,-7.845317110379100290e-09,-3.922658555189700564e+02,9.679345076674911175e-02,2.591608787082105847e-02,2.076107521566015125e-10
4.550000000000000155e-01,1.224677967526910799e-01,6.123389837634553909e+09,9.810752118731135332e-10,-7.649685509098844144e-09,-3.824842754549463280e+02,9.668989932811149213e-02,2.577789742457958777e-02,2.065037246365509358e-10
4.600000000000000200e-01,1.222320828223520534e-01,6.111604141117602348e+09,9.791869351156260996e-10,-7.459067659701227210e-09,-3.729533829850552138e+02,9.658887207810684661e-02,2.564321074424520674e-02,2.054247653758370635e-10
4.650000000000000244e-01,1.220022383678406735e-01,6.100111918392033577e+09,9.773456780432630354e-10,-7.273490229038230760e-09,-3.636745114518998889e+02,9.649032487983209838e-02,2.551191348800857517e-02,2.043729583955838793e-10
4.700000000000000289e-01,1.217781072696766248e-01,6.088905363483831406e+09,9.755501900011070008e-10,-7.092721020942535377e-09,-3.546360510471276939e+02,9.639421853200168255e-02,2.538388873767494225e-02,2.033473670777927302e-10
4.750000000000000333e-01,1.215595455416923487e-01,6.077977277084617615e+09,9.737993175327917115e-10,-6.916476129993233261e-09,-3.458238064996694447e+02,9.630050777537085827e-02,2.525903776632149045e-02,2.023472005326192089e-10
4.799999999999999822e-01,1.213464147843901775e-01,6.067320739219509125e+09,9.720919519361104206e-10,-6.744699904199113365e-09,-3.372349952099466464e+02,9.620914042444440872e-02,2.513727435994576875e-02,2.013717681097620702e-10
4.849999999999999867e-01,1.211385744851266183e-01,6.056928724256330490e+09,9.704269675806922061e-10,-6.577395646060745388e-09,-3.288697823030524887e+02,9.612006733141972847e-02,2.501850715370688982e-02,2.004203378961551181e-10
4.899999999999999911e-01,1.209358860382781092e-01,6.046794301913905144e+09,9.688032541130799155e-10,-6.414384453410526570e-09,-3.207192226705665234e+02,9.603324360953921501e-02,2.490264242873889422e-02,1.994921591209123116e-10
4.949999999999999956e-01,1.207382200973961539e-01,6.036911004869807243e+09,9.672197753539863869e-10,-6.255432225407700432e-09,-3.127716112703928957e+02,9.594862446173907378e-02,2.478959563565708013e-02,1.985865544687907542e-10
5.000000000000000000e-01,1.205454526682825239e-01,6.027272633414126396e+09,9.656755380003759693e-10,-6.100471854050982113e-09,-3.050235927025205456e+02,9.586570656763261644e-02,2.467974610064990748e-02,1.977065626775694382e-10
5.050000000000000044e-01,1.203574585930406449e-01,6.017872929652031898e+09,9.641695394269611275e-10,-5.949498772099756503e-09,-2.974749386049661553e+02,9.578459337282480002e-02,2.457286522021584485e-02,1.968503524313054328e-10
5.100000000000000089e-01,1.201741141625369824e-01,6.008705708126849174e+09,9.627007886143260613e-10,-5.802377248475056070e-09,-2.901188624237402109e+02,9.570557699772164195e-02,2.446853716481534047e-02,1.960145925681387075e-10
5.150000000000000133e-01,1.199953026905426628e-01,5.999765134527132988e+09,9.612683508027237996e-10,-5.658911396762864536e-09,-2.829455698381207185e+02,9.562861075306279546e-02,2.436669193747986739e-02,1.951987223505321641e-10
5.200000000000000178e-01,1.198209126941923441e-01,5.991045634709617615e+09,9.598713329159448822e-10,-5.519021817333491969e-09,-2.759510908666707110e+02,9.555364542109508197e-02,2.426726727309726217e-02,1.944022429799466390e-10
5.250000000000000222e-01,1.196508324429923081e-01,5.982541622149615288e+09,9.585088398940570172e-10,-5.382696458359913412e-09,-2.691348229180002818e+02,9.548063373956419686e-02,2.417019870342811128e-02,1.936246380088480679e-10
5.300000000000000266e-01,1.194849512062931274e-01,5.974247560314656258e+09,9.571799846867647269e-10,-5.249833845173075054e-09,-2.624916922586562578e+02,9.540953000038564225e-02,2.407542120590748513e-02,1.928653865490653404e-10
5.350000000000000311e-01,1.193231635871517121e-01,5.966158179357585907e+09,9.558839229714704714e-10,-5.120272212928428916e-09,-2.560136106464196928e+02,9.534029066698782029e-02,2.398287292016389183e-02,1.921239930443896678e-10
5.400000000000000355e-01,1.191653689514861059e-01,5.958268447574305534e+09,9.546198485803005174e-10,-4.993925397072784128e-09,-2.496962698536372045e+02,9.527287110009577398e-02,2.389249785139033189e-02,1.914000089269639633e-10
5.450000000000000400e-01,1.190114672803216228e-01,5.950573364016080856e+09,9.533869602729340909e-10,-4.870771662569401732e-09,-2.435385831284802407e+02,9.520722614564942898e-02,2.380424113467219382e-02,1.906929946803671682e-10
5.500000000000000444e-01,1.188613592961705462e-01,5.943067964808526993e+09,9.521844627490155783e-10,-4.750733575482917652e-09,-2.375366787741513690e+02,9.514331307145283689e-02,2.371804622471770929e-02,1.900024973268731145e-10
5.550000000000000488e-01,1.187149498131044034e-01,5.935747490655220032e+09,9.510115934851926007e-10,-4.633678874627279159e-09,-2.316839437313319650e+02,9.508109116770016578e-02,2.363385864540423764e-02,1.893280804646277996e-10
5.600000000000000533e-01,1.185721478087293362e-01,5.928607390436467171e+09,9.498676233117022597e-10,-4.519521829539704808e-09,-2.259760914769867668e+02,9.502051836698997833e-02,2.355162944173935791e-02,1.886693519209063021e-10
5.650000000000000577e-01,1.184328634479914488e-01,5.921643172399572372e+09,9.487518325704227466e-10,-4.408232288556083710e-09,-2.204116144278232241e+02,9.496155439343752225e-02,2.347130905455392658e-02,1.880259146829946590e-10
5.700000000000000622e-01,1.182970075904157814e-01,5.914850379520789146e+09,9.476635071674239432e-10,-4.299748044279326793e-09,-2.149874022139410954e+02,9.490415965710377599e-02,2.339284793331200540e-02,1.873973718073384187e-10
5.750000000000000666e-01,1.181644942836288237e-01,5.908224714181441307e+09,9.466019585482834075e-10,-4.193960178979337124e-09,-2.096980089489516104e+02,9.484829659361299070e-02,2.331619769001583298e-02,1.867833356633406833e-10
5.799999999999999600e-01,1.180352411852655381e-01,5.901762059263277054e+09,9.455665270779345691e-10,-4.090787675093122109e-09,-2.045393837546725990e+02,9.479392784372210612e-02,2.324131334154343198e-02,1.861834458964667230e-10
5.849999999999999645e-01,1.179091673996709444e-01,5.895458369983547211e+09,9.445565647107365884e-10,-3.990195722608668428e-09,-1.995097861304384423e+02,9.474101579229596282e-02,2.316815160737498158e-02,1.855973557915286781e-10
5.899999999999999689e-01,1.177861927571501738e-01,5.889309637857508659e+09,9.435714292166302234e-10,-3.892132204278639859e-09,-1.946066102139302529e+02,9.468952355601016613e-02,2.309666920114000765e-02,1.850247185864698338e-10
5.949999999999999734e-01,1.176662396149508738e-01,5.883311980747543335e+09,9.426104986085970815e-10,-3.796505829897254229e-09,-1.898252914948388934e+02,9.463941667697600701e-02,2.302682293797486679e-02,1.844651883323928081e-10
5.999999999999999778e-01,1.175492335012647410e-01,5.877461675063237190e+09,9.416731763016819089e-10,-3.703241048569151298e-09,-1.851620524284517160e+02,9.459066133856947056e-02,2.295857216269527046e-02,1.839184393453660329e-10
6.049999999999999822e-01,1.174351014888552619e-01,5.871755074442763329e+09,9.407588780843125058e-10,-3.612301441367586630e-09,-1.806150720684090629e+02,9.454322414297339217e-02,2.289187734588186973e-02,1.833841549598293100e-10
6.099999999999999867e-01,1.173237713790048903e-01,5.866188568950244904e+09,9.398670255809978741e-10,-3.523643047576941676e-09,-1.761821523788385093e+02,9.449707176477875614e-02,2.282669961422613414e-02,1.828620237662496232e-10
6.149999999999999911e-01,1.172151729882891374e-01,5.860758649414457321e+09,9.389970565605239705e-10,-3.437188597578409076e-09,-1.718594298789103050e+02,9.445217273235201327e-02,2.276300025593712417e-02,1.823517356489923851e-10
6.199999999999999956e-01,1.171092389407807077e-01,5.855461947039035797e+09,9.381484312822088912e-10,-3.352867255115376079e-09,-1.676433627557853470e+02,9.440849651466169667e-02,2.270074242611901105e-02,1.818529954479017591e-10
6.250000000000000000e-01,1.170059034743064913e-01,5.850295173715324402e+09,9.373206229329662444e-10,-3.270641833511070135e-09,-1.635320916755881626e+02,9.436601241686468078e-02,2.263989105744181052e-02,1.813655222426940966e-10
6.300000000000000044e-01,1.169051015339489935e-01,5.845255076697449684e+09,9.365131103654530517e-10,-3.190475617601679003e-09,-1.595237808800884522e+02,9.432469018443358222e-02,2.258041134951541129e-02,1.808890372515099666e-10
6.350000000000000089e-01,1.168067696491154189e-01,5.840338482455770493e+09,9.357253851241654462e-10,-3.112303829505793081e-09,-1.556151914752845187e+02,9.428450102580773762e-02,2.252226862330768131e-02,1.804232626646745624e-10
6.400000000000000133e-01,1.167108468080056000e-01,5.835542340400279999e+09,9.349569584507001717e-10,-3.036060123339598285e-09,-1.518030061669705901e+02,9.424541725328143549e-02,2.246542955472416447e-02,1.799679315267603767e-10
6.450000000000000178e-01,1.166172736810111021e-01,5.830863684050555229e+09,9.342073550624956951e-10,-2.961705997852363749e-09,-1.480852998925984139e+02,9.420741133248440591e-02,2.240986234852669623e-02,1.795227891298291686e-10
6.500000000000000222e-01,1.165259916593908013e-01,5.826299582969539642e+09,9.334761054517740858e-10,-2.889210391252605882e-09,-1.444605195626354543e+02,9.417045592887883509e-02,2.235553573051196619e-02,1.790875849398919585e-10
6.550000000000000266e-01,1.164369433522608049e-01,5.821847167613039970e+09,9.327627498668694583e-10,-2.818520263925566153e-09,-1.409260131962946616e+02,9.413452479070034962e-02,2.230241856156045532e-02,1.786620695051002430e-10
6.600000000000000311e-01,1.163500734613523713e-01,5.817503673067618370e+09,9.320668453198111605e-10,-2.749574686557510920e-09,-1.374787343278876506e+02,9.409959278950397188e-02,2.225048067184839939e-02,1.782460011385206123e-10
6.650000000000000355e-01,1.162653283986902208e-01,5.813266419934511185e+09,9.313879625235905688e-10,-2.682333524100114831e-09,-1.341166762049833778e+02,9.406563515141683207e-02,2.219969324727338877e-02,1.778391490137450242e-10
6.700000000000000400e-01,1.161826553710383486e-01,5.809132768551917076e+09,9.307256785577611146e-10,-2.616768960711368059e-09,-1.308384480355598498e+02,9.403262726065472754e-02,2.215002811038362107e-02,1.774412874044990321e-10
6.750000000000000444e-01,1.161020025265497579e-01,5.805100126327487946e+09,9.300795780432349311e-10,-2.552838396181242485e-09,-1.276419198090588907e+02,9.400054525771560365e-02,2.210145726883415429e-02,1.770521920673776581e-10
6.800000000000000488e-01,1.160233197308843806e-01,5.801165986544219017e+09,9.294492593596705364e-10,-2.490487735569430814e-09,-1.245243867784738541e+02,9.396936630362461018e-02,2.205395342725977037e-02,1.766716443423990987e-10
6.850000000000000533e-01,1.159465585085358574e-01,5.797327925426793098e+09,9.288343341754501975e-10,-2.429676007779618975e-09,-1.214838003889599349e+02,9.393906807679837379e-02,2.200749043173748365e-02,1.762994347135418397e-10
6.900000000000000577e-01,1.158716712823788242e-01,5.793583564118941307e+09,9.282344213557808204e-10,-2.370376377743317535e-09,-1.185188188871688908e+02,9.390961855249177481e-02,2.196205272988704937e-02,1.759354385925047216e-10
6.950000000000000622e-01,1.157986112518201438e-01,5.789930562591007233e+09,9.276491459865785371e-10,-2.312554439596096155e-09,-1.156277219798066653e+02,9.388098040599195115e-02,2.191763084582819265e-02,1.755795800691179383e-10
7.000000000000000666e-01,1.157273329871795903e-01,5.786366649358979225e+09,9.270781441359827351e-10,-2.256163805444555488e-09,-1.128081902722042287e+02,9.385316018633084456e-02,2.187417280084874571e-02,1.752314427479909846e-10
7.049999999999999600e-01,1.156577925831686338e-01,5.782889629158432007e+09,9.265210640838564331e-10,-2.201164351084721247e-09,-1.100582175542222103e+02,9.382613764677227852e-02,2.183165493639635524e-02,1.748908371032249687e-10
7.099999999999999645e-01,1.155899471144628543e-01,5.779497355723142624e+09,9.259775619604404158e-10,-2.147529011937327162e-09,-1.073764505968574667e+02,9.379829003994667735e-02,2.179165707451617695e-02,1.745704189046530757e-10
7.149999999999999689e-01,1.155237543650118742e-01,5.776187718250594139e+09,9.254472995778876777e-10,-2.095228936264903420e-09,-1.047614468132524053e+02,9.377021609097009602e-02,2.175353827404177820e-02,1.742650536474720995e-10
7.199999999999999734e-01,1.154591732102751428e-01,5.772958660513756752e+09,9.249299474923078963e-10,-2.044225199725667827e-09,-1.022112599862884963e+02,9.374294568559918273e-02,2.171622752467596007e-02,1.739661615933173909e-10
7.249999999999999778e-01,1.153961638636685771e-01,5.769808193183428764e+09,9.244251869780247329e-10,-1.994480258063653983e-09,-9.972401290317066014e+01,9.371645891335851630e-02,2.167970495031006084e-02,1.736735835170045170e-10
7.299999999999999822e-01,1.153346875439797831e-01,5.766734377198988914e+09,9.239327073632761934e-10,-1.945966833575306419e-09,-9.729834167874651030e+01,9.369073620828331783e-02,2.164395133569646523e-02,1.733871654874298181e-10
7.349999999999999867e-01,1.152747061671649947e-01,5.763735308358249664e+09,9.234522035612371467e-10,-1.898659433605949415e-09,-9.493297168030403554e+01,9.366575837315772868e-02,2.160894779400726606e-02,1.731067562044214278e-10
7.399999999999999911e-01,1.152161825431381598e-01,5.760809127156908035e+09,9.229833776464732683e-10,-1.852525417979188540e-09,-9.262627089896705002e+01,9.364150680287690320e-02,2.157467574026125656e-02,1.728322067858661524e-10
7.449999999999999956e-01,1.151590806250951254e-01,5.757954031254755974e+09,9.225259408522475210e-10,-1.807530885749474413e-09,-9.037654428745736368e+01,9.361796349135804995e-02,2.154111713373707548e-02,1.725633727096529861e-10
7.500000000000000000e-01,1.151033653388804229e-01,5.755168266944021225e+09,9.220796122035985063e-10,-1.763649096350936493e-09,-8.818245481753547210e+01,9.359511078948129503e-02,2.150825454939912784e-02,1.723001143858573864e-10
7.550000000000000044e-01,1.150490023067047562e-01,5.752450115335237503e+09,9.216441163040722207e-10,-1.720856634766040435e-09,-8.604283173831936438e+01,9.357293138485651973e-02,2.147607092184823652e-02,1.720422951055603902e-10
7.600000000000000089e-01,1.149959579158630341e-01,5.749797895793151855e+09,9.212191838862154066e-10,-1.679125661955296845e-09,-8.395628309776657261e+01,9.355140845336364086e-02,2.144454946249939320e-02,1.717897803773689052e-10
7.650000000000000133e-01,1.149441995261422100e-01,5.747209976307110786e+09,9.208045534730945780e-10,-1.638426126044605142e-09,-8.192130630223255139e+01,9.353052569955364048e-02,2.141367382658856955e-02,1.715424392652878622e-10
7.700000000000000178e-01,1.148936954005276151e-01,5.744684770026380539e+09,9.203999708231929990e-10,-1.598732631161909433e-09,-7.993663155809917953e+01,9.351026719300380152e-02,2.138342820752381357e-02,1.713001451445557756e-10
7.750000000000000222e-01,1.148444144838918768e-01,5.742220724194593430e+09,9.200051871575135464e-10,-1.560023381985653593e-09,-7.800116909928328823e+01,9.349061732274698000e-02,2.135379716114489679e-02,1.710627742938094229e-10
7.800000000000000266e-01,1.147963263995772781e-01,5.739816319978863716e+09,9.196199591322002723e-10,-1.522274122317083140e-09,-7.611370611585152801e+01,9.347156087195056251e-02,2.132476552762671562e-02,1.708302052694610139e-10
7.850000000000000311e-01,1.147494016064092848e-01,5.737470080320464134e+09,9.192440500963550338e-10,-1.485458292481624959e-09,-7.427291462408902589e+01,9.345308310531352802e-02,2.129631850109575675e-02,1.706023194633876247e-10
7.900000000000000355e-01,1.147036113854547068e-01,5.735180569272735596e+09,9.188772299859594375e-10,-1.449552286129707413e-09,-7.247761430648097303e+01,9.343516964287418292e-02,2.126844174258052389e-02,1.703790020077637779e-10
7.950000000000000400e-01,1.146589276689314596e-01,5.732946383446573257e+09,9.185192739532903315e-10,-1.414535879758274051e-09,-7.072679398790933192e+01,9.341780638074229093e-02,2.124112128818916867e-02,1.701601410394833026e-10
8.000000000000000444e-01,1.146153230001581008e-01,5.730766150007905006e+09,9.181699620460803303e-10,-1.380387651514453656e-09,-6.901938257571600843e+01,9.340097957504987780e-02,2.121434342510822302e-02,1.699456267067996096e-10
8.050000000000000488e-01,1.145727706483994635e-01,5.728638532419973373e+09,9.178290801275332179e-10,-1.347084045471275393e-09,-6.735420227357826661e+01,9.338467589202803509e-02,2.118809475637142836e-02,1.697353516881811161e-10
8.100000000000000533e-01,1.145312446272193641e-01,5.726562231360968590e+09,9.174964200233445486e-10,-1.314603306072838912e-09,-6.573016530365566723e+01,9.336888234687622246e-02,2.116236228034314160e-02,1.695292118290436803e-10
8.150000000000000577e-01,1.144907195637577674e-01,5.724535978187888145e+09,9.171717784744967811e-10,-1.282926754634988723e-09,-6.414633773175592069e+01,9.335358622056134925e-02,2.113713334319641812e-02,1.693271057610580184e-10
8.200000000000000622e-01,1.144511706374101434e-01,5.722558531870507240e+09,9.168549566460270088e-10,-1.252035398413657767e-09,-6.260176992067135870e+01,9.331791944951403628e-02,2.113325118789610713e-02,1.692960062684994222e-10
8.250000000000000666e-01,1.144125736607503191e-01,5.720628683037515640e+09,9.165457607752899564e-10,-1.221908328522092299e-09,-6.109541642612020951e+01,9.327250524816123323e-02,2.114006841258908587e-02,1.693506182590585149e-10
8.300000000000000711e-01,1.143749051182038345e-01,5.718745255910191536e+09,9.162440024817658642e-10,-1.192525535006947366e-09,-5.962627675037947483e+01,9.322832147120124757e-02,2.114658364700258697e-02,1.694028110407702382e-10
8.349999999999999645e-01,1.143381420712675928e-01,5.716907103563379288e+09,9.159494980077863371e-10,-1.163869731650540344e-09,-5.819348658250237349e+01,9.318533762595093695e-02,2.115280444531665582e-02,1.694526451292883706e-10
8.399999999999999689e-01,1.143022620832879754e-01,5.715113104164399147e+09,9.156620676159408165e-10,-1.135924051372925420e-09,-5.679620256864291150e+01,9.314352392548984338e-02,2.115873815779813205e-02,1.695001794067418609e-10
8.449999999999999734e-01,1.142672432685221673e-01,5.713362163426108360e+09,9.153815359820999712e-10,-1.108670022848483029e-09,-5.543350114244094584e+01,9.310285136994396471e-02,2.116439189857820258e-02,1.695454708636044584e-10
8.499999999999999778e-01,1.142330643432060699e-01,5.711653217160303116e+09,9.151077326045164807e-10,-1.082089313243174550e-09,-5.410446566215250641e+01,9.306329172781910297e-02,2.116977261538696697e-02,1.695885751573303380e-10
8.549999999999999822e-01,1.141997045658423166e-01,5.709985228292116165e+09,9.148404913254783781e-10,-1.056165826685729565e-09,-5.280829133428051136e+01,9.302481744267744601e-02,2.117488712316487054e-02,1.696295468816111612e-10
8.599999999999999867e-01,1.141671436572921361e-01,5.708357182864606857e+09,9.145796496911737226e-10,-1.030884471713370138e-09,-5.154422358570445795e+01,9.298740158905231812e-02,2.117974206823981798e-02,1.696684392794033396e-10
8.649999999999999911e-01,1.141353618179930945e-01,5.706768090899654388e+09,9.143250490896214159e-10,-1.006229030219289478e-09,-5.031145151094824541e+01,9.295101792460064294e-02,2.118434389339245161e-02,1.697053039630698541e-10
8.699999999999999956e-01,1.141043397810611454e-01,5.705216989053057671e+09,9.140765351760642384e-10,-9.821828683921802767e-10,-4.910914341961324681e+01,9.291564090896042849e-02,2.118869887210071690e-02,1.697401911887096121e-10
8.750000000000000000e-01,1.140740587851345883e-01,5.703702939256729126e+09,9.138339576554252075e-10,-9.587309596185305573e-10,-4.793654798092029523e+01,9.288124562941761642e-02,2.119281315571697188e-02,1.697731502340876622e-10
8.800000000000000044e-01,1.140445005012169083e-01,5.702225025060845375e+09,9.135971696962550773e-10,-9.358596082188045165e-10,-4.679298041094443761e+01,9.284780774683097648e-02,2.119669275438593181e-02,1.698042292457711826e-10
8.850000000000000089e-01,1.140156470227634000e-01,5.700782351138170242e+09,9.133660278513158648e-10,-9.135545807294952826e-10,-4.567772903646982741e+01,9.281530352269758144e-02,2.120034350006581858e-02,1.698334749428961480e-10
8.900000000000000133e-01,1.139874809091605268e-01,5.699374045458025932e+09,9.131403924058902693e-10,-8.918009812268631008e-10,-4.459004906134214252e+01,9.278370984436057345e-02,2.120377106479995333e-02,1.698609327635389038e-10
8.950000000000000178e-01,1.139599851835940009e-01,5.697999259179699898e+09,9.129201273607024606e-10,-8.705848610247484055e-10,-4.352924305121996440e+01,9.275300418224360910e-02,2.120698100135039177e-02,1.698866471902275825e-10
9.000000000000000222e-01,1.139331432760587876e-01,5.696657163802939415e+09,9.127050999753779704e-10,-8.498936141974535737e-10,-4.249468070986040402e+01,9.272316453604377562e-02,2.120997874001501193e-02,1.699106617244440550e-10
9.050000000000000266e-01,1.139069389965405993e-01,5.695346949827030182e+09,9.124951805536037942e-10,-8.297146396018407609e-10,-4.148573198010853957e+01,9.269416943682484700e-02,2.121276955971575229e-02,1.699330186550152195e-10
9.100000000000000311e-01,1.138813565615359041e-01,5.694067828076795578e+09,9.122902426555770136e-10,-8.100347331138280706e-10,-4.050173665570036974e+01,9.266599796922567189e-02,2.121535859231023224e-02,1.699537590926529371e-10
9.150000000000000355e-01,1.138563806051670069e-01,5.692819030258350372e+09,9.120901631870467569e-10,-7.908411069692258621e-10,-3.954205534847278614e+01,9.263862975531202137e-02,2.121775084985498550e-02,1.699729231883564923e-10
9.200000000000000400e-01,1.138319961420798526e-01,5.691599807103992462e+09,9.118948221020922815e-10,-7.721220829111262793e-10,-3.860610414555412717e+01,9.261204490231778053e-02,2.121995123976207209e-02,1.699905502548306106e-10
9.250000000000000444e-01,1.138081885352962008e-01,5.690409426764809608e+09,9.117041021455911474e-10,-7.538663448156761971e-10,-3.769331724078801926e+01,9.258622399711823048e-02,2.122196453817797035e-02,1.700066785532267152e-10
9.300000000000000488e-01,1.137849435057588648e-01,5.689247175287942886e+09,9.115178889296844128e-10,-7.360622122228350638e-10,-3.680311061113025062e+01,9.256114811778237694e-02,2.122379538797648790e-02,1.700213452770644748e-10
9.350000000000000533e-01,1.137622471455266293e-01,5.688112357276331902e+09,9.113360710394798738e-10,-7.186981168582645430e-10,-3.593490584292158019e+01,9.253679882670136359e-02,2.122544831882526573e-02,1.700345867129821034e-10
9.400000000000000577e-01,1.137400858975771700e-01,5.687004294878858566e+09,9.111585398712552260e-10,-7.017632759415123525e-10,-3.508816379708878230e+01,9.251315812868210475e-02,2.122692776889506527e-02,1.700464384146471287e-10
9.450000000000000622e-01,1.137184465269775041e-01,5.685922326348875046e+09,9.109851894015089274e-10,-6.852474042943365687e-10,-3.426237021471024491e+01,9.249020847356023700e-02,2.122823805341726711e-02,1.700569349508739503e-10
9.500000000000000666e-01,1.136973161186556475e-01,5.684865805932782173e+09,9.108159161691081933e-10,-6.691401049407341424e-10,-3.345700524702260736e+01,9.246793274396672424e-02,2.122938337468892323e-02,1.700661099857732987e-10
9.550000000000000711e-01,1.136766820866067784e-01,5.683834104330338478e+09,9.106506193490385587e-10,-6.534309963478067185e-10,-3.267154981740168296e+01,9.244631426231718352e-02,2.123036782428959490e-02,1.700739962965110269e-10
9.599999999999999645e-01,1.136565321637232617e-01,5.682826608186162949e+09,9.104892006709342387e-10,-6.381102135363814627e-10,-3.190551067680644337e+01,9.242533675811963334e-02,2.123119540560362839e-02,1.700806259537314280e-10
9.649999999999999689e-01,1.136368543797238451e-01,5.681842718986192703e+09,9.103315642422705482e-10,-6.231683661960788525e-10,-3.115841830978752114e+01,9.240498435171415337e-02,2.123187002800969170e-02,1.700860302750102567e-10
9.699999999999999734e-01,1.136176370535979668e-01,5.680881852679898262e+09,9.101776164878363043e-10,-6.085961142303265446e-10,-3.042980571152293123e+01,9.238524155806879246e-02,2.123239549552917438e-02,1.700902397339184734e-10
9.749999999999999778e-01,1.135988687980273443e-01,5.679943439901367188e+09,9.100272661851553544e-10,-5.943841451670494626e-10,-2.971920725835661869e+01,9.236609329035271043e-02,2.123277550767463384e-02,1.700932839668189292e-10
9.799999999999999822e-01,1.135805385132401951e-01,5.679026925662010193e+09,9.098804244152526828e-10,-5.805235096616439411e-10,-2.902617548308626283e+01,9.234752483103060572e-02,2.123301368220958940e-02,1.700951919551925078e-10
9.849999999999999867e-01,1.135626353704924374e-01,5.678131768524621964e+09,9.097370044303245382e-10,-5.670056562736094409e-10,-2.835028281366976444e+01,9.232945083504498496e-02,2.123318453544745243e-02,1.700965606405202415e-10
9.899999999999999911e-01,1.135451488037511891e-01,5.677257440187559128e+09,9.095969215871159625e-10,-5.538221426844294683e-10,-2.769110713421832770e+01,9.231123347466468898e-02,2.123391532908650015e-02,1.701024149429840342e-10
9.949999999999999956e-01,1.135280685112004251e-01,5.676403425560021400e+09,9.094600933589824285e-10,-5.409645803225808898e-10,-2.704822901613079011e+01,9.229355372046174621e-02,2.123451479073867887e-02,1.701072171602445404e-10
1.000000000000000000e+00,1.135113844503807257e-01,5.675569222519036293e+09,9.093264392969545521e-10,-5.284248759678236755e-10,-2.642124379839515314e+01,9.227639826916754495e-02,2.123498618121318071e-02,1.701109934142632363e-10
1.005000000000000115e+00,1.134950868246151906e-01,5.674754341230759621e+09,9.091958809209984794e-10,-5.161952790385092451e-10,-2.580976395192556083e+01,9.225975413856753182e-02,2.123533268604765878e-02,1.701137692240100668e-10
1.010000000000000009e+00,1.134791660751976045e-01,5.673958303759880066e+09,9.090683416574353314e-10,-5.042681551193225694e-10,-2.521340775596036110e+01,9.224360866440670104e-02,2.123555741079090342e-02,1.701155694676736213e-10
1.015000000000000124e+00,1.134636128819537931e-01,5.673180644097689629e+09,9.089437468434387909e-10,-4.926359207683325941e-10,-2.463179603840399068e+01,9.222794950388876756e-02,2.123566337806502557e-02,1.701164183591264502e-10
1.020000000000000018e+00,1.134484181594987984e-01,5.672420907974940300e+09,9.088220236970512536e-10,-4.812912426554969298e-10,-2.406456213277124334e+01,9.221276462221256187e-02,2.123565353728623650e-02,1.701163395257972687e-10
1.024999999999999911e+00,1.134335730453688573e-01,5.671678652268443108e+09,9.087031012221109969e-10,-4.702271089664805150e-10,-2.351135544833960012e+01,9.219804227687139475e-02,2.123553076849746257e-02,1.701153560393734716e-10
1.030000000000000027e+00,1.134190688918220863e-01,5.670953444591104507e+09,9.085869101425680423e-10,-4.594366369779458230e-10,-2.297183184890309349e+01,9.218377101179618671e-02,2.123529788002589958e-02,1.701134903970361535e-10
1.034999999999999920e+00,1.134048972659804783e-01,5.670244863299023628e+09,9.084733829036219421e-10,-4.489129731553106897e-10,-2.244564865776919760e+01,9.216993965901848496e-02,2.123495760696199330e-02,1.701107645092752988e-10
1.040000000000000036e+00,1.133910499478661821e-01,5.669552497393308640e+09,9.083624536559904589e-10,-4.386494529827832627e-10,-2.193247264913225081e+01,9.215653728969405711e-02,2.123451265817212497e-02,1.701072000765030466e-10
1.044999999999999929e+00,1.133775189205674799e-01,5.668875946028373718e+09,9.082540581771305381e-10,-4.286397169242900623e-10,-2.143198584622587077e+01,9.214355323857720270e-02,2.123396568199027723e-02,1.701028183142134713e-10
1.050000000000000044e+00,1.133642963610376059e-01,5.668214818051879883e+09,9.081481337975282436e-10,-4.188775724354561273e-10,-2.094387862177973147e+01,9.213097723384339188e-02,2.123331912719421399e-02,1.700976388392791947e-10
1.054999999999999938e+00,1.133513746388730425e-01,5.667568731943652153e+09,9.080446193909127976e-10,-4.093568479315250181e-10,-2.046784239656699356e+01,9.211879917043086508e-02,2.123257546844217747e-02,1.700916814758982920e-10
1.060000000000000053e+00,1.133387463162270348e-01,5.666937315811351776e+09,9.079434553735625762e-10,-4.000714860600858693e-10,-2.000357430300209671e+01,9.210700919778180840e-02,2.123173711844522638e-02,1.700849655520171585e-10
1.064999999999999947e+00,1.133264041407662653e-01,5.666320207038312912e+09,9.078445836478827059e-10,-3.910156952924423776e-10,-1.955078476463677362e+01,9.209559770820634206e-02,2.123080643255992328e-02,1.700775099361220301e-10
1.070000000000000062e+00,1.133143410361227843e-01,5.665717051806138992e+09,9.077479475259162929e-10,-3.821838924009700794e-10,-1.910919462004676461e+01,9.208455532553004586e-02,2.122978571059273845e-02,1.700693330516938607e-10
1.074999999999999956e+00,1.133025500984409378e-01,5.665127504922046661e+09,9.076534917016822630e-10,-3.735705388758784115e-10,-1.867852694376779255e+01,9.207361922147257183e-02,2.122893087696836600e-02,1.700624850793992174e-10
1.080000000000000071e+00,1.132910245970393526e-01,5.664551229851967812e+09,9.075611622564785192e-10,-3.651701497718345713e-10,-1.825850748858647421e+01,9.206068364550762384e-02,2.123034095153172873e-02,1.700737810219873061e-10
1.084999999999999964e+00,1.132797579704057089e-01,5.663987898520285606e+09,9.074709066267964334e-10,-3.569774418652491775e-10,-1.784887209325097501e+01,9.204815486940980118e-02,2.123160310099590775e-02,1.700838919538879057e-10
1.090000000000000080e+00,1.132687438176115668e-01,5.663437190880578041e+09,9.073826735355459484e-10,-3.489873548980743458e-10,-1.744936774490633979e+01,9.203602282239663201e-02,2.123272099521493483e-02,1.700928472738729606e-10
1.094999999999999973e+00,1.132579758929810054e-01,5.662898794649050713e+09,9.072964129493473119e-10,-3.411949171515573774e-10,-1.705974585757940076e+01,9.202427768117625584e-02,2.123369821180474959e-02,1.701006756418057615e-10
1.100000000000000089e+00,1.132474481058959592e-01,5.662372405294797897e+09,9.072120760769702904e-10,-3.335951882082011062e-10,-1.667975941042823251e+01,9.201290986721093190e-02,2.123453823868502732e-02,1.701074049990033144e-10
1.104999999999999982e+00,1.132371545190370143e-01,5.661857725951850891e+09,9.071296153552430442e-10,-3.261833601842713151e-10,-1.630916800920385867e+01,9.200191004097199587e-02,2.123524447806501847e-02,1.701130626001664685e-10
1.110000000000000098e+00,1.132270893418706875e-01,5.661354467093534470e+09,9.070489843968782267e-10,-3.189548255705713063e-10,-1.594774127851997036e+01,9.199126909166344124e-02,2.123582025020724628e-02,1.701176750435303912e-10
1.114999999999999991e+00,1.132172469246556096e-01,5.660862346232780457e+09,9.069701379424578388e-10,-3.119051022676967282e-10,-1.559525511339597870e+01,9.198097813341431228e-02,2.123626879124129729e-02,1.701212682533511380e-10
1.120000000000000107e+00,1.132076217566089366e-01,5.660381087830447197e+09,9.068930318457443618e-10,-3.050297540665824873e-10,-1.525148770332452841e+01,9.197102849943331049e-02,2.123659325717562607e-02,1.701238675120436879e-10
1.125000000000000000e+00,1.131982084648757297e-01,5.659910423243786812e+09,9.068176230654244615e-10,-2.983244280545364901e-10,-1.491622140274557751e+01,9.196141173951184744e-02,2.123679672536388230e-02,1.701254974719286309e-10
1.130000000000000115e+00,1.131890018103605677e-01,5.659450090518028259e+09,9.067438696317169472e-10,-2.917849249263858037e-10,-1.458924624630890321e+01,9.195211961140128953e-02,2.123688219895927820e-02,1.701261821909154740e-10
1.135000000000000009e+00,1.131799966823085341e-01,5.658999834115427017e+09,9.066717306029612992e-10,-2.854071823936423175e-10,-1.427035911967686843e+01,9.194314407577729165e-02,2.123685260653124240e-02,1.701259451294317584e-10
1.140000000000000124e+00,1.131711880951723065e-01,5.658559404758615494e+09,9.066011660405201823e-10,-2.791872121228998206e-10,-1.395936060615349561e+01,9.193447729144536840e-02,2.123671080372693809e-02,1.701248091637333003e-10
1.145000000000000018e+00,1.131625711871291490e-01,5.658128559356457710e+09,9.065321369968997873e-10,-2.731210907312384974e-10,-1.365605453655007295e+01,9.192611161330797864e-02,2.123645957382117033e-02,1.701227965903093676e-10
1.150000000000000133e+00,1.131541412175100653e-01,5.657707060875503540e+09,9.064646054951546887e-10,-2.672050024131579986e-10,-1.336025012064783368e+01,9.191803958398364616e-02,2.123610163352641911e-02,1.701199291724262712e-10
1.155000000000000027e+00,1.131458935626561135e-01,5.657294678132805824e+09,9.063985344956931901e-10,-2.614352547525649836e-10,-1.307176273764343932e+01,9.191025393046439729e-02,2.123563963219171624e-02,1.701162281337095811e-10
1.159999999999999920e+00,1.131378237123608355e-01,5.656891185618041992e+09,9.063338878677782632e-10,-2.558082467792548555e-10,-1.279041233895986807e+01,9.190274755881128188e-02,2.123507615354955358e-02,1.701117141721384458e-10
1.165000000000000036e+00,1.131299272677201845e-01,5.656496363386009216e+09,9.062706303723036834e-10,-2.503204456164251639e-10,-1.251602228080446366e+01,9.189551355138557420e-02,2.123441371633461028e-02,1.701064074650020579e-10
1.169999999999999929e+00,1.131221999390324556e-01,5.656109996951622963e+09,9.062087276449701068e-10,-2.449683997680814480e-10,-1.224841998839110602e+01,9.188854516133580785e-02,2.123365477769664778e-02,1.701003276962401454e-10
1.175000000000000044e+00,1.131146375428191131e-01,5.655731877140955925e+09,9.061481461724197717e-10,-2.397487558775840985e-10,-1.198743779389769770e+01,9.188183580846913390e-02,2.123280173434997919e-02,1.700934940656510682e-10
1.179999999999999938e+00,1.131072359986784320e-01,5.655361799933921814e+09,9.060888532670311684e-10,-2.346582499180821892e-10,-1.173291249593603425e+01,9.187537907466739040e-02,2.123185692401104163e-02,1.700859253004080078e-10
1.185000000000000053e+00,1.130999913268564833e-01,5.654999566342823982e+09,9.060308170474604420e-10,-2.296936927406490896e-10,-1.148468463703466114e+01,9.186916870138719937e-02,2.123082262546928389e-02,1.700776396556270852e-10
1.189999999999999947e+00,1.130928996460025676e-01,5.654644982300127983e+09,9.059740064206607611e-10,-2.248519708533410177e-10,-1.124259854265255854e+01,9.186319852716025303e-02,2.122970111884231459e-02,1.700686553970640579e-10
1.195000000000000062e+00,1.130859571706915728e-01,5.654297858534578323e+09,9.059183910620338087e-10,-2.201300487823013810e-10,-1.100650243909331039e+01,9.185746248334616948e-02,2.122849468734540335e-02,1.700589908152896882e-10
1.199999999999999956e+00,1.130791602090322201e-01,5.653958010451610565e+09,9.058639413962697973e-10,-2.155249646934474718e-10,-1.077624823467340320e+01,9.185195494646390679e-02,2.122720526256831330e-02,1.700486613840439248e-10
1.205000000000000071e+00,1.130725051604624942e-01,5.653625258023124695e+09,9.058106285796870601e-10,-2.110338302260284931e-10,-1.055169151129666716e+01,9.184667025332014789e-02,2.122583490714234633e-02,1.700376836268251140e-10
1.209999999999999964e+00,1.130659885133684650e-01,5.653299425668423653e+09,9.057584244811567484e-10,-2.066538347633656785e-10,-1.033269173814915121e+01,9.184160288071242795e-02,2.122438563265603706e-02,1.700260736582340466e-10
1.215000000000000080e+00,1.130596068426130280e-01,5.652980342130651474e+09,9.057073016623055047e-10,-2.023822379829857634e-10,-1.011911189915554132e+01,9.183674744160366665e-02,2.122285940100936130e-02,1.700138471948221731e-10
1.219999999999999973e+00,1.130533568076196593e-01,5.652667840380983353e+09,9.056572333621652654e-10,-1.982163575809959964e-10,-9.910817879048408940e+00,9.183209868152870936e-02,2.122125812609094997e-02,1.700010195685277309e-10
1.225000000000000089e+00,1.130472351506675577e-01,5.652361757533377647e+09,9.056081934835150613e-10,-1.941535739640113924e-10,-9.707678698207018897e+00,9.182765147653555726e-02,2.121958367413200042e-02,1.699876057295108025e-10
1.229999999999999982e+00,1.130412386946822861e-01,5.652061934734114647e+09,9.055601565751830744e-10,-1.901913426819043328e-10,-9.509567134096869268e+00,9.182340082962688055e-02,2.121783786505540559e-02,1.699736202569610769e-10
1.235000000000000098e+00,1.130353643407552150e-01,5.651768217037760735e+09,9.055130978121740380e-10,-1.863271896340216001e-10,-9.316359481701510958e+00,9.181934186680448806e-02,2.121602247395072693e-02,1.699590773709136326e-10
1.239999999999999991e+00,1.130296090662330916e-01,5.651480453311655045e+09,9.054669929803660843e-10,-1.825586928992688684e-10,-9.127934644973720424e+00,9.181546983404957618e-02,2.121413923218351538e-02,1.699439909411356499e-10
1.245000000000000107e+00,1.130239699233716866e-01,5.651198496168583870e+09,9.054218184657243101e-10,-1.788834798157528592e-10,-8.944173990792478435e+00,9.181178009544459229e-02,2.121218982792709429e-02,1.699283744913863391e-10
1.250000000000000000e+00,1.130184440376076904e-01,5.650922201880384445e+09,9.053775512404582186e-10,-1.752992416300044062e-10,-8.764962081491830759e+00,9.180826812958639560e-02,2.121017590802129482e-02,1.699122412143072512e-10
1.255000000000000115e+00,1.130130286052978966e-01,5.650651430264894485e+09,9.053341688449093600e-10,-1.718037390797726106e-10,-8.590186953981174156e+00,9.180492952686528096e-02,2.120809907843261566e-02,1.698956039751083242e-10
1.260000000000000009e+00,1.130077208916427656e-01,5.650386044582138062e+09,9.052916493709182794e-10,-1.683947880340635279e-10,-8.419739401695551351e+00,9.180175998617881583e-02,2.120596090546394974e-02,1.698784753212591050e-10
1.265000000000000124e+00,1.130025182293218217e-01,5.650125911466091156e+09,9.052499714508922918e-10,-1.650702455206964285e-10,-8.253512276030960493e+00,9.179875531269859890e-02,2.120376291662322277e-02,1.698608674894470708e-10
1.270000000000000018e+00,1.129974180172893528e-01,5.649870900864467621e+09,9.052091142481579709e-10,-1.618280169051197835e-10,-8.091400845267344266e+00,9.179591141571863400e-02,2.120150660157071876e-02,1.698427924131667521e-10
1.275000000000000133e+00,1.129924177189616658e-01,5.649620885948082924e+09,9.051690574424396831e-10,-1.586660703651455426e-10,-7.933303518220782280e+00,9.179322430562325552e-02,2.119919341333841023e-02,1.698242617324875212e-10
1.280000000000000027e+00,1.129875148601094392e-01,5.649375743005472183e+09,9.051297812129755908e-10,-1.555824330886182335e-10,-7.779121654428308830e+00,9.179069009051235573e-02,2.119682476959708350e-02,1.698052868042043905e-10
1.284999999999999920e+00,1.129827070272821782e-01,5.649135351364109039e+09,9.050912662258954964e-10,-1.525751730454776955e-10,-7.628758652310352772e+00,9.178830497563970903e-02,2.119440205164246915e-02,1.697858786937161076e-10
1.290000000000000036e+00,1.129779918668384064e-01,5.648899593341919899e+09,9.050534936264525823e-10,-1.496423945078018212e-10,-7.482119725376833230e+00,9.178606525925313286e-02,2.119192660758527358e-02,1.697660482005800464e-10
1.294999999999999929e+00,1.129733670836497311e-01,5.648668354182486534e+09,9.050164450286415707e-10,-1.467822528656833534e-10,-7.339112643297994509e+00,9.178396733171391431e-02,2.118939975193581682e-02,1.697458058551847964e-10
1.300000000000000044e+00,1.129688304392060944e-01,5.648441521960304260e+09,9.049801025000196488e-10,-1.439929609219552331e-10,-7.199648046080255881e+00,9.178200767249067304e-02,2.118682276671542131e-02,1.697251619276533915e-10
1.304999999999999938e+00,1.129643797499272073e-01,5.648218987496360779e+09,9.049444485481807221e-10,-1.412727754307194846e-10,-7.063638771505793557e+00,9.178018284736133570e-02,2.118419690256587162e-02,1.697041264367310554e-10
1.310000000000000053e+00,1.129600128861078662e-01,5.648000644305393219e+09,9.049094661123045232e-10,-1.386199855779108914e-10,-6.930999278905801475e+00,9.177848950629670377e-02,2.118152337981116240e-02,1.696827091582907642e-10
1.314999999999999947e+00,1.129557277709483387e-01,5.647786388547416687e+09,9.048751385553915574e-10,-1.360329197010211251e-10,-6.801645985047798604e+00,9.177692438479398418e-02,2.117880338615435454e-02,1.696609196068829050e-10
1.320000000000000062e+00,1.129515223790804740e-01,5.647576118954023361e+09,9.048414496524540656e-10,-1.335099554431179588e-10,-6.675497772157541476e+00,9.177548429655221773e-02,2.117603808252825626e-02,1.696387670826046737e-10
1.324999999999999956e+00,1.129473947349640267e-01,5.647369736748201370e+09,9.048083835776699091e-10,-1.310495157880957990e-10,-6.552475789401796646e+00,9.177416613490955999e-02,2.117322860005446672e-02,1.696162606467389855e-10
1.330000000000000071e+00,1.129433429116605270e-01,5.647167145583025932e+09,9.047759248945600069e-10,-1.286500582434296747e-10,-6.432502912168274634e+00,9.177289508389099848e-02,2.117044782776952849e-02,1.695939842048419521e-10
1.334999999999999964e+00,1.129393650299044816e-01,5.646968251495223999e+09,9.047440585485482596e-10,-1.263100721067999166e-10,-6.315503605350386351e+00,9.177140696757778160e-02,2.116795806232669996e-02,1.695740389847587587e-10
1.340000000000000080e+00,1.129354592570480098e-01,5.646772962852400780e+09,9.047127698585066260e-10,-1.240280850816312332e-10,-6.201404254097724333e+00,9.176984103737294285e-02,2.116561821967506696e-02,1.695552947786403533e-10
1.344999999999999973e+00,1.129316238057192084e-01,5.646581190285960197e+09,9.046820445060072554e-10,-1.218026671471862470e-10,-6.090133357356535271e+00,9.176839810184674040e-02,2.116322570387246804e-02,1.695361286140633480e-10
1.350000000000000089e+00,1.129278569325251058e-01,5.646392846626255035e+09,9.046518685249330990e-10,-1.196324254107227576e-10,-5.981621270519099198e+00,9.176707510362205888e-02,2.116078182890304693e-02,1.695165510172012266e-10
1.354999999999999982e+00,1.129241569370312143e-01,5.646207846851560593e+09,9.046222282933020569e-10,-1.175159968499036911e-10,-5.875799842498963699e+00,9.176586780778341057e-02,2.115828912924780369e-02,1.694965822914851749e-10
1.360000000000000098e+00,1.129205221609177745e-01,5.646026108045888901e+09,9.045931105265081885e-10,-1.154520483644661102e-10,-5.772602418219321407e+00,9.176474625652519812e-02,2.115577590439257638e-02,1.694764491407899962e-10
1.364999999999999991e+00,1.129169509869558941e-01,5.645847549347794533e+09,9.045645022691198032e-10,-1.134392826067725065e-10,-5.671964130349806510e+00,9.176373592197674400e-02,2.115321506497915005e-02,1.694559345554319233e-10
1.370000000000000107e+00,1.129134418377998605e-01,5.645672091889992714e+09,9.045363908852046526e-10,-1.114764385245471613e-10,-5.573821926227537915e+00,9.176283403867042943e-02,2.115060779912943112e-02,1.694350480533166982e-10
1.375000000000000000e+00,1.129099931749294877e-01,5.645499658746474266e+09,9.045087640498574295e-10,-1.095622854443510094e-10,-5.478114272191305645e+00,9.176203790954841344e-02,2.114795526538107429e-02,1.694137989153541058e-10
1.380000000000000115e+00,1.129066034978116750e-01,5.645330174890583992e+09,9.044816097424826483e-10,-1.076956192887324962e-10,-5.384780964435776696e+00,9.176134490435376712e-02,2.114525859345790793e-02,1.693921961916298278e-10
1.385000000000000009e+00,1.129032713430787871e-01,5.645163567153939247e+09,9.044549162402130782e-10,-1.058752648382290637e-10,-5.293763241905253381e+00,9.176075245878841102e-02,2.114251888429037607e-02,1.693702487015689391e-10
1.390000000000000124e+00,1.128999952835492010e-01,5.644999764177459717e+09,9.044286721100635222e-10,-1.041000784605073065e-10,-5.205003923038020730e+00,9.176025807005751267e-02,2.113973721349168833e-02,1.693479650617832543e-10
1.395000000000000018e+00,1.128967739272351417e-01,5.644838696361757278e+09,9.044028662009827484e-10,-1.023689466151380615e-10,-5.118447330751223490e+00,9.175985929860999701e-02,2.113691462862514470e-02,1.693253536641799660e-10
1.400000000000000133e+00,1.128936059164567796e-01,5.644680295822838783e+09,9.043774876367559705e-10,-1.006807825357683536e-10,-5.034039126781863160e+00,9.175955376428507337e-02,2.113405215217170618e-02,1.693024226997345839e-10
1.405000000000000027e+00,1.128904899270569417e-01,5.644524496352847099e+09,9.043525258097149660e-10,-9.903452400221298628e-11,-4.951726200117263943e+00,9.175933914615501397e-02,2.113115078090192778e-02,1.692791801534596079e-10
1.409999999999999920e+00,1.128874246676543069e-01,5.644371233382715225e+09,9.043279703747546655e-10,-9.742913417351144493e-11,-4.871456708671757951e+00,9.175921318020821560e-02,2.112821148744609134e-02,1.692556338169825596e-10
1.415000000000000036e+00,1.128844088788063388e-01,5.644220443940317154e+09,9.043038112426282334e-10,-9.586360375717927515e-11,-4.793180187843972817e+00,9.175917365942508341e-02,2.112523521938125537e-02,1.692317912812325419e-10
1.419999999999999929e+00,1.128814413321267140e-01,5.644072066606335640e+09,9.042800385728762247e-10,-9.433695051221150068e-11,-4.716847525633056648e+00,9.175921843008107148e-02,2.112222290204564257e-02,1.692076599589860034e-10
1.425000000000000044e+00,1.128785208294795367e-01,5.643926041473977089e+09,9.042566427673719912e-10,-9.284821537708326338e-11,-4.642410768850822933e+00,9.175934539194306738e-02,2.111917543753646931e-02,1.691832470768382785e-10
1.429999999999999938e+00,1.128756462023384893e-01,5.643782310116924286e+09,9.042336144651876815e-10,-9.139646011372768038e-11,-4.569823005687794648e+00,9.175955249675639414e-02,2.111609370558209520e-02,1.691585596821905231e-10
1.435000000000000053e+00,1.128728163111278049e-01,5.643640815556389809e+09,9.042109445373150711e-10,-8.998076982428248867e-11,-4.499038491223473102e+00,9.175983774711841956e-02,2.111297856400938533e-02,1.691336046469935346e-10
1.439999999999999947e+00,1.128700300444246268e-01,5.643501502221231461e+09,9.041886240802755923e-10,-8.860025492827670217e-11,-4.430012746408465318e+00,9.176019919485066401e-02,2.110983084957396283e-02,1.691083886743988523e-10
1.445000000000000062e+00,1.128672863181764546e-01,5.643364315908823013e+09,9.041666444098510287e-10,-8.725404871195253714e-11,-4.362702435610117391e+00,9.176063493996843012e-02,2.110665137820802451e-02,1.690829183007439654e-10
1.449999999999999956e+00,1.128645840750564372e-01,5.643229203752821922e+09,9.041449970559195300e-10,-8.594130378216197845e-11,-4.297065189108252525e+00,9.176114312774226456e-02,2.110344094731417264e-02,1.690571999139279490e-10
1.455000000000000071e+00,1.128619222839021830e-01,5.643096114195109367e+09,9.041236737579598857e-10,-8.466119199796886912e-11,-4.233059599893749692e+00,9.176172195234144624e-02,2.110020033156073671e-02,1.690312397197283077e-10
1.459999999999999964e+00,1.128592999390753415e-01,5.642964996953766823e+09,9.041026664599206267e-10,-8.341290676208479088e-11,-4.170645338090253063e+00,9.176236965043954585e-02,2.109693028863579567e-02,1.690050437878957190e-10
1.465000000000000080e+00,1.128567160597573615e-01,5.642835802987868309e+09,9.040819673045789641e-10,-8.219566337895224260e-11,-4.109783168940339237e+00,9.176308450260330096e-02,2.109363155715406057e-02,1.689786180353863323e-10
1.469999999999999973e+00,1.128541696892867430e-01,5.642708484464337349e+09,9.040615686282312200e-10,-8.100869670952216763e-11,-4.050434835487976670e+00,9.176386483303361485e-02,2.109030485625312812e-02,1.689519682231274409e-10
1.475000000000000089e+00,1.128516598946011223e-01,5.642582994730055809e+09,9.040414629562239846e-10,-7.985125850500599399e-11,-3.992562925253878348e+00,9.176470900541586206e-02,2.108695088918526028e-02,1.689250999847907274e-10
1.479999999999999982e+00,1.128491857657410724e-01,5.642459288287054062e+09,9.040216429989786856e-10,-7.872261780265177907e-11,-3.936130890127969906e+00,9.176561542099621882e-02,2.108357034474485359e-02,1.688980188382276478e-10
1.485000000000000098e+00,1.128467464152673183e-01,5.642337320763365746e+09,9.040021016473226711e-10,-7.762206328240162708e-11,-3.881103164123487659e+00,9.176658253051446501e-02,2.108016388475285330e-02,1.688707300852084457e-10
1.489999999999999991e+00,1.128443409776175299e-01,5.642217048880876541e+09,9.039828319673375286e-10,-7.654890308647367128e-11,-3.827445154311135411e+00,9.176760881407890202e-02,2.107673216353862788e-02,1.688432389674892663e-10
1.495000000000000107e+00,1.128419686085347790e-01,5.642098430426738739e+09,9.039638271957795029e-10,-7.550246156972017185e-11,-3.775123078492470086e+00,9.176869279097819854e-02,2.107327581755658041e-02,1.688155505836320104e-10
1.500000000000000000e+00,1.128396284846272107e-01,5.641981424231360435e+09,9.039450807365526048e-10,-7.448207750052953594e-11,-3.724103875021683052e+00,9.176983302087257655e-02,2.106979546375463419e-02,1.687876698759343387e-10
1.505000000000000115e+00,1.128373198029087310e-01,5.641865990145436287e+09,9.039265861570292084e-10,-7.348710619852571828e-11,-3.674355309922248125e+00,9.177102809366637082e-02,2.106629170924236016e-02,1.687596017078801427e-10
1.510000000000000009e+00,1.128350417802252703e-01,5.641752089011263847e+09,9.039083371834534082e-10,-7.251692096245401201e-11,-3.625846048133098520e+00,9.177227663188933238e-02,2.106276514833593794e-02,1.687313508404669030e-10
1.515000000000000124e+00,1.128327936527063202e-01,5.641639682635315895e+09,9.038903276965477597e-10,-7.157091104534878828e-11,-3.578545552256400697e+00,9.177357730599913777e-02,2.105921634670718245e-02,1.687029218052254256e-10
1.520000000000000018e+00,1.128305746753177213e-01,5.641528733765886307e+09,9.038725517279309670e-10,-7.064847925700673905e-11,-3.532423962853499688e+00,9.177492880463558600e-02,2.105564587068213533e-02,1.686743191389275070e-10
1.525000000000000133e+00,1.128283841214625244e-01,5.641419206073125839e+09,9.038550034569192787e-10,-6.974904214228731250e-11,-3.487452107132412493e+00,9.177632985561449963e-02,2.105205426584802475e-02,1.686455472122086386e-10
1.530000000000000027e+00,1.128262212825230509e-01,5.641311064126152992e+09,9.038376772068596993e-10,-6.887203150259564447e-11,-3.443601575141656213e+00,9.177777921791298310e-02,2.104844206461006784e-02,1.686166102901048323e-10
1.535000000000000142e+00,1.128240854673665111e-01,5.641204273368325233e+09,9.038205674411678981e-10,-6.801689437047157014e-11,-3.400844718518783338e+00,9.177927567719557089e-02,2.104480979017094022e-02,1.685875125639316181e-10
1.540000000000000036e+00,1.128219760018887574e-01,5.641098800094437599e+09,9.038036687596744486e-10,-6.718309141017966130e-11,-3.359154570498503745e+00,9.178081805364535217e-02,2.104115794824340524e-02,1.685582580848948129e-10
1.544999999999999929e+00,1.128198922286196559e-01,5.640994611430982590e+09,9.037869758954629307e-10,-6.637009540088497609e-11,-3.318504770053550601e+00,9.178240519446885515e-02,2.103748703415080079e-02,1.685288508209718534e-10
1.550000000000000044e+00,1.128178335063615562e-01,5.640891675318078041e+09,9.037704837119738680e-10,-6.557739151913854689e-11,-3.278869575980934314e+00,9.178403597384549029e-02,2.103379753251606588e-02,1.684992946544204836e-10
1.554999999999999938e+00,1.128157992097771900e-01,5.640789960488859177e+09,9.037541871997032432e-10,-6.480447860857976828e-11,-3.240223930421052501e+00,9.178570929903234754e-02,2.103008991074484246e-02,1.684695933295726459e-10
1.560000000000000053e+00,1.128137887289485525e-01,5.640689436447427750e+09,9.037380814726696095e-10,-6.405086892646178756e-11,-3.202543446328490973e+00,9.178742410138769625e-02,2.102636462756085622e-02,1.684397505212105751e-10
1.564999999999999947e+00,1.128118014689808712e-01,5.640590073449043274e+09,9.037221617652399924e-10,-6.331608624989759290e-11,-3.165804312491673045e+00,9.178917933637700810e-02,2.102262213260386314e-02,1.684097698313457826e-10
1.570000000000000062e+00,1.128098368496796705e-01,5.640491842483983994e+09,9.037064234295447426e-10,-6.259966487149069619e-11,-3.129983243590686470e+00,9.179097398560479015e-02,2.101886286407488036e-02,1.683796547703554613e-10
1.574999999999999956e+00,1.128078943052173294e-01,5.640394715260866165e+09,9.036908619328041925e-10,-6.190115073817093058e-11,-3.095057536906097084e+00,9.179280705895968839e-02,2.101508724625764102e-02,1.683494087371269712e-10
1.580000000000000071e+00,1.128059732837391610e-01,5.640298664186958313e+09,9.036754728541756497e-10,-6.122010209176311684e-11,-3.061005104580544867e+00,9.179467758776986563e-02,2.101129569596929536e-02,1.683190350707338544e-10
1.584999999999999964e+00,1.128040732469898777e-01,5.640203662349493980e+09,9.036602518817583837e-10,-6.055608832316324399e-11,-3.027804416153230704e+00,9.179658463183885952e-02,2.100748861515101817e-02,1.682885369910798879e-10
1.590000000000000080e+00,1.128021936699913352e-01,5.640109683499567032e+09,9.036451948100140623e-10,-5.990868871449454261e-11,-2.995434435739298351e+00,9.179852726800159790e-02,2.100366640198973733e-02,1.682579176879940347e-10
1.594999999999999973e+00,1.128003340407473520e-01,5.640016702037367821e+09,9.036302975374010157e-10,-5.927749241115539758e-11,-2.963874620560090989e+00,9.180050460018110425e-02,2.099982944056624778e-02,1.682271802383026671e-10
1.600000000000000089e+00,1.127984938599233683e-01,5.639924692996168137e+09,9.036155560638083217e-10,-5.866209903125955364e-11,-2.933104951589484699e+00,9.180251575226303085e-02,2.099597810766033745e-02,1.681963276603446201e-10
1.604999999999999982e+00,1.127966726405130460e-01,5.639833632025651932e+09,9.036009664878852535e-10,-5.806211868363556549e-11,-2.903105934150516987e+00,9.180455987065906653e-02,2.099211276985397945e-02,1.681653628907653374e-10
1.610000000000000098e+00,1.127948699075169148e-01,5.639743495375845909e+09,9.035865250044666801e-10,-5.747717126521296809e-11,-2.873858563267276622e+00,9.180663612339774737e-02,2.098823378411916740e-02,1.681342887892256488e-10
1.614999999999999991e+00,1.127930851976527843e-01,5.639654259882638931e+09,9.035722279022527207e-10,-5.690688546554680536e-11,-2.845344273286173120e+00,9.180874369971034343e-02,2.098434149794244086e-02,1.681031081393996861e-10
1.620000000000000107e+00,1.127913180590965764e-01,5.639565902954829216e+09,9.035580715617338661e-10,-5.635089863383345747e-11,-2.817544931691372767e+00,9.181088180724933379e-02,2.098043625184724259e-02,1.680718236691809406e-10
1.625000000000000000e+00,1.127895680512010085e-01,5.639478402560050011e+09,9.035440524529357742e-10,-5.580885751815864557e-11,-2.790442875906592235e+00,9.181304966643091814e-02,2.097651838477009034e-02,1.680404380937503012e-10
1.630000000000000115e+00,1.127878347441902268e-01,5.639391737209511757e+09,9.035301671329747438e-10,-5.528041827926171716e-11,-2.764020913964486681e+00,9.181524653395441160e-02,2.097258821023581521e-02,1.680089539247184997e-10
1.635000000000000009e+00,1.127861177188777125e-01,5.639305885943885803e+09,9.035164122437962037e-10,-5.476524538769874881e-11,-2.738262269369442947e+00,9.181747167096093731e-02,2.096864604791677522e-02,1.679773737229434995e-10
1.640000000000000124e+00,1.127844165664297071e-01,5.639220828321485519e+09,9.035027845102808820e-10,-5.426301085240728937e-11,-2.713150542636867613e+00,9.181972436437262075e-02,2.096469220205708639e-02,1.679456999256893491e-10
1.645000000000000018e+00,1.127827308881312746e-01,5.639136544406563759e+09,9.034892807383698983e-10,-5.377339472892612841e-11,-2.688669736424344592e+00,9.182200391367678627e-02,2.096072697445448829e-02,1.679139349506224825e-10
1.650000000000000133e+00,1.127810602951180574e-01,5.639053014755903244e+09,9.034758978129164719e-10,-5.329608559691012017e-11,-2.664804279847885482e+00,9.182430962259875706e-02,2.095675067251930035e-02,1.678820812603710199e-10
1.655000000000000027e+00,1.127794044081124047e-01,5.638970220405620575e+09,9.034626326955714416e-10,-5.283077997165404349e-11,-2.641538998592295684e+00,9.182664084873781718e-02,2.095276355937458757e-02,1.678501409627831713e-10
1.660000000000000142e+00,1.127777628571920154e-01,5.638888142859601021e+09,9.034494824229305878e-10,-5.237718149432910421e-11,-2.618859074704232626e+00,9.182899693563742471e-02,2.094876592155459072e-02,1.678181163532511964e-10
1.665000000000000036e+00,1.127761352815764978e-01,5.638806764078824997e+09,9.034364441048243333e-10,-5.193500073271843437e-11,-2.596750036638695747e+00,9.183137724706225136e-02,2.094475803451424645e-02,1.677860096384124518e-10
1.669999999999999929e+00,1.127745213294084475e-01,5.638726066470422745e+09,9.034235149225641202e-10,-5.150395550097202973e-11,-2.575197775033302605e+00,9.183378117652311878e-02,2.094074015288532875e-02,1.677538228580923118e-10
1.675000000000000044e+00,1.127729206575202037e-01,5.638646032876009941e+09,9.034106921270738092e-10,-5.108377098306180191e-11,-2.554188549125683494e+00,9.183620811546863716e-02,2.093671254205156651e-02,1.677215581382487877e-10
1.679999999999999938e+00,1.127713329312069745e-01,5.638566646560348511e+09,9.033979730370726737e-10,-5.067417934314642259e-11,-2.533708967166603543e+00,9.183865745324833185e-02,2.093267547795864270e-02,1.676892176894505930e-10
1.685000000000000053e+00,1.127697578240180742e-01,5.638487891200903893e+09,9.033853550374022203e-10,-5.027491900347573603e-11,-2.513745950171141885e+00,9.184112865946238158e-02,2.092862916455569267e-02,1.676568031455103388e-10
1.689999999999999947e+00,1.127681950175751929e-01,5.638409750878759384e+09,9.033728355775708680e-10,-4.988573443771471987e-11,-2.494286721892422065e+00,9.184362115848856978e-02,2.092457385908662315e-02,1.676243165671789750e-10
1.695000000000000062e+00,1.127666442013763037e-01,5.638332210068815231e+09,9.033604121701834423e-10,-4.950637668848061599e-11,-2.475318834403879009e+00,9.184613439907689247e-02,2.092050980229941126e-02,1.675917598830603600e-10
1.699999999999999956e+00,1.127651050725817505e-01,5.638255253629087448e+09,9.033480823892267402e-10,-4.913660342748226969e-11,-2.456830171373439953e+00,9.184854415593114718e-02,2.091656091665060335e-02,1.675601258214760668e-10
1.705000000000000071e+00,1.127635773358144911e-01,5.638178866790724754e+09,9.033358438684697624e-10,-4.877617822834234449e-11,-2.438808911421801895e+00,9.185095749221890149e-02,2.091261984359558956e-02,1.675285543456679416e-10
1.709999999999999964e+00,1.127620607029914401e-01,5.638103035149572372e+09,9.033236943001125144e-10,-4.842487000607326934e-11,-2.421243500328273512e+00,9.185339347662363485e-02,2.090866722636780528e-02,1.674968903908404269e-10
1.715000000000000080e+00,1.127605548931587542e-01,5.638027744657938004e+09,9.033116314334665496e-10,-4.808245333132646197e-11,-2.404122666572220623e+00,9.185585154452512169e-02,2.090470334863363255e-02,1.674651362294117974e-10
1.719999999999999973e+00,1.127590596323035377e-01,5.637952981615177155e+09,9.032996530734468123e-10,-4.774870873278309110e-11,-2.387435436627129093e+00,9.185833112067394446e-02,2.090072851162959322e-02,1.674332942745526566e-10
1.725000000000000089e+00,1.127575746531702811e-01,5.637878732658514023e+09,9.032877570791002904e-10,-4.742342230921298661e-11,-2.371171115446486510e+00,9.186083165094871550e-02,2.089674300222156555e-02,1.674013668243119875e-10
1.729999999999999982e+00,1.127560996950967009e-01,5.637804984754835129e+09,9.032759413622922455e-10,-4.710638524433651898e-11,-2.355319262220291421e+00,9.186335262051054107e-02,2.089274707458615987e-02,1.673693559148690038e-10
1.735000000000000098e+00,1.127546345038606124e-01,5.637731725193030357e+09,9.032642038864781602e-10,-4.679739362937119682e-11,-2.339869681469281204e+00,9.186589349461296572e-02,2.088874100924764665e-02,1.673372637934707706e-10
1.739999999999999991e+00,1.127531788315267042e-01,5.637658941576334953e+09,9.032525426654774425e-10,-4.649624862312089397e-11,-2.324812431150348857e+00,9.186845375738021680e-02,2.088472507414648738e-02,1.673050926065570924e-10
1.745000000000000107e+00,1.127517324362835166e-01,5.637586621814175606e+09,9.032409557621665840e-10,-4.620275653964375946e-11,-2.310137826963909902e+00,9.187103291335649291e-02,2.088069952292702369e-02,1.672728443860431189e-10
1.750000000000000000e+00,1.127502950822846378e-01,5.637514754114232063e+09,9.032294412872077835e-10,-4.591672861658870649e-11,-2.295836430843337439e+00,9.187363047769983582e-02,2.087666460458480200e-02,1.672405211266030875e-10
1.755000000000000115e+00,1.127488665395002115e-01,5.637443326975010872e+09,9.032179973978583236e-10,-4.563798055059784084e-11,-2.281899027540930547e+00,9.187624598493464301e-02,2.087262055456556853e-02,1.672081247143653647e-10
1.760000000000000009e+00,1.127474465835871520e-01,5.637372329179357529e+09,9.032066222969322522e-10,-4.536633231879426723e-11,-2.268316615925868973e+00,9.187887897297733475e-02,2.086856761060981724e-02,1.671756570538412944e-10
1.765000000000000124e+00,1.127460349957517954e-01,5.637301749787590027e+09,9.031953142316990952e-10,-4.510160848540801625e-11,-2.255080424263724126e+00,9.188152898695989279e-02,2.086450600879190265e-02,1.671431200361949117e-10
1.770000000000000018e+00,1.127446315626007972e-01,5.637231578130040169e+09,9.031840714926895109e-10,-4.484363825175098823e-11,-2.242181912602973171e+00,9.188419558646659935e-02,2.086043597613419787e-02,1.671105154800759548e-10
1.775000000000000133e+00,1.127432360760009938e-01,5.637161803800049782e+09,9.031728924125731163e-10,-4.459225499987795290e-11,-2.229612750001251698e+00,9.188687834452523295e-02,2.085635773147576089e-02,1.670778451385785468e-10
1.780000000000000027e+00,1.127418483329584720e-01,5.637092416647923470e+09,9.031617753651895480e-10,-4.434729591989205262e-11,-2.217364795986213721e+00,9.188957684192607112e-02,2.085227149103240085e-02,1.670451107437822620e-10
1.785000000000000142e+00,1.127404681355018840e-01,5.637023406775094032e+09,9.031507187646132315e-10,-4.410860219650380900e-11,-2.205430109825101681e+00,9.189229067955621832e-02,2.084817745594566563e-02,1.670123139070085413e-10
1.790000000000000036e+00,1.127390952905497623e-01,5.636954764527487755e+09,9.031397210640912812e-10,-4.387601915345024041e-11,-2.193800957684288733e+00,9.189501945881707601e-02,2.084407583173268630e-02,1.669794562746311212e-10
1.794999999999999929e+00,1.127377296097848980e-01,5.636886480489244461e+09,9.031287807550364079e-10,-4.364939601230223023e-11,-2.182469800609396771e+00,9.189776277871229693e-02,2.083996683107260106e-02,1.669465395503977092e-10
1.800000000000000044e+00,1.127363709095366984e-01,5.636818545476835251e+09,9.031178963660851739e-10,-4.342858564004870860e-11,-2.171429282010649331e+00,9.190052027598799578e-02,2.083585063354870259e-02,1.669135651729291429e-10
1.804999999999999938e+00,1.127350190106712613e-01,5.636750950533562660e+09,9.031070664622163215e-10,-4.321344439408962308e-11,-2.160672219702973962e+00,9.190329157747707811e-02,2.083172743319418319e-02,1.668805346966025865e-10
1.810000000000000053e+00,1.127336737384834614e-01,5.636683686924173355e+09,9.030962896438881274e-10,-4.300383215378791586e-11,-2.150191607666783966e+00,9.190607632996987408e-02,2.082759740851358732e-02,1.668474495513970891e-10
1.814999999999999947e+00,1.127323349225850257e-01,5.636616746129251480e+09,9.030855645461395674e-10,-4.279961240263171975e-11,-2.139980620137066580e+00,9.190887418472400150e-02,2.082346073786102425e-02,1.668143111660866525e-10
1.820000000000000062e+00,1.127310023967915131e-01,5.636550119839575768e+09,9.030748898376867247e-10,-4.260065211409666845e-11,-2.130032605709857307e+00,9.191168479334037300e-02,2.081931760345114013e-02,1.667811210003714678e-10
1.824999999999999956e+00,1.127296759990175506e-01,5.636483799950877190e+09,9.030642642200824785e-10,-4.240682142977337664e-11,-2.120341071495204233e+00,9.191450777553399065e-02,2.081516822348355999e-02,1.667478808022232391e-10
1.830000000000000071e+00,1.127283555711837831e-01,5.636417778559188843e+09,9.030536864269718339e-10,-4.221799351706590484e-11,-2.110899675841210410e+00,9.191734288871043768e-02,2.081101268247334546e-02,1.667145912486822668e-10
1.834999999999999964e+00,1.127270409591211442e-01,5.636352047956057549e+09,9.030431552233241954e-10,-4.203404474749219478e-11,-2.101702237399877049e+00,9.192018977544012814e-02,2.080685118368101605e-02,1.666812539680448238e-10
1.840000000000000080e+00,1.127257320124664952e-01,5.636286600623324394e+09,9.030326694045979141e-10,-4.185485473585934322e-11,-2.092742736800573766e+00,9.192304814787306821e-02,2.080268386459342700e-02,1.666478700617020248e-10
1.844999999999999973e+00,1.127244285845646898e-01,5.636221429228234291e+09,9.030222277959561209e-10,-4.168030606137800411e-11,-2.084015303043997847e+00,9.192591768551068576e-02,2.079851089905400408e-02,1.666144409222932881e-10
1.850000000000000089e+00,1.127231305323814076e-01,5.636156526619070053e+09,9.030118292515672416e-10,-4.151028402456393264e-11,-2.075514201220357791e+00,9.192879809381489242e-02,2.079433243856651514e-02,1.665809677634975579e-10
1.854999999999999982e+00,1.127218377164204699e-01,5.636091885821023941e+09,9.030014726539439763e-10,-4.134467672452974178e-11,-2.067233836205559783e+00,9.193168902513261520e-02,2.079014869128785470e-02,1.665474522528353914e-10
1.860000000000000098e+00,1.127205500006318445e-01,5.636027500031592369e+09,9.029911569132051439e-10,-4.118337514919391106e-11,-2.059168757463339716e+00,9.193459031634797218e-02,2.078595968428387231e-02,1.665138946071281720e-10
1.864999999999999991e+00,1.127192672523233824e-01,5.635963362616168976e+09,9.029808809663694769e-10,-4.102627303086166916e-11,-2.051313651536474936e+00,9.193750162956962346e-02,2.078176562275375894e-02,1.664802964702026438e-10
1.870000000000000107e+00,1.127179893420776902e-01,5.635899467103884697e+09,9.029706437766895344e-10,-4.087326669481785451e-11,-2.043663334741722792e+00,9.194042273318477065e-02,2.077756660889291951e-02,1.664466586607342448e-10
1.875000000000000000e+00,1.127167161436735954e-01,5.635835807183679581e+09,9.029604443330220101e-10,-4.072425493693065447e-11,-2.036212746854289435e+00,9.194335332859358834e-02,2.077336281508000704e-02,1.664129825596282416e-10
1.880000000000000115e+00,1.127154475340102907e-01,5.635772376700514793e+09,9.029502816492209962e-10,-4.057913902407512174e-11,-2.028956951195141301e+00,9.194629316452675172e-02,2.076915436948353899e-02,1.663792691936276361e-10
1.885000000000000009e+00,1.127141833930290771e-01,5.635709169651453972e+09,9.029401547635100495e-10,-4.043782273881416241e-11,-2.021891136944759637e+00,9.194924199775303397e-02,2.076494139527604310e-02,1.663455195494531750e-10
1.890000000000000124e+00,1.127129236036345378e-01,5.635646180181726456e+09,9.029300627378515693e-10,-4.030021232582370197e-11,-2.015010616276413202e+00,9.195219961473888315e-02,2.076072398889565462e-02,1.663117343996594455e-10
1.895000000000000018e+00,1.127116680516197511e-01,5.635583402580987930e+09,9.029200046573474023e-10,-4.016621629135763510e-11,-2.008310814577271231e+00,9.195516574105287722e-02,2.075650231056687389e-02,1.662779150277862746e-10
1.900000000000000133e+00,1.127104166255998297e-01,5.635520831279991150e+09,9.029099796297057242e-10,-4.003574527216947703e-11,-2.001787263638107106e+00,9.195814019271966733e-02,2.075227643288016233e-02,1.662440620153473200e-10
1.905000000000000027e+00,1.127091692169455428e-01,5.635458460847276688e+09,9.028999867847110239e-10,-3.990871214605016322e-11,-1.995435607313993387e+00,9.196112272124049025e-02,2.074804649570505255e-02,1.662101764828210699e-10
1.910000000000000142e+00,1.127079257197097228e-01,5.635396285985486031e+09,9.028900252736326694e-10,-3.978503207290914727e-11,-1.989251603619777597e+00,9.196411310750916834e-02,2.074381261220055450e-02,1.661762593367111389e-10
1.915000000000000036e+00,1.127066860305584728e-01,5.635334301527923584e+09,9.028800942686749358e-10,-3.966462229572165828e-11,-1.983231114820227958e+00,9.196711113200295440e-02,2.073957489855551839e-02,1.661423115077928693e-10
1.919999999999999929e+00,1.127054500487097433e-01,5.635272502435486794e+09,9.028701929624844198e-10,-3.954740200627397879e-11,-1.977370100328698754e+00,9.197011659715062515e-02,2.073533345155911811e-02,1.661083337714329523e-10
1.925000000000000044e+00,1.127042176758735331e-01,5.635210883793676376e+09,9.028603205676717219e-10,-3.943329235871597185e-11,-1.971664617914939299e+00,9.197312929299447659e-02,2.073108838287905653e-02,1.660743270221883428e-10
1.929999999999999938e+00,1.127029888161888288e-01,5.635149440809441566e+09,9.028504763163053157e-10,-3.932221652313591502e-11,-1.966110826149815693e+00,9.197614905268673702e-02,2.072683976350209178e-02,1.660402918287256786e-10
1.935000000000000053e+00,1.127017633761609600e-01,5.635088168808048248e+09,9.028406594594101729e-10,-3.921409960848050208e-11,-1.960704980447189882e+00,9.197917565801903839e-02,2.072258771814192158e-02,1.660062291901118166e-10
1.939999999999999947e+00,1.127005412646032989e-01,5.635027063230164528e+09,9.028308692665009233e-10,-3.910886855371110938e-11,-1.955443427694262937e+00,9.198220891868191806e-02,2.071833234592138084e-02,1.659721399004081950e-10
1.945000000000000062e+00,1.126993223925812360e-01,5.634966119629061699e+09,9.028211050251331089e-10,-3.900645205898236885e-11,-1.950322602948290296e+00,9.198524865837114095e-02,2.071407373421009501e-02,1.659380246595227032e-10
1.949999999999999956e+00,1.126981066733584030e-01,5.634905333667920113e+09,9.028113660404714999e-10,-3.890678054837271829e-11,-1.945339027413865551e+00,9.198829469448556451e-02,2.070981197887283853e-02,1.659038842354168011e-10
1.955000000000000071e+00,1.126968940223427446e-01,5.634844701117136955e+09,9.028016516348590293e-10,-3.880978621138901586e-11,-1.940489310552948155e+00,9.199134442655310107e-02,2.070554959578964349e-02,1.658697387825115497e-10
1.959999999999999964e+00,1.126956843570302708e-01,5.634784217851513863e+09,9.027919611473660833e-10,-3.871540297924961748e-11,-1.935770148964365944e+00,9.199439746383702987e-02,2.070128689319324089e-02,1.658355907700233044e-10
1.965000000000000080e+00,1.126944775969525719e-01,5.634723879847628593e+09,9.027822939333693631e-10,-3.862356637750064404e-11,-1.931178318875026889e+00,9.199745640896023202e-02,2.069702118799233992e-02,1.658014187040212160e-10
1.969999999999999973e+00,1.126932736636299531e-01,5.634663683181497574e+09,9.027726493641773785e-10,-3.853421343813631314e-11,-1.926710671905311756e+00,9.200052110535530958e-02,2.069275255827464355e-02,1.657672232100567710e-10
1.975000000000000089e+00,1.126920724805240415e-01,5.634603624026202202e+09,9.027630268266501519e-10,-3.844728277794948667e-11,-1.922364138896227814e+00,9.200359139451541601e-02,2.068848108600862545e-02,1.657330049447697987e-10
1.979999999999999982e+00,1.126908739729864661e-01,5.634543698649323463e+09,9.027534257227883161e-10,-3.836271460064925322e-11,-1.918135730040376075e+00,9.200666712509780742e-02,2.068420684788865871e-02,1.656987645225499916e-10
1.985000000000000098e+00,1.126896780682110216e-01,5.634483903410551071e+09,9.027438454693497164e-10,-3.828045057891159015e-11,-1.914022528944769874e+00,9.200974814331448759e-02,2.067992992489653403e-02,1.656645025921330029e-10
1.989999999999999991e+00,1.126884846951898556e-01,5.634424234759492874e+09,9.027342854974989959e-10,-3.820043377391123360e-11,-1.910021688687265851e+00,9.201283431018875136e-02,2.067565038500110419e-02,1.656302196980093592e-10
1.995000000000000107e+00,1.126872937846705447e-01,5.634364689233527184e+09,9.027247452524627649e-10,-3.812260864188618385e-11,-1.906130432107602246e+00,9.201592540744724102e-02,2.067136837722330367e-02,1.655959170339683695e-10
2.000000000000000000e+00,1.126861052691120607e-01,5.634305263455602646e+09,9.027152241931780487e-10,-3.804692103625528766e-11,-1.902346051807398908e+00,9.201902139147254134e-02,2.066708387763951937e-02,1.655615944083607645e-10
2.004999999999999893e+00,1.126849190826414993e-01,5.634245954132075310e+09,9.027057217919446654e-10,-3.797331816653714035e-11,-1.898665908316615969e+00,9.202212208285262540e-02,2.066279699978887385e-02,1.655272527307351654e-10
2.010000000000000231e+00,1.126837351610128213e-01,5.634186758050641060e+09,9.026962375340947669e-10,-3.790174855409261432e-11,-1.895087427707039751e+00,9.202522737335264158e-02,2.065850778766017970e-02,1.654928923534808529e-10
2.015000000000000124e+00,1.126825534415661217e-01,5.634127672078306198e+09,9.026867709176675504e-10,-3.783216196118584966e-11,-1.891608098070719279e+00,9.202833709409193041e-02,2.065421634747419133e-02,1.654585141275198675e-10
2.020000000000000018e+00,1.126813738631909645e-01,5.634068693159547806e+09,9.026773214531142650e-10,-3.776450936324392521e-11,-1.888225468152086250e+00,9.203145114221999989e-02,2.064992272097096460e-02,1.654241183872268919e-10
2.024999999999999911e+00,1.126801963662872885e-01,5.634009818314364433e+09,9.026678886629859508e-10,-3.769874297299729746e-11,-1.884937148657627404e+00,9.203456929928106878e-02,2.064562706700621975e-02,1.653897064051765952e-10
2.030000000000000249e+00,1.126790208927273412e-01,5.633951044636366844e+09,9.026584720816276927e-10,-3.763481622036276815e-11,-1.881740811018971726e+00,9.203769159284228008e-02,2.064132929988506115e-02,1.653552774948771048e-10
2.035000000000000142e+00,1.126778473858177365e-01,5.633892369290886879e+09,9.026490712548757686e-10,-3.757268367705755190e-11,-1.878634183842223138e+00,9.204081782088091579e-02,2.063702956493682072e-02,1.653208328205447819e-10
2.040000000000000036e+00,1.126766757902661203e-01,5.633833789513305664e+09,9.026396857397892293e-10,-3.751230098036631097e-11,-1.875615049022599123e+00,9.204394791804897114e-02,2.063272787221714921e-02,1.652863724627342743e-10
2.044999999999999929e+00,1.126755060521480167e-01,5.633775302607400894e+09,9.026303151043856144e-10,-3.745362486935181377e-11,-1.872681243476108648e+00,9.204708172275460898e-02,2.062842432939340775e-02,1.652518972839561902e-10
2.049999999999999822e+00,1.126743381188711618e-01,5.633716905943557739e+09,9.026209589273543342e-10,-3.739661320243086850e-11,-1.869830660129082389e+00,9.205021911755725816e-02,2.062411900131390363e-02,1.652174078037027533e-10
2.055000000000000160e+00,1.126731719391414477e-01,5.633658596957072258e+09,9.026116167977844238e-10,-3.734122487817674260e-11,-1.867061243887292221e+00,9.205335997281882676e-02,2.061981196632262092e-02,1.651829046495784609e-10
2.060000000000000053e+00,1.126720074629318918e-01,5.633600373146595001e+09,9.026022883149154584e-10,-3.728741977602685641e-11,-1.864370988783775829e+00,9.205650427956574289e-02,2.061550318336614895e-02,1.651483874927093038e-10
2.064999999999999947e+00,1.126708446414525222e-01,5.633542232072626114e+09,9.025929730878966370e-10,-3.723515875437695909e-11,-1.861757937716902234e+00,9.205962547723302303e-02,2.061121916421949918e-02,1.651140687158274276e-10
2.069999999999999840e+00,1.126696834271193326e-01,5.633484171355966568e+09,9.025836707355381111e-10,-3.718440365735739214e-11,-1.859220182872377336e+00,9.206271479332842067e-02,2.060696863379091193e-02,1.650800182131534943e-10
2.075000000000000178e+00,1.126685237735239598e-01,5.633426188676198006e+09,9.025743808860678971e-10,-3.713511728328111215e-11,-1.856755864166188985e+00,9.206580871044364733e-02,2.060271506308031242e-02,1.650459433551355514e-10
2.080000000000000071e+00,1.126673656354042902e-01,5.633368281770214081e+09,9.025651031768964399e-10,-3.708726335584457059e-11,-1.854363167789415456e+00,9.206890711881085543e-02,2.059845851659343474e-02,1.650118446585214960e-10
2.084999999999999964e+00,1.126662089686161494e-01,5.633310448430807114e+09,9.025558372543900691e-10,-3.704080647415276990e-11,-1.852040323705296032e+00,9.207200987890368227e-02,2.059419908971246715e-02,1.649777228874069078e-10
2.089999999999999858e+00,1.126650537301069760e-01,5.633252686505349159e+09,9.025465827736596539e-10,-3.699571209090816515e-11,-1.849785604543285444e+00,9.207511686420696839e-02,2.058993686590000760e-02,1.649435787104009196e-10
2.095000000000000195e+00,1.126638998778888290e-01,5.633194993894441605e+09,9.025373393983446059e-10,-3.695194653231593824e-11,-1.847597326617687941e+00,9.207822794514877729e-02,2.058567193274005169e-02,1.649094128291286477e-10
2.100000000000000089e+00,1.126627473710109517e-01,5.633137368550547600e+09,9.025281068003933660e-10,-3.690947698177861368e-11,-1.845473849098198116e+00,9.208134305286175270e-02,2.058140431814919902e-02,1.648752254672267457e-10
2.104999999999999982e+00,1.126615961695336537e-01,5.633079808476682663e+09,9.025188846598535073e-10,-3.686827142378012589e-11,-1.843413571201381274e+00,9.208446203147530040e-02,2.057713413805835334e-02,1.648410175534041040e-10
2.109999999999999876e+00,1.126604462345044549e-01,5.633022311725222588e+09,9.025096726646814834e-10,-3.682829859729900700e-11,-1.841414929847815074e+00,9.208758475084655171e-02,2.057286148365790324e-02,1.648067898181763107e-10
2.115000000000000213e+00,1.126592975279347431e-01,5.632964876396737099e+09,9.025004705105549620e-10,-3.678952802121937538e-11,-1.839476401059073396e+00,9.209071111677639976e-02,2.056858641115834330e-02,1.647725427118390622e-10
2.120000000000000107e+00,1.126581500127745855e-01,5.632907500638729095e+09,9.024912779006710963e-10,-3.675192999708379261e-11,-1.837596499841311015e+00,9.209384102707227071e-02,2.056430898570231480e-02,1.647382767562424349e-10
2.125000000000000000e+00,1.126570036528889568e-01,5.632850182644448280e+09,9.024820945455566865e-10,-3.671547555445963849e-11,-1.835773777725989930e+00,9.209697435534303089e-02,2.056002929754592590e-02,1.647039926744175832e-10
2.129999999999999893e+00,1.126558584130360890e-01,5.632792920651804924e+09,9.024729201628937490e-10,-3.668013642679867194e-11,-1.834006821343791671e+00,9.210011103968165913e-02,2.055574737335442992e-02,1.646696906799766886e-10
2.135000000000000231e+00,1.126547142588453648e-01,5.632735712942268372e+09,9.024637544773433260e-10,-3.664588503788450391e-11,-1.832294251886196434e+00,9.210325094914291466e-02,2.055146330970245017e-02,1.646353715465678450e-10
2.140000000000000124e+00,1.126535711567960285e-01,5.632678557839801788e+09,9.024545972203747769e-10,-3.661269449399754262e-11,-1.830634724698029459e+00,9.210639398320066840e-02,2.054717717359536011e-02,1.646010358109632087e-10
2.145000000000000018e+00,1.126524290741961337e-01,5.632621453709806442e+09,9.024454481300964125e-10,-3.658053857396235638e-11,-1.829026928709936328e+00,9.210954004974013232e-02,2.054288902445600140e-02,1.645666839491922714e-10
2.149999999999999911e+00,1.126512879791614352e-01,5.632564398958071709e+09,9.024363069510875774e-10,-3.654939172110086064e-11,-1.827469586060033180e+00,9.211268906099900899e-02,2.053859891816242622e-02,1.645323164088875700e-10
2.155000000000000249e+00,1.126501478405951967e-01,5.632507392029759407e+09,9.024271734342357992e-10,-3.651922898796341815e-11,-1.825961449387250468e+00,9.211584093367315706e-02,2.053430690692203964e-02,1.644979336082765076e-10
2.160000000000000142e+00,1.126490086281702330e-01,5.632450431408512115e+09,9.024180473365936858e-10,-3.649002603061136658e-11,-1.824501301540294662e+00,9.211899558550465383e-02,2.053001304266557914e-02,1.644635359633701604e-10
2.165000000000000036e+00,1.126478703123092173e-01,5.632393515615460396e+09,9.024089284212204174e-10,-3.646175912111075451e-11,-1.823087956043309532e+00,9.212215285969931056e-02,2.052571745260990677e-02,1.644291244932879493e-10
2.169999999999999929e+00,1.126467328641660159e-01,5.632336643208300591e+09,9.023998164570333703e-10,-3.643440512868585830e-11,-1.821720256426488049e+00,9.212531275799543118e-02,2.052142010617058476e-02,1.643946989530215361e-10
2.175000000000000266e+00,1.126455962556068974e-01,5.632279812780344963e+09,9.023907112186562267e-10,-3.640794149282588609e-11,-1.820397074654465541e+00,9.212847516348426913e-02,2.051712109212262825e-02,1.643602600537371777e-10
2.180000000000000160e+00,1.126444604591939069e-01,5.632223022959695816e+09,9.023816124862869351e-10,-3.638234619003893455e-11,-1.819117309496505186e+00,9.213164000690772515e-02,2.051282045228618178e-02,1.643258081304511387e-10
2.185000000000000053e+00,1.126433254481679219e-01,5.632166272408395767e+09,9.023725200455610194e-10,-3.635759773956946130e-11,-1.817879886963055469e+00,9.213480723098067815e-02,2.050851821718724377e-02,1.642913434277037026e-10
2.189999999999999947e+00,1.126421911964317624e-01,5.632109559821588516e+09,9.023634336874173687e-10,-3.633367520636290025e-11,-1.816683760305750184e+00,9.213797672450521614e-02,2.050421447192654623e-02,1.642568666272267830e-10
2.194999999999999840e+00,1.126410576785328160e-01,5.632052883926640511e+09,9.023543532079577197e-10,-3.631055818327796967e-11,-1.815527909158845432e+00,9.214114831323616528e-02,2.049990936529665075e-02,1.642223789209803015e-10
2.200000000000000178e+00,1.126399248696477590e-01,5.631996243482387543e+09,9.023452784083255784e-10,-3.628822674725271720e-11,-1.814411337356432341e+00,9.214432211745175738e-02,2.049560275219600158e-02,1.641878791465726313e-10
2.205000000000000071e+00,1.126387927455674426e-01,5.631939637278371811e+09,9.023362090945842108e-10,-3.626666146608078340e-11,-1.813333073296234943e+00,9.214749796072949084e-02,2.049129478483795175e-02,1.641533685233671019e-10
2.209999999999999964e+00,1.126376612826813228e-01,5.631883064134066582e+09,9.023271450775924627e-10,-3.624584339332920409e-11,-1.812292169663123786e+00,9.215067583405837925e-02,2.048698544862294357e-02,1.641188469344084397e-10
2.214999999999999858e+00,1.126365304579629439e-01,5.631826522898147583e+09,9.023180861728877133e-10,-3.622575404695082841e-11,-1.811287702337722294e+00,9.215385560230390793e-02,2.048267485565903601e-02,1.640843152777811373e-10
2.220000000000000195e+00,1.126354002489552003e-01,5.631770012447759628e+09,9.023090322005689327e-10,-3.620637541203717592e-11,-1.810318770614685491e+00,9.215703723389585822e-02,2.047836301505934209e-02,1.640497736264893380e-10
2.225000000000000089e+00,1.126342706337560701e-01,5.631713531687803268e+09,9.022999829851816004e-10,-3.618768991540744818e-11,-1.809384495747508481e+00,9.216022055838446470e-02,2.047405007537160537e-02,1.640152231705316145e-10
2.229999999999999982e+00,1.126331415910052786e-01,5.631657079550264359e+09,9.022909383556112058e-10,-3.616968040676204566e-11,-1.808484020337346010e+00,9.216340569965410234e-02,2.046973589135117622e-02,1.639806627463700747e-10
2.234999999999999876e+00,1.126320130998713087e-01,5.631600654993565559e+09,9.022818981449785064e-10,-3.615233015465916123e-11,-1.807616507750935853e+00,9.216659247779876440e-02,2.046542062207254431e-02,1.639460936283318733e-10
2.240000000000000213e+00,1.126308851400380368e-01,5.631544257001901627e+09,9.022728621905337521e-10,-3.613562286451423033e-11,-1.806781143226544373e+00,9.216978090568445081e-02,2.046110423435358594e-02,1.639115155505988498e-10
2.245000000000000107e+00,1.126297576916911319e-01,5.631487884584556580e+09,9.022638303335464635e-10,-3.611954263984817361e-11,-1.805977131982217543e+00,9.217297083308639838e-02,2.045678685860473356e-02,1.638769295578738291e-10
2.250000000000000000e+00,1.126286307355065519e-01,5.631431536775327682e+09,9.022548024192141316e-10,-3.610407395518234260e-11,-1.805203697760589421e+00,9.217616226607085184e-02,2.045246846943570007e-02,1.638423354467580875e-10
2.254999999999999893e+00,1.126275042526389547e-01,5.631375212631947517e+09,9.022457782965687466e-10,-3.608920168081423345e-11,-1.804460084036691114e+00,9.217935510129046661e-02,2.044814915134848810e-02,1.638077338941873645e-10
2.260000000000000231e+00,1.126263782247087508e-01,5.631318911235437393e+09,9.022367578183737104e-10,-3.607491106270045440e-11,-1.803745553130283952e+00,9.218254921228978549e-02,2.044382901241896533e-02,1.637731257659448014e-10
2.265000000000000124e+00,1.126252526337913756e-01,5.631262631689568520e+09,9.022277408410373964e-10,-3.606118771546870400e-11,-1.803059385769302025e+00,9.218574462315679008e-02,2.043950801063458556e-02,1.637385107254727600e-10
2.270000000000000018e+00,1.126241274624051464e-01,5.631206373120257378e+09,9.022187272245161622e-10,-3.604801760293601331e-11,-1.802400880158529617e+00,9.218894137172269077e-02,2.043518609068245562e-02,1.637038883296661732e-10
2.274999999999999911e+00,1.126230026935014922e-01,5.631150134675074577e+09,9.022097168322356645e-10,-3.603538703048544934e-11,-1.801769351543043740e+00,9.219213932912545539e-02,2.043086336437603678e-02,1.636692594742495616e-10
2.280000000000000249e+00,1.126218783104535881e-01,5.631093915522679329e+09,9.022007095310005928e-10,-3.602328264803073042e-11,-1.801164132382837124e+00,9.219533849341092491e-02,2.042653981704266319e-02,1.636346240416819300e-10
2.285000000000000142e+00,1.126207542970460995e-01,5.631037714852305412e+09,9.021917051909117443e-10,-3.601169143074622664e-11,-1.800584571523359045e+00,9.219853877286515731e-02,2.042221552418094221e-02,1.635999826367738316e-10
2.290000000000000036e+00,1.126196306374650652e-01,5.630981531873252869e+09,9.021827036852851675e-10,-3.600060068372564100e-11,-1.800030034195515327e+00,9.220174014657375738e-02,2.041789049089130781e-02,1.635653353003842149e-10
2.294999999999999929e+00,1.126185073162875722e-01,5.630925365814378738e+09,9.021737048905699609e-10,-3.598999802504135054e-11,-1.799499901258968748e+00,9.220494254454873750e-02,2.041356477173883466e-02,1.635306824696274978e-10
2.300000000000000266e+00,1.126173843184724160e-01,5.630869215923621178e+09,9.021647086862725856e-10,-3.597987136499209912e-11,-1.798993568241712637e+00,9.220814597912259380e-02,2.040923833934982223e-02,1.634960239252162388e-10
2.305000000000000160e+00,1.126162616293513441e-01,5.630813081467567444e+09,9.021557149548874863e-10,-3.597020891774970039e-11,-1.798510445907595567e+00,9.221135036880985514e-02,2.040491126054148896e-02,1.634613602024152901e-10
2.310000000000000053e+00,1.126151392346186886e-01,5.630756961730934143e+09,9.021467235818134420e-10,-3.596099919987673019e-11,-1.798049959994386882e+00,9.221455566573796836e-02,2.040058356888072022e-02,1.634266915701250938e-10
2.314999999999999947e+00,1.126140171203230400e-01,5.630700856016152382e+09,9.021377344552877018e-10,-3.595223100385674692e-11,-1.797611550166038796e+00,9.221776182944849132e-02,2.039625529087454869e-02,1.633920182406903578e-10
2.319999999999999840e+00,1.126128952728581017e-01,5.630644763642905235e+09,9.021287474663115392e-10,-3.594389339872956627e-11,-1.797194669925374910e+00,9.222096883089031527e-02,2.039192644196778648e-02,1.633573403378377079e-10
2.325000000000000178e+00,1.126117736789548213e-01,5.630588683947741508e+09,9.021197625085882130e-10,-3.593597571696225052e-11,-1.796798785857390612e+00,9.222417663507966046e-02,2.038759704387516081e-02,1.633226580355212624e-10
2.330000000000000071e+00,1.126106523256727165e-01,5.630532616283636093e+09,9.021107794784528637e-10,-3.592846756228416330e-11,-1.796423378124018200e+00,9.222738521822489155e-02,2.038326710744782500e-02,1.632879714206683461e-10
2.334999999999999964e+00,1.126095312003915772e-01,5.630476560019578934e+09,9.021017982748067532e-10,-3.592135879698147541e-11,-1.796067939838394523e+00,9.223059448285850226e-02,2.037893671753307490e-02,1.632532811729807390e-10
2.339999999999999858e+00,1.126084102908037482e-01,5.630420514540187836e+09,9.020928187990546054e-10,-3.591463952897991233e-11,-1.795731976468232460e+00,9.223380445180909271e-02,2.037460583899465549e-02,1.632185870109860166e-10
2.345000000000000195e+00,1.126072895849063171e-01,5.630364479245315552e+09,9.020838409550421541e-10,-3.590830011248002896e-11,-1.795415005646646023e+00,9.223701507438870906e-02,2.037027451051760807e-02,1.631838892445854826e-10
2.350000000000000089e+00,1.126061690709937169e-01,5.630308453549685478e+09,9.020748646489980337e-10,-3.590233113588699014e-11,-1.795116556779248640e+00,9.224022631029721309e-02,2.036594276069650378e-02,1.631491881028469553e-10
2.354999999999999982e+00,1.126050487376505094e-01,5.630252436882525444e+09,9.020658897894741188e-10,-3.589672342265760353e-11,-1.794836171116912737e+00,9.224343817163223325e-02,2.036161056601827612e-02,1.631144833974099838e-10
2.359999999999999876e+00,1.126039285737438778e-01,5.630196428687193871e+09,9.020569162872868976e-10,-3.589146802600636378e-11,-1.794573401290108450e+00,9.224665058900892445e-02,2.035727798473495331e-02,1.630797755949247367e-10
2.365000000000000213e+00,1.126028085684167152e-01,5.630140428420835495e+09,9.020479440554611206e-10,-3.588655621852929883e-11,-1.794327810916001908e+00,9.224986338365510907e-02,2.035294518476160608e-02,1.630450660405392722e-10
2.370000000000000107e+00,1.126016887110810050e-01,5.630084435554050446e+09,9.020389730091777910e-10,-3.588197948691001409e-11,-1.794098974336520769e+00,9.225307677388720762e-02,2.034861193719379735e-02,1.630103529005268830e-10
2.375000000000000000e+00,1.126005689914109514e-01,5.630028449570547104e+09,9.020300030657177102e-10,-3.587772952154353874e-11,-1.793886476079933345e+00,9.225629060726341091e-02,2.034427838414754053e-02,1.629756373133623282e-10
2.379999999999999893e+00,1.125994493993371925e-01,5.629972469966859818e+09,9.020210341444169133e-10,-3.587379822754775411e-11,-1.793689911384717561e+00,9.225950488053114018e-02,2.033994451880605236e-02,1.629409192244371342e-10
2.385000000000000231e+00,1.125983299250392228e-01,5.629916496251960754e+09,9.020120661666039066e-10,-3.587017771459899830e-11,-1.793508885719347745e+00,9.226271960590382015e-02,2.033561031913540262e-02,1.629061984572401348e-10
2.390000000000000124e+00,1.125972105589401195e-01,5.629860527947006226e+09,9.020030990555596527e-10,-3.586686027215635244e-11,-1.793343013603589498e+00,9.226593469297218741e-02,2.033127586596793213e-02,1.628714756593096651e-10
2.395000000000000018e+00,1.125960912917006174e-01,5.629804564585030556e+09,9.019941327364679401e-10,-3.586383838724933263e-11,-1.793191919365199283e+00,9.226914993478618765e-02,2.032694135691442971e-02,1.628367524136827590e-10
2.399999999999999911e+00,1.125949721142127102e-01,5.629748605710635185e+09,9.019851671363658552e-10,-3.586110473600756044e-11,-1.793055236805230379e+00,9.227236564489808834e-02,2.032260646931462189e-02,1.628020261355656120e-10
2.405000000000000249e+00,1.125938530175943086e-01,5.629692650879714966e+09,9.019762021840998387e-10,-3.585865216820241161e-11,-1.792932608412229456e+00,9.227558161278501259e-02,2.031827140480929605e-02,1.627672984402790317e-10
2.410000000000000142e+00,1.125927339931836468e-01,5.629636699659182549e+09,9.019672378102817415e-10,-3.585647371635262027e-11,-1.792823685813345946e+00,9.227879786031405185e-02,2.031393613286959499e-02,1.627325690832599096e-10
2.415000000000000036e+00,1.125916150325335097e-01,5.629580751626675606e+09,9.019582739472416756e-10,-3.585456258471285060e-11,-1.792728129235911183e+00,9.228201439077889090e-02,2.030960064175461877e-02,1.626978379704532606e-10
2.419999999999999929e+00,1.125904961274063337e-01,5.629524806370316505e+09,9.019493105289894463e-10,-3.585291213826226852e-11,-1.792645606910809875e+00,9.228523107811788251e-02,2.030526504928845122e-02,1.626631060457340730e-10
2.425000000000000266e+00,1.125893772697689477e-01,5.629468863488447189e+09,9.019403474911725734e-10,-3.585151591117487116e-11,-1.792575795567245223e+00,9.228844793651902467e-02,2.030092933324992299e-02,1.626283731310911402e-10
2.430000000000000160e+00,1.125882584517873958e-01,5.629412922589369774e+09,9.019313847710337944e-10,-3.585036760025498153e-11,-1.792518380025285296e+00,9.229166499978605498e-02,2.029659345200134080e-02,1.625936388929697221e-10
2.435000000000000053e+00,1.125871396658219281e-01,5.629356983291096687e+09,9.019224223073722904e-10,-3.584946105667867727e-11,-1.792473052832065150e+00,9.229488214367638499e-02,2.029225752214554312e-02,1.625589042654616127e-10
2.439999999999999947e+00,1.125860209044224208e-01,5.629301045221120834e+09,9.019134600405056362e-10,-3.584879027646467001e-11,-1.792439513825229369e+00,9.229809948519357432e-02,2.028792141922884651e-02,1.625241682515828735e-10
2.444999999999999840e+00,1.125849021603237410e-01,5.629245108016186714e+09,9.019044979122340242e-10,-3.584834940619177775e-11,-1.792417470307555050e+00,9.230131688761354647e-02,2.028358527271019451e-02,1.624894318884139374e-10
2.450000000000000178e+00,1.125837834264411808e-01,5.629189171322058678e+09,9.018955358658024212e-10,-3.584813274448123252e-11,-1.792406637250678614e+00,9.230453442388050767e-02,2.027924900256067309e-02,1.624546945348525807e-10
2.455000000000000071e+00,1.125826646958654476e-01,5.629133234793272018e+09,9.018865738458615875e-10,-3.584813472865591146e-11,-1.792406736436532810e+00,9.230775198667241777e-02,2.027491270919302979e-02,1.624199569952935370e-10
2.459999999999999964e+00,1.125815459618590419e-01,5.629077298092951775e+09,9.018776117984379882e-10,-3.584834992372890852e-11,-1.792417496209964156e+00,9.231096957927170665e-02,2.027057638258733530e-02,1.623852191894683629e-10
2.464999999999999858e+00,1.125804272178519139e-01,5.629021360892595291e+09,9.018686496708996718e-10,-3.584877303680309454e-11,-1.792438651813426986e+00,9.231418717453537814e-02,2.026624004331653572e-02,1.623504812821844976e-10
2.470000000000000195e+00,1.125793084574368830e-01,5.628965422871844292e+09,9.018596874119197711e-10,-3.584939890754199662e-11,-1.792469945372431539e+00,9.231740483741907033e-02,2.026190362001781264e-02,1.623157427017627634e-10
2.475000000000000089e+00,1.125781896743659610e-01,5.628909483718297958e+09,9.018507249714460009e-10,-3.585022249673485329e-11,-1.792511124833254144e+00,9.232062245127066469e-02,2.025756722309529634e-02,1.622810043326377251e-10
2.479999999999999982e+00,1.125770708625465355e-01,5.628853543127326965e+09,9.018417623006713962e-10,-3.585123889370815285e-11,-1.792561944690532982e+00,9.232384005605624722e-02,2.025323080649028828e-02,1.622462658058385686e-10
2.484999999999999876e+00,1.125759520160370952e-01,5.628797600801855087e+09,9.018327993519991575e-10,-3.585244331145519389e-11,-1.792622165579814464e+00,9.232705760092015101e-02,2.024889441511694421e-02,1.622115274811673021e-10
2.490000000000000213e+00,1.125748331290438303e-01,5.628741656452191353e+09,9.018238360790155603e-10,-3.585383107498938229e-11,-1.792691553753684275e+00,9.233027507067477491e-02,2.024455805836905542e-02,1.621767894338765266e-10
2.495000000000000107e+00,1.125737141959170240e-01,5.628685709795850754e+09,9.018148724364616240e-10,-3.585539762600291238e-11,-1.792769881285494193e+00,9.233349244736280270e-02,2.024022174855422129e-02,1.621420517625609755e-10
2.500000000000000000e+00,1.125725952111473471e-01,5.628629760557367325e+09,9.018059083802028169e-10,-3.585713852138445936e-11,-1.792856926054810174e+00,9.233670976831150068e-02,2.023588544283584645e-02,1.621073141240616696e-10
2.504999999999999893e+00,1.125714761693623611e-01,5.628573808468117714e+09,9.017969438672009317e-10,-3.585904943152511332e-11,-1.792952471572789364e+00,9.233992698236297147e-02,2.023154918699938964e-02,1.620725768851605740e-10
2.510000000000000231e+00,1.125703570653230762e-01,5.628517853266153336e+09,9.017879788554870990e-10,-3.586112612274244566e-11,-1.793056306123617105e+00,9.234314398710238847e-02,2.022721307822068770e-02,1.620378408243219900e-10
2.515000000000000124e+00,1.125692378939212035e-01,5.628461894696060181e+09,9.017790133041395564e-10,-3.586336447273886033e-11,-1.793168223637621850e+00,9.234636089592086761e-02,2.022287699800033589e-02,1.620031049922610132e-10
2.520000000000000018e+00,1.125681186501750891e-01,5.628405932508754730e+09,9.017700471732507684e-10,-3.586576046213126436e-11,-1.793288023109198548e+00,9.234957764272620773e-02,2.021854100744888139e-02,1.619683698785270666e-10
2.524999999999999911e+00,1.125669993292273546e-01,5.628349966461367607e+09,9.017610804239086082e-10,-3.586831016894535373e-11,-1.793415508465841413e+00,9.235279425752823679e-02,2.021420507169911784e-02,1.619336352038031001e-10
2.530000000000000249e+00,1.125658799263410392e-01,5.628293996317051888e+09,9.017521130181661651e-10,-3.587100976882737159e-11,-1.793550488408072852e+00,9.235601072342435047e-02,2.020986920291668876e-02,1.618989010655466029e-10
2.535000000000000142e+00,1.125647604368975457e-01,5.628238021844877243e+09,9.017431449190243740e-10,-3.587385552763256997e-11,-1.793692776380339637e+00,9.235922679278704694e-02,2.020553364411049879e-02,1.618641694104735608e-10
2.540000000000000036e+00,1.125636408563929075e-01,5.628182042819644928e+09,9.017341760904022371e-10,-3.587684381031905573e-11,-1.793842190527357161e+00,9.236244277676489145e-02,2.020119807962801606e-02,1.618294377099283842e-10
2.544999999999999929e+00,1.125625211804354986e-01,5.628126059021775246e+09,9.017252064971192459e-10,-3.587997106570119750e-11,-1.793998553286655806e+00,9.236565855532159752e-02,2.019686262511390107e-02,1.617947068903269669e-10
2.550000000000000266e+00,1.125614014047429251e-01,5.628070070237146378e+09,9.017162361048694287e-10,-3.588323383682577930e-11,-1.794161691825138405e+00,9.236887406344135298e-02,2.019252734130157212e-02,1.617599774381976098e-10
2.555000000000000160e+00,1.125602815251393607e-01,5.628014076256968498e+09,9.017072648802008777e-10,-3.588662874318430864e-11,-1.794331437165965326e+00,9.237208942409687318e-02,2.018819210104248751e-02,1.617252483349682013e-10
2.560000000000000053e+00,1.125591615375533816e-01,5.627958076877669334e+09,9.016982927904976546e-10,-3.589015249235971954e-11,-1.794507624654215761e+00,9.237530452070848164e-02,2.018385701684489997e-02,1.616905204819292050e-10
2.564999999999999947e+00,1.125580414380147054e-01,5.627902071900734901e+09,9.016893198039544580e-10,-3.589380187833230665e-11,-1.794690093913231976e+00,9.237851902009444616e-02,2.017952241792025925e-02,1.616557965163551062e-10
2.569999999999999840e+00,1.125569212226519983e-01,5.627846061132599831e+09,9.016803458895586323e-10,-3.589757376475082452e-11,-1.794878688233438879e+00,9.238173349097321407e-02,2.017518773167878421e-02,1.616210718512960401e-10
2.575000000000000178e+00,1.125558008876906685e-01,5.627790044384533882e+09,9.016713710170722802e-10,-3.590146509869677300e-11,-1.795073254921589978e+00,9.238494766835518568e-02,2.017085321933548281e-02,1.615863485793149271e-10
2.580000000000000071e+00,1.125546804294500075e-01,5.627734021472500801e+09,9.016623951570094113e-10,-3.590547290242582603e-11,-1.795273645140696317e+00,9.238816147017767100e-02,2.016651895927233651e-02,1.615516273283206669e-10
2.584999999999999964e+00,1.125535598443412055e-01,5.627677992217060089e+09,9.016534182806207431e-10,-3.590959427019145805e-11,-1.795479713502572849e+00,9.239137509179720653e-02,2.016218475254399900e-02,1.615169065045853298e-10
2.589999999999999858e+00,1.125524391288650478e-01,5.627621956443252563e+09,9.016444403598744686e-10,-3.591382636464505399e-11,-1.795691318227909505e+00,9.239458752632569161e-02,2.015785160253935615e-02,1.614821941461400483e-10
2.595000000000000195e+00,1.125513182796096801e-01,5.627565913980484009e+09,9.016354613674384727e-10,-3.591816642488272228e-11,-1.795908321248134598e+00,9.239779875584790136e-02,2.015351952376177869e-02,1.614474903691696289e-10
2.600000000000000089e+00,1.125501972932482775e-01,5.627509864662413597e+09,9.016264812766620298e-10,-3.592261175839848184e-11,-1.796130587899824604e+00,9.240100986767363356e-02,2.014918742557464393e-02,1.614127864367115366e-10
2.604999999999999982e+00,1.125490761665370321e-01,5.627453808326851845e+09,9.016175000615595712e-10,-3.592715973155514140e-11,-1.796357986560906284e+00,9.240422052673974429e-02,2.014485563979728777e-02,1.613780850069316594e-10
2.609999999999999876e+00,1.125479548963134319e-01,5.627397744815671921e+09,9.016085176967963126e-10,-3.593180778271331025e-11,-1.796590389130869880e+00,9.240743087037241177e-02,2.014052402594102009e-02,1.613433849543915531e-10
2.615000000000000213e+00,1.125468334794936520e-01,5.627341673974682808e+09,9.015995341576681947e-10,-3.593655341016117866e-11,-1.796827670506900176e+00,9.241064095491616226e-02,2.013619252457748976e-02,1.613086858030176007e-10
2.620000000000000107e+00,1.125457119130712919e-01,5.627285595653564453e+09,9.015905494200912336e-10,-3.594139417402034207e-11,-1.797069708700291812e+00,9.241385068056125196e-02,2.013186123251003989e-02,1.612739883282901272e-10
2.625000000000000000e+00,1.125445901941148075e-01,5.627229509705739975e+09,9.015815634605812548e-10,-3.594632769772810872e-11,-1.797316384880105034e+00,9.241706000938956778e-02,2.012753018472523969e-02,1.612392928104824036e-10
2.629999999999999893e+00,1.125434683197660823e-01,5.627173415988304138e+09,9.015725762562422091e-10,-3.595135166168475255e-11,-1.797567583082127385e+00,9.242026890305975184e-02,2.012319941670633050e-02,1.612045995338465428e-10
2.635000000000000231e+00,1.125423462872384428e-01,5.627117314361922264e+09,9.015635877847503529e-10,-3.595646380113593085e-11,-1.797823190077906474e+00,9.242347736379113998e-02,2.011886892344730282e-02,1.611699084582800017e-10
2.640000000000000124e+00,1.125412240938150621e-01,5.627061204690752983e+09,9.015545980243415303e-10,-3.596166191083136543e-11,-1.798083095534821041e+00,9.242668551039136260e-02,2.011453858342369949e-02,1.611352186102645598e-10
2.645000000000000018e+00,1.125401017368469619e-01,5.627005086842348099e+09,9.015456069537950431e-10,-3.596694383782506261e-11,-1.798347191885113716e+00,9.242989331741220671e-02,2.011020841943475523e-02,1.611005301724421617e-10
2.649999999999999911e+00,1.125389792137516387e-01,5.626948960687582016e+09,9.015366145524227940e-10,-3.597230747978124731e-11,-1.798615373962093145e+00,9.243310069525655093e-02,2.010587851849508778e-02,1.610658438418768239e-10
2.655000000000000249e+00,1.125378565220113286e-01,5.626892826100566864e+09,9.015276208000553278e-10,-3.597775079386820898e-11,-1.798887539684074000e+00,9.243630762679928836e-02,2.010154889521204025e-02,1.610311597355862204e-10
2.660000000000000142e+00,1.125367336591710649e-01,5.626836682958553314e+09,9.015186256770259087e-10,-3.598327178299401624e-11,-1.799163589166710153e+00,9.243951413075333912e-02,2.009721952841772574e-02,1.609964776839968781e-10
2.665000000000000036e+00,1.125356106228376785e-01,5.626780531141883850e+09,9.015096291641634884e-10,-3.598886849474772567e-11,-1.799443424737546593e+00,9.244272014380558455e-02,2.009289047903209391e-02,1.609617981751314256e-10
2.669999999999999929e+00,1.125344874106782023e-01,5.626724370533909798e+09,9.015006312427787482e-10,-3.599453903219905189e-11,-1.799726951605407521e+00,9.244592578591356857e-02,2.008856162476463370e-02,1.609271202293348411e-10
2.675000000000000266e+00,1.125333640204176783e-01,5.626668201020883560e+09,9.014916318946473483e-10,-3.600028154860441165e-11,-1.800014077438390814e+00,9.244913102098226143e-02,2.008423299943541684e-02,1.608924441175357881e-10
2.680000000000000160e+00,1.125322404498385331e-01,5.626612022491926193e+09,9.014826311020045511e-10,-3.600609423152505606e-11,-1.800304711563512683e+00,9.245233573965423723e-02,2.007990471018429590e-02,1.608577706980190930e-10
2.685000000000000053e+00,1.125311166967788851e-01,5.626555834838944435e+09,9.014736288475318827e-10,-3.601197531743838894e-11,-1.800598765868926421e+00,9.245554000183023313e-02,2.007557669494865193e-02,1.608230994736083657e-10
2.689999999999999947e+00,1.125299927591311838e-01,5.626499637956559181e+09,9.014646251143457599e-10,-3.601792309131445033e-11,-1.800896154556539841e+00,9.245874380040075557e-02,2.007124895873042825e-02,1.607884304843736050e-10
2.694999999999999840e+00,1.125288686348407396e-01,5.626443431742036819e+09,9.014556198859864257e-10,-3.602393587221635642e-11,-1.801196793603594415e+00,9.246194716339735387e-02,2.006692147144338578e-02,1.607537634892974382e-10
2.700000000000000178e+00,1.125277443219047380e-01,5.626387216095236778e+09,9.014466131464096782e-10,-3.603001202981744196e-11,-1.801500601490261033e+00,9.246515012133392497e-02,2.006259420057081300e-02,1.607190982278923152e-10
2.705000000000000071e+00,1.125266198183703797e-01,5.626330990918519020e+09,9.014376048799716708e-10,-3.603614997084873318e-11,-1.801807498544803821e+00,9.246835263747574252e-02,2.005826718089463723e-02,1.606844349787921899e-10
2.709999999999999964e+00,1.125254951223342154e-01,5.626274756116710663e+09,9.014285950714241562e-10,-3.604234813380499181e-11,-1.802117406710749492e+00,9.247155422143323034e-02,2.005394090090098502e-02,1.606497776552023472e-10
2.714999999999999858e+00,1.125243702319409650e-01,5.626218511597047806e+09,9.014195837059047667e-10,-3.604860500779119819e-11,-1.802430250390898436e+00,9.247475562149108652e-02,2.004961461044987847e-02,1.606151202478390384e-10
2.720000000000000195e+00,1.125232451453814231e-01,5.626162257269071579e+09,9.014105707689202639e-10,-3.605491911409958465e-11,-1.802745955719728954e+00,9.247795650322865324e-02,2.004528864215276984e-02,1.605804654212137642e-10
2.725000000000000089e+00,1.125221198608926804e-01,5.626105993044633865e+09,9.014015562463477798e-10,-3.606128900366853667e-11,-1.803064450185047463e+00,9.248115704614463806e-02,2.004096281474804231e-02,1.605458117232609003e-10
2.729999999999999982e+00,1.125209943767559034e-01,5.626049718837795258e+09,9.013925401244184793e-10,-3.606771327381149360e-11,-1.803385663690278307e+00,9.248435707930109662e-02,2.003663729745480682e-02,1.605111605095749948e-10
2.734999999999999876e+00,1.125198686912957241e-01,5.625993434564785957e+09,9.013835223897107367e-10,-3.607419055424090503e-11,-1.803709527725004591e+00,9.248755660836648074e-02,2.003231208292924337e-02,1.604765117213255148e-10
2.740000000000000213e+00,1.125187428028789210e-01,5.625937140143945694e+09,9.013745030291412430e-10,-3.608071950135075835e-11,-1.804035975044826046e+00,9.249075488199134942e-02,2.002798792088757163e-02,1.604418713644015376e-10
2.745000000000000107e+00,1.125176167099139202e-01,5.625880835495696068e+09,9.013654820299601465e-10,-3.608729881155734777e-11,-1.804364940588129684e+00,9.249395323557611792e-02,2.002366347433780225e-02,1.604072287283164197e-10
2.750000000000000000e+00,1.125164904108488656e-01,5.625824520542443275e+09,9.013564593797355429e-10,-3.609392721134663706e-11,-1.804696360544767231e+00,9.249715094243772529e-02,2.001933946841114031e-02,1.603725896220115410e-10
2.754999999999999893e+00,1.125153639041716891e-01,5.625768195208584785e+09,9.013474350663545096e-10,-3.610060346045063323e-11,-1.805030173025443219e+00,9.250034840848486706e-02,2.001501549568682203e-02,1.603379507816867692e-10
2.760000000000000231e+00,1.125142371884079312e-01,5.625711859420396805e+09,9.013384090780052175e-10,-3.610732634994156230e-11,-1.805366317494190298e+00,9.250354521951152653e-02,2.001069196889640467e-02,1.603033155136863586e-10
2.765000000000000124e+00,1.125131102621210050e-01,5.625655513106050491e+09,9.013293814031794131e-10,-3.611409469418505635e-11,-1.805704734710161574e+00,9.250674086332469348e-02,2.000636939879631149e-02,1.602686879096203833e-10
2.770000000000000018e+00,1.125119831239104057e-01,5.625599156195520401e+09,9.013203520306578388e-10,-3.612090734460443890e-11,-1.806045367236947641e+00,9.250993650745624464e-02,2.000204661645416104e-02,1.602340586053080785e-10
2.774999999999999911e+00,1.125108557724113362e-01,5.625542788620566368e+09,9.013113209495072349e-10,-3.612776317295182422e-11,-1.806388158656773157e+00,9.251313156532429971e-02,1.999772420708703646e-02,1.601994322888551228e-10
2.780000000000000249e+00,1.125097282062935550e-01,5.625486410314678192e+09,9.013022881490713439e-10,-3.613466108676646857e-11,-1.806733054327196442e+00,9.251632578929216977e-02,1.999340241700138521e-02,1.601648109333937217e-10
2.785000000000000142e+00,1.125086004242605853e-01,5.625430021213028908e+09,9.012932536189638790e-10,-3.614160001709279253e-11,-1.807080000842688605e+00,9.251951973131432305e-02,1.998908069294626222e-02,1.601301901068951421e-10
2.790000000000000036e+00,1.125074724250488267e-01,5.625373621252441406e+09,9.012842173490627346e-10,-3.614857892356257863e-11,-1.807428946180152707e+00,9.252021218560245452e-02,1.998726023944637220e-02,1.601156066665911176e-10
2.794999999999999929e+00,1.125063442074267922e-01,5.625317210371339798e+09,9.012751793295022309e-10,-3.615559678528936719e-11,-1.807779839276918210e+00,9.252088677150976936e-02,1.998545743591702284e-02,1.601011646181390128e-10
2.800000000000000266e+00,1.125052157701945527e-01,5.625260788509727478e+09,9.012661395506700122e-10,-3.616265261145636817e-11,-1.808132630598265678e+00,9.252156102336565879e-02,1.998365474682889387e-02,1.600867234864621927e-10
2.805000000000000160e+00,1.125040871121824881e-01,5.625204355609124184e+09,9.012570980031965002e-10,-3.616974543686953816e-11,-1.808487271860940382e+00,9.252223493772142315e-02,1.998185217446106499e-02,1.600722832898180328e-10
2.810000000000000053e+00,1.125029582322508992e-01,5.625147911612545013e+09,9.012480546779515857e-10,-3.617687431708714097e-11,-1.808843715858529322e+00,9.252290849103413095e-02,1.998004974121676824e-02,1.600578442076762657e-10
2.814999999999999947e+00,1.125018291292891187e-01,5.625091456464455605e+09,9.012390095660378036e-10,-3.618403833434897827e-11,-1.809201916737947613e+00,9.252358205818635162e-02,1.997824707110276710e-02,1.600434032279989496e-10
2.819999999999999840e+00,1.125006998022147625e-01,5.625034990110737801e+09,9.012299626587844401e-10,-3.619123659143540065e-11,-1.809561829548329115e+00,9.252425533078578734e-02,1.997644447142897517e-02,1.600289628126099269e-10
2.825000000000000178e+00,1.124995702499731187e-01,5.624978512498656273e+09,9.012209139477423622e-10,-3.619846820849093418e-11,-1.809923410401097499e+00,9.252492818563858024e-02,1.997464206433453848e-02,1.600145239399515982e-10
2.830000000000000071e+00,1.124984404715367176e-01,5.624922023576835632e+09,9.012118634246802956e-10,-3.620573233382395038e-11,-1.810286616688244976e+00,9.252560078191864046e-02,1.997283968961807710e-02,1.600000853266694767e-10
2.834999999999999964e+00,1.124973104659039991e-01,5.624865523295200348e+09,9.012028110815752087e-10,-3.621302814369490805e-11,-1.810651407198747620e+00,9.252627307061710160e-02,1.997103739528689748e-02,1.599856473573444376e-10
2.839999999999999858e+00,1.124961802320990079e-01,5.624809011604949951e+09,9.011937569106084870e-10,-3.622035481711712306e-11,-1.811017740852548741e+00,9.252694497121330408e-02,1.996923526088570378e-02,1.599712106691998221e-10
2.845000000000000195e+00,1.124950497691713097e-01,5.624752488458565712e+09,9.011847009041667601e-10,-3.622771156126775678e-11,-1.811385578053887002e+00,9.252761678012670632e-02,1.996743298904460340e-02,1.599567728800402005e-10
2.850000000000000089e+00,1.124939190761944652e-01,5.624695953809722900e+09,9.011756430548280467e-10,-3.623509761233484902e-11,-1.811754880633088760e+00,9.252828824430318899e-02,1.996563083189127619e-02,1.599423360096309125e-10
2.854999999999999982e+00,1.124927881522657103e-01,5.624639407613285065e+09,9.011665833553606167e-10,-3.624251220968281316e-11,-1.812125610478688031e+00,9.252895935683153050e-02,1.996382879543417976e-02,1.599279001061050291e-10
2.859999999999999876e+00,1.124916569965060814e-01,5.624582849825304031e+09,9.011575217987231987e-10,-3.624995461766353450e-11,-1.812497730876202695e+00,9.252963014767533190e-02,1.996202684883074951e-02,1.599134649223863898e-10
2.865000000000000213e+00,1.124905256080587501e-01,5.624526280402937889e+09,9.011484583780518478e-10,-3.625742412667516147e-11,-1.812871206318959594e+00,9.253030066908954354e-02,1.996022493896920658e-02,1.598990300330026783e-10
2.870000000000000107e+00,1.124893939860890507e-01,5.624469699304452896e+09,9.011393930866599463e-10,-3.626492003706847966e-11,-1.813246001867810264e+00,9.253097094055905136e-02,1.995842304552999935e-02,1.598845952751764080e-10
2.875000000000000000e+00,1.124882621297837865e-01,5.624413106489189148e+09,9.011303259180332400e-10,-3.627244166168801058e-11,-1.813622083107475191e+00,9.253164106894849750e-02,1.995662106083528897e-02,1.598701597863129604e-10
2.879999999999999893e+00,1.124871300383511741e-01,5.624356501917558670e+09,9.011212568658288045e-10,-3.627998833942453892e-11,-1.813999416976002976e+00,9.253231033978694120e-02,1.995481969856423288e-02,1.598557292836126904e-10
2.885000000000000231e+00,1.124859977110193449e-01,5.624299885550967216e+09,9.011121859238633614e-10,-3.628755942568599182e-11,-1.814377971284557134e+00,9.253297962453353731e-02,1.995301808648580755e-02,1.598412967797347597e-10
2.890000000000000124e+00,1.124848651470367195e-01,5.624243257351836205e+09,9.011031130861159665e-10,-3.629515428371535117e-11,-1.814757714178995229e+00,9.253364856997130239e-02,1.995121657706541707e-02,1.598268650982383463e-10
2.895000000000000018e+00,1.124837323456711335e-01,5.624186617283556938e+09,9.010940383467214955e-10,-3.630277229750790609e-11,-1.815138614852912724e+00,9.253431746996391982e-02,1.994941487570721372e-02,1.598124318791505638e-10
2.899999999999999911e+00,1.124825993062095186e-01,5.624129965310476303e+09,9.010849616999675425e-10,-3.631041286291740694e-11,-1.815520643169293180e+00,9.253498597354689603e-02,1.994761333266262260e-02,1.597979999282945972e-10
2.905000000000000249e+00,1.124814660279573053e-01,5.624073301397865295e+09,9.010758831402898705e-10,-3.631807539930276838e-11,-1.815903769966098480e+00,9.253565433526567130e-02,1.994581169269163401e-02,1.597835672009726165e-10
2.910000000000000142e+00,1.124803325102378126e-01,5.624016625511890411e+09,9.010668026622678614e-10,-3.632575933576378396e-11,-1.816287966794334352e+00,9.253632119028369629e-02,1.994401131995411636e-02,1.597691446253099029e-10
2.915000000000000036e+00,1.124791987523919845e-01,5.623959937619599342e+09,9.010577202606219315e-10,-3.633346410754123611e-11,-1.816673205379629508e+00,9.253698866939463752e-02,1.994221008299734699e-02,1.597547151264877341e-10
2.919999999999999929e+00,1.124780647537784867e-01,5.623903237688924789e+09,9.010486359302142554e-10,-3.634118916851063208e-11,-1.817059458422590978e+00,9.253765563273018413e-02,1.994040912104830254e-02,1.597402878307203252e-10
2.925000000000000266e+00,1.124769305137722497e-01,5.623846525688612938e+09,9.010395496660375985e-10,-3.634893399859374225e-11,-1.817446699933498167e+00,9.253832277147101826e-02,1.993860774230123145e-02,1.597258571960326093e-10
2.930000000000000160e+00,1.124757960317645106e-01,5.623789801588225365e+09,9.010304614632150073e-10,-3.635669807432420522e-11,-1.817834903733455576e+00,9.253898955710129770e-02,1.993680647466321287e-02,1.597114274514265427e-10
2.935000000000000053e+00,1.124746613071627710e-01,5.623733065358138084e+09,9.010213713170003263e-10,-3.636448089235269209e-11,-1.818224044618546031e+00,9.253965569677666259e-02,1.993500561038610841e-02,1.596970009380976504e-10
2.939999999999999947e+00,1.124735263393897011e-01,5.623676316969485283e+09,9.010122792227686854e-10,-3.637228196034130226e-11,-1.818614098010584712e+00,9.254032033782964850e-02,1.993320600156005262e-02,1.596825844820404102e-10
2.944999999999999840e+00,1.124723911278836530e-01,5.623619556394182205e+09,9.010031851760203253e-10,-3.638010079251664049e-11,-1.819005039622425102e+00,9.254098584789616222e-02,1.993140527998749079e-02,1.596681591119009221e-10
2.950000000000000178e+00,1.124712556720974532e-01,5.623562783604872704e+09,9.009940891723724295e-10,-3.638793692576344286e-11,-1.819396846287418157e+00,9.254165060810655430e-02,1.992960506399089893e-02,1.596537377918714433e-10
2.955000000000000071e+00,1.124701199714984307e-01,5.623505998574921608e+09,9.009849912075575734e-10,-3.639578990268391785e-11,-1.819789495129953139e+00,9.254231555393198361e-02,1.992780441756644705e-02,1.596393130237346956e-10
2.959999999999999964e+00,1.124689840255679446e-01,5.623449201278397560e+09,9.009758912774211389e-10,-3.640365928218565819e-11,-1.820182964103878476e+00,9.254297972845769438e-02,1.992600429711025023e-02,1.596248924690681665e-10
2.964999999999999858e+00,1.124678478338008991e-01,5.623392391690045357e+09,9.009667893779165583e-10,-3.641154462550559719e-11,-1.820577231294009835e+00,9.254364352494426349e-02,1.992420430885663563e-02,1.596104729734610865e-10
2.970000000000000195e+00,1.124667113957059927e-01,5.623335569785299301e+09,9.009576855051082099e-10,-3.641944550679792063e-11,-1.820972275352687575e+00,9.254430696382549837e-02,1.992240443188049437e-02,1.595960543692848650e-10
2.975000000000000089e+00,1.124655747108047193e-01,5.623278735540235519e+09,9.009485796551630419e-10,-3.642736151440461613e-11,-1.821368075718055479e+00,9.254496999492507758e-02,1.992060471587964177e-02,1.595816370546628233e-10
2.979999999999999982e+00,1.124644377786314930e-01,5.623221888931574821e+09,9.009394718243511937e-10,-3.643529224450272610e-11,-1.821764612235710956e+00,9.254563231624192421e-02,1.991880546238956884e-02,1.595672234451606665e-10
2.984999999999999876e+00,1.124633005987329404e-01,5.623165029936647415e+09,9.009303620090406185e-10,-3.644323730618654537e-11,-1.822161865318776108e+00,9.254629492838147009e-02,1.991700567035147029e-02,1.595528055214131357e-10
2.990000000000000213e+00,1.124621631706679975e-01,5.623108158533399582e+09,9.009212502056980144e-10,-3.645119631575014884e-11,-1.822559815787826665e+00,9.254695721148005483e-02,1.991520595918794267e-02,1.595383882455423860e-10
2.995000000000000107e+00,1.124610254940071469e-01,5.623051274700357437e+09,9.009121364108827236e-10,-3.645916890240486386e-11,-1.822958445118274540e+00,9.254761884710070718e-02,1.991340664690643969e-02,1.595239741650689209e-10
3.000000000000000000e+00,1.124598875683324867e-01,5.622994378416624069e+09,9.009030206212468359e-10,-3.646715469536201775e-11,-1.823357734756427817e+00,9.254828005121210066e-02,1.991160751712038601e-02,1.595095615465451647e-10
3.004999999999999893e+00,1.124587493932376614e-01,5.622937469661883354e+09,9.008939028335352924e-10,-3.647515333907953091e-11,-1.823757666948949918e+00,9.254894097557109234e-02,1.990980841766656906e-02,1.594951491710094357e-10
3.010000000000000231e+00,1.124576109683269182e-01,5.622880548416345596e+09,9.008847830445774062e-10,-3.648316448923851027e-11,-1.824158224451821297e+00,9.254960130070771784e-02,1.990800966761920032e-02,1.594807395945279436e-10
3.015000000000000124e+00,1.124564722932154121e-01,5.622823614660770416e+09,9.008756612512905854e-10,-3.649118780639050224e-11,-1.824559390326612629e+00,9.255026166395688425e-02,1.990621062925852780e-02,1.594663277084022319e-10
3.020000000000000018e+00,1.124553333675285816e-01,5.622766668376428604e+09,9.008665374506740257e-10,-3.649922296231023974e-11,-1.824961148086003959e+00,9.255092163779371495e-02,1.990441172973486661e-02,1.594519169344836161e-10
3.024999999999999911e+00,1.124541941909021486e-01,5.622709709545107841e+09,9.008574116398098472e-10,-3.650726963470168635e-11,-1.825363481722888537e+00,9.255158114025077709e-02,1.990261305065137154e-02,1.594375079264854121e-10
3.030000000000000249e+00,1.124530547629815080e-01,5.622652738149075508e+09,9.008482838158568915e-10,-3.651532751058616806e-11,-1.825766375550301746e+00,9.255224021532379441e-02,1.990081454765771363e-02,1.594231003291223282e-10
3.035000000000000142e+00,1.124519150834219910e-01,5.622595754171099663e+09,9.008391539760543399e-10,-3.652339628439654914e-11,-1.826169814230524935e+00,9.255289890213468096e-02,1.989901618128731009e-02,1.594086938262321824e-10
3.040000000000000036e+00,1.124507751518880883e-01,5.622538757594404221e+09,9.008300221177143723e-10,-3.653147565268327623e-11,-1.826573782629566267e+00,9.255355732269843205e-02,1.989721782918965620e-02,1.593942874376793353e-10
3.044999999999999929e+00,1.124496349680541019e-01,5.622481748402705193e+09,9.008208882382280611e-10,-3.653956532491404844e-11,-1.826978266224614345e+00,9.255421561190316226e-02,1.989541935615093959e-02,1.593798800802817866e-10
3.050000000000000266e+00,1.124484945316025775e-01,5.622424726580128670e+09,9.008117523350520327e-10,-3.654766502241502612e-11,-1.827383251118590124e+00,9.255487298577122490e-02,1.989362154583135256e-02,1.593654780318497640e-10
3.055000000000000160e+00,1.124473538422252339e-01,5.622367692111261368e+09,9.008026144057168429e-10,-3.655577446227720488e-11,-1.827788723123376258e+00,9.255553027243479391e-02,1.989182356979043997e-02,1.593510746558435489e-10
3.060000000000000053e+00,1.124462128996222970e-01,5.622310644981114388e+09,9.007934744478209793e-10,-3.656389337768520633e-11,-1.828194668909418397e+00,9.255618716695078463e-02,1.989002573267151242e-02,1.593366723927251477e-10
3.064999999999999947e+00,1.124450717035020419e-01,5.622253585175102234e+09,9.007843324590276570e-10,-3.657202150711760802e-11,-1.828601075365440920e+00,9.255684376025373472e-02,1.988822794324830723e-02,1.593222705116915785e-10
3.070000000000000284e+00,1.124439302535812091e-01,5.622196512679059982e+09,9.007751884370674023e-10,-3.658015858968826218e-11,-1.829007929467479698e+00,9.255750048985543488e-02,1.988642976372577420e-02,1.593078655056178642e-10
3.075000000000000178e+00,1.124427885495842272e-01,5.622139427479211807e+09,9.007660423797329874e-10,-3.658830437467541644e-11,-1.829415218715439551e+00,9.255815693222621543e-02,1.988463161735801177e-02,1.592934607651431592e-10
3.080000000000000071e+00,1.124416465912434770e-01,5.622082329562173843e+09,9.007568942848801531e-10,-3.659645862215698848e-11,-1.829822931103990413e+00,9.255881111224427416e-02,1.988283547899920289e-02,1.592790721105935815e-10
3.084999999999999964e+00,1.124405043782984170e-01,5.622025218914920807e+09,9.007477441504220263e-10,-3.660462109432847835e-11,-1.830231054715113714e+00,9.255946636939678396e-02,1.988103800890163309e-02,1.592646727876404068e-10
3.089999999999999858e+00,1.124393619104961800e-01,5.621968095524808884e+09,9.007385919743328417e-10,-3.661279155147956199e-11,-1.830639577558031306e+00,9.256012104611112401e-02,1.987924086438505600e-02,1.592502760728784865e-10
3.095000000000000195e+00,1.124382191875913234e-01,5.621910959379566193e+09,9.007294377546463908e-10,-3.662096977041705780e-11,-1.831048488529631868e+00,9.256077608965886105e-02,1.987744309793246233e-02,1.592358743758598266e-10
3.100000000000000089e+00,1.124370762093448162e-01,5.621853810467240334e+09,9.007202814894476472e-10,-3.662915553281822362e-11,-1.831457776657771319e+00,9.256143035663069729e-02,1.987564585271411888e-02,1.592214768543878167e-10
3.104999999999999982e+00,1.124359329755248438e-01,5.621796648776242256e+09,9.007111231768799006e-10,-3.663734861591339432e-11,-1.831867430795682594e+00,9.256208467800240702e-02,1.987384829752243676e-02,1.592070768497556420e-10
3.109999999999999876e+00,1.124347894859062946e-01,5.621739474295314789e+09,9.007019628151395871e-10,-3.664554881366180548e-11,-1.832277440684265457e+00,9.256273609890418308e-02,1.987205338700211155e-02,1.591926980312766958e-10
3.115000000000000213e+00,1.124336457402702466e-01,5.621682287013512611e+09,9.006928004024730838e-10,-3.665375592192851681e-11,-1.832687796093523502e+00,9.256338917982485925e-02,1.987025656044538735e-02,1.591783038636540262e-10
3.120000000000000107e+00,1.124325017384043002e-01,5.621625086920214653e+09,9.006836359371786733e-10,-3.666196974166078572e-11,-1.833098487084498629e+00,9.256404142727536755e-02,1.986846031112893263e-02,1.591639143202357302e-10
3.125000000000000000e+00,1.124313574801019538e-01,5.621567874005097389e+09,9.006744694176022013e-10,-3.667019007486466077e-11,-1.833509503761888482e+00,9.256469425051834510e-02,1.986666322958360875e-02,1.591495181099291569e-10
3.129999999999999893e+00,1.124302129651631593e-01,5.621510648258157730e+09,9.006653008421412120e-10,-3.667841673053421237e-11,-1.833920836521429010e+00,9.256534564166639389e-02,1.986486732349676543e-02,1.591351313160831794e-10
3.135000000000000231e+00,1.124290681933933500e-01,5.621453409669667244e+09,9.006561302092369871e-10,-3.668664952655735685e-11,-1.834332476311828941e+00,9.256599667656073560e-02,1.986307151683261440e-02,1.591207453187007468e-10
3.140000000000000124e+00,1.124279231646038574e-01,5.621396158230193138e+09,9.006469575173781641e-10,-3.669488827997497760e-11,-1.834744413994485512e+00,9.256664727672539450e-02,1.986127588787846288e-02,1.591063607449323893e-10
3.145000000000000018e+00,1.124267778786114946e-01,5.621338893930574417e+09,9.006377827650970145e-10,-3.670313281629828750e-11,-1.835156640809145756e+00,9.256729771372583515e-02,1.985948016488565948e-02,1.590919754178313384e-10
3.149999999999999911e+00,1.124256323352385428e-01,5.621281616761927605e+09,9.006286059509702706e-10,-3.671138296209729059e-11,-1.835569148097420111e+00,9.256794692532900604e-02,1.985768540990953679e-02,1.590775978453988622e-10
3.155000000000000249e+00,1.124244865343125566e-01,5.621224326715627670e+09,9.006194270736160238e-10,-3.671963854817715566e-11,-1.835981927433749661e+00,9.256859673637771180e-02,1.985588979793484476e-02,1.590632134076509472e-10
3.160000000000000142e+00,1.124233404756664473e-01,5.621167023783322334e+09,9.006102461316961026e-10,-3.672789940851942504e-11,-1.836394970436231233e+00,9.256924619596391957e-02,1.985409427970252771e-02,1.590488297208622341e-10
3.165000000000000036e+00,1.124221941591381224e-01,5.621109707956906319e+09,9.006010631239118335e-10,-3.673616538515245408e-11,-1.836808269246830605e+00,9.256989501241753848e-02,1.985229914672058393e-02,1.590344491202692647e-10
3.169999999999999929e+00,1.124210475845703189e-01,5.621052379228515625e+09,9.005918780490034205e-10,-3.674443632497503755e-11,-1.837221816240344197e+00,9.257054304997286431e-02,1.985050453459745456e-02,1.590200726922154199e-10
3.175000000000000266e+00,1.124199007518105475e-01,5.620995037590527534e+09,9.005826909057494279e-10,-3.675271207276838788e-11,-1.837635603631497361e+00,9.257119085765690147e-02,1.984870989415364606e-02,1.590056960372879051e-10
3.180000000000000160e+00,1.124187536607111904e-01,5.620937683035559654e+09,9.005735016929670909e-10,-3.676099248093701399e-11,-1.838049624071572907e+00,9.257183799506193966e-02,1.984691566564925069e-02,1.589913226823589027e-10
3.185000000000000053e+00,1.124176063111289869e-01,5.620880315556448936e+09,9.005643104095089031e-10,-3.676927740675586429e-11,-1.838463870328268968e+00,9.257248545050809907e-02,1.984512086062088787e-02,1.589769447089637819e-10
3.189999999999999947e+00,1.124164587029252149e-01,5.620822935146261215e+09,9.005551170542636509e-10,-3.677756670898219482e-11,-1.838878335445770063e+00,9.257313240441358837e-02,1.984332629851162655e-02,1.589625686815651808e-10
3.195000000000000284e+00,1.124153108359654679e-01,5.620765541798273087e+09,9.005459216261542416e-10,-3.678586024827908574e-11,-1.839293012424604967e+00,9.257377879222289385e-02,1.984153204374257407e-02,1.589481951162330701e-10
3.200000000000000178e+00,1.124141627101196833e-01,5.620708135505984306e+09,9.005367241241393583e-10,-3.679415789250939730e-11,-1.839707894614548422e+00,9.257442467264652419e-02,1.983973803747315912e-02,1.589338235416025588e-10
3.205000000000000071e+00,1.124130143252617120e-01,5.620650716263085365e+09,9.005275245472078761e-10,-3.680245951080653914e-11,-1.840122975539998151e+00,9.257507017654893755e-02,1.983794414871277445e-02,1.589194529083231267e-10
3.209999999999999964e+00,1.124118656812697070e-01,5.620593284063485146e+09,9.005183228943840320e-10,-3.681076497315095386e-11,-1.840538248638040386e+00,9.257571525616538344e-02,1.983615042510432358e-02,1.589050835980565546e-10
3.214999999999999858e+00,1.124107167780255268e-01,5.620535838901276588e+09,9.005091191647213246e-10,-3.681907415799341352e-11,-1.840953707884182222e+00,9.257636036739140539e-02,1.983435641063412136e-02,1.588907119577304801e-10
3.220000000000000195e+00,1.124095676154150125e-01,5.620478380770750999e+09,9.004999133573052024e-10,-3.682738694251414078e-11,-1.841369347137515433e+00,9.257700467389626264e-02,1.983256294151874988e-02,1.588763446861782496e-10
3.225000000000000089e+00,1.124084181933276139e-01,5.620420909666380882e+09,9.004907054712499617e-10,-3.683570321024610538e-11,-1.841785160533618182e+00,9.257764864090058110e-02,1.983076955242703276e-02,1.588619780556861341e-10
3.229999999999999982e+00,1.124072685116565135e-01,5.620363425582825661e+09,9.004814955057000909e-10,-3.684402284218117824e-11,-1.842201142120757140e+00,9.257829226359547137e-02,1.982897624806104209e-02,1.588476121039219225e-10
3.234999999999999876e+00,1.124061185702985022e-01,5.620305928514925003e+09,9.004722834598286163e-10,-3.685234572820507621e-11,-1.842617286412860267e+00,9.257893548611784151e-02,1.982718308418066067e-02,1.588332472775715466e-10
3.240000000000000213e+00,1.124049683691537016e-01,5.620248418457685471e+09,9.004630693328357576e-10,-3.686067175968582381e-11,-1.843033587967511266e+00,9.257957887256133833e-02,1.982538949659236327e-02,1.588188790569465317e-10
3.245000000000000107e+00,1.124038179081257166e-01,5.620190895406286240e+09,9.004538531239489281e-10,-3.686900083243836853e-11,-1.843450041633332148e+00,9.258022226142378908e-02,1.982359564670192753e-02,1.588045087350497286e-10
3.250000000000000000e+00,1.124026671871210664e-01,5.620133359356053352e+09,9.004446348324193225e-10,-3.687733283761897665e-11,-1.843866641895147040e+00,9.258086285687140704e-02,1.982180433024965938e-02,1.587901587082301042e-10
3.254999999999999893e+00,1.124015162060502671e-01,5.620075810302513123e+09,9.004354144575301889e-10,-3.688566766532512325e-11,-1.844283383281435817e+00,9.258150468079281992e-02,1.982001152525744714e-02,1.587757967568909107e-10
3.260000000000000231e+00,1.124003649648265546e-01,5.620018248241327286e+09,9.004261919985865921e-10,-3.689400522915944772e-11,-1.844700261441175826e+00,9.258214602247137603e-02,1.981821894235517856e-02,1.587614365846882779e-10
3.265000000000000124e+00,1.123992134633659545e-01,5.619960673168297768e+09,9.004169674549157242e-10,-3.690234542832502933e-11,-1.845117271426715888e+00,9.258278718639299798e-02,1.981642627697295655e-02,1.587470757517484026e-10
3.270000000000000018e+00,1.123980617015879341e-01,5.619903085079396248e+09,9.004077408258721773e-10,-3.691068816710714505e-11,-1.845534408348612487e+00,9.258342893504482862e-02,1.981463276654310546e-02,1.587327081492306883e-10
3.274999999999999911e+00,1.123969096794145972e-01,5.619845483970729828e+09,9.003985121108324642e-10,-3.691903335063810479e-11,-1.845951667506597005e+00,9.258407025778790655e-02,1.981283942162669065e-02,1.587183418726217934e-10
3.280000000000000249e+00,1.123957573967711565e-01,5.619787869838558197e+09,9.003892813091970857e-10,-3.692738089484988852e-11,-1.846369044738821685e+00,9.258470745291080828e-02,1.981104994386034823e-02,1.587040065753002945e-10
3.285000000000000142e+00,1.123946048535851006e-01,5.619730242679255486e+09,9.003800484203852577e-10,-3.693573070995700384e-11,-1.846786535490537062e+00,9.258534720487800185e-02,1.980925764870709871e-02,1.586896487082214686e-10
3.290000000000000036e+00,1.123934520497872069e-01,5.619672602489360809e+09,9.003708134438423554e-10,-3.694408270786802423e-11,-1.847204135410720482e+00,9.258598596530574765e-02,1.980746608448145929e-02,1.586752966965182974e-10
3.294999999999999929e+00,1.123922989853103765e-01,5.619614949265519142e+09,9.003615763790309183e-10,-3.695243681065591855e-11,-1.847621840541251004e+00,9.258662476806762964e-02,1.980567421724274690e-02,1.586609422574128283e-10
3.300000000000000266e+00,1.123911456600904246e-01,5.619557283004521370e+09,9.003523372254368537e-10,-3.696079293361739207e-11,-1.848039646676625125e+00,9.258726411101364517e-02,1.980388154907677944e-02,1.586465814021726807e-10
3.305000000000000160e+00,1.123899920740654285e-01,5.619499603703271866e+09,9.003430959825641634e-10,-3.696915099734310599e-11,-1.848457549858721904e+00,9.258790193029074744e-02,1.980209014377468102e-02,1.586322306635874554e-10
3.310000000000000053e+00,1.123888382271761993e-01,5.619441911358810425e+09,9.003338526499384593e-10,-3.697751092348251268e-11,-1.848875546173076145e+00,9.258853794209784271e-02,1.980030028507835660e-02,1.586178923146804062e-10
3.314999999999999947e+00,1.123876841193656162e-01,5.619384205968280792e+09,9.003246072271022071e-10,-3.698587264046132811e-11,-1.849293632039916702e+00,9.258917521473498946e-02,1.979850890463062674e-02,1.586035417752006304e-10
3.320000000000000284e+00,1.123865297505790561e-01,5.619326487528952599e+09,9.003153597136179317e-10,-3.699423606844669699e-11,-1.849711803428363055e+00,9.258981080873820990e-02,1.979671894184084624e-02,1.585892025924130383e-10
3.325000000000000178e+00,1.123853751207643664e-01,5.619268756038218498e+09,9.003061101090679068e-10,-3.700260114306411533e-11,-1.850130057166097686e+00,9.259044732950644230e-02,1.979492779125792412e-02,1.585748538943533699e-10
3.330000000000000071e+00,1.123842202298708931e-01,5.619211011493544579e+09,9.002968584130461936e-10,-3.701096779379809028e-11,-1.850548389702453278e+00,9.259108225091258748e-02,1.979313797895830562e-02,1.585605159171249104e-10
3.334999999999999964e+00,1.123830650778509938e-01,5.619153253892549515e+09,9.002876046251711517e-10,-3.701933594462741481e-11,-1.850966797224828042e+00,9.259171784585025489e-02,1.979134723200073886e-02,1.585461704524607999e-10
3.339999999999999858e+00,1.123819096646585802e-01,5.619095483232929230e+09,9.002783487450737550e-10,-3.702770553583626615e-11,-1.851385276793735102e+00,9.259235264960050116e-02,1.978955701505807907e-02,1.585318292336841938e-10
3.345000000000000195e+00,1.123807539902498959e-01,5.619037699512495041e+09,9.002690907724031757e-10,-3.703607650220310736e-11,-1.851803825120441616e+00,9.259298650845841638e-02,1.978776748179147948e-02,1.585174934917566311e-10
3.350000000000000089e+00,1.123795980545828632e-01,5.618979902729143143e+09,9.002598307068225443e-10,-3.704444877829464325e-11,-1.852222438901662827e+00,9.259361963149520536e-02,1.978597842308765786e-02,1.585031615514960529e-10
3.354999999999999982e+00,1.123784418576178334e-01,5.618922092880891800e+09,9.002505685480142235e-10,-3.705282230037164456e-11,-1.852641115023288876e+00,9.259425360557325957e-02,1.978418825204457387e-02,1.584888207004155754e-10
3.359999999999999876e+00,1.123772853993166287e-01,5.618864269965831757e+09,9.002413042956722600e-10,-3.706119701358872795e-11,-1.853059850676800124e+00,9.259488650716059255e-02,1.978239889215603620e-02,1.584744863473994313e-10
3.365000000000000213e+00,1.123761286796431114e-01,5.618806433982155800e+09,9.002320379495073473e-10,-3.706957285653600474e-11,-1.853478642835398205e+00,9.259551939441866553e-02,1.978060928522444584e-02,1.584601500153502336e-10
3.370000000000000107e+00,1.123749716985629199e-01,5.618748584928146362e+09,9.002227695092440342e-10,-3.707794977140347627e-11,-1.853897488574148156e+00,9.259615169878021579e-02,1.977881999978270411e-02,1.584458162587186449e-10
3.375000000000000000e+00,1.123738144560434832e-01,5.618690722802174568e+09,9.002134989746214487e-10,-3.708632770482806688e-11,-1.854316385259153321e+00,9.259678352339376084e-02,1.977703093264972234e-02,1.584314842509330644e-10
3.379999999999999893e+00,1.123726569520538537e-01,5.618632847602692604e+09,9.002042263453916433e-10,-3.709470660027032734e-11,-1.854735330023686402e+00,9.259741452400845063e-02,1.977524242804540311e-02,1.584171567494988602e-10
3.385000000000000231e+00,1.123714991865648882e-01,5.618574959328244209e+09,9.001949516213212498e-10,-3.710308640373190725e-11,-1.855154320190194994e+00,9.259804593813085460e-02,1.977345324843403362e-02,1.584028238406620263e-10
3.390000000000000124e+00,1.123703411595490531e-01,5.618517057977452278e+09,9.001856748021897211e-10,-3.711146706333203859e-11,-1.855573353182990104e+00,9.259867673932825616e-02,1.977166442022079695e-02,1.583884937468345800e-10
3.395000000000000018e+00,1.123691828709804386e-01,5.618459143549021721e+09,9.001763958877894349e-10,-3.711984853311918399e-11,-1.855992426644661464e+00,9.259930693856742445e-02,1.976987593241301411e-02,1.583741663799554421e-10
3.399999999999999911e+00,1.123680243208344531e-01,5.618401216041722298e+09,9.001671148779233154e-10,-3.712823075994202600e-11,-1.856411537984968163e+00,9.259993665488863712e-02,1.976808766594581601e-02,1.583598407862099120e-10
3.405000000000000249e+00,1.123668655090883789e-01,5.618343275454419136e+09,9.001578317724095896e-10,-3.713661369594320309e-11,-1.856830684788292274e+00,9.260056608871990169e-02,1.976629942036847720e-02,1.583455153598105936e-10
3.410000000000000142e+00,1.123657064357206914e-01,5.618285321786034584e+09,9.001485465710754803e-10,-3.714499729495941965e-11,-1.857249864740879275e+00,9.260119549224807289e-02,1.976451094347261850e-02,1.583311880803456023e-10
3.415000000000000036e+00,1.123645471007115315e-01,5.618227355035576820e+09,9.001392592737622721e-10,-3.715338150870979767e-11,-1.857669075427111238e+00,9.260182511702819141e-02,1.976272198368334010e-02,1.583168569324778838e-10
3.419999999999999929e+00,1.123633875040423447e-01,5.618169375202116966e+09,9.001299698803210724e-10,-3.716176629653675570e-11,-1.858088314824271947e+00,9.260245212839068873e-02,1.976093537565165592e-02,1.583025446242654603e-10
3.425000000000000266e+00,1.123622276456959085e-01,5.618111382284795761e+09,9.001206783906140525e-10,-3.717015161460633871e-11,-1.858507580720470287e+00,9.260308008232115418e-02,1.975914756337475431e-02,1.582882226689853171e-10
3.430000000000000160e+00,1.123610675256563329e-01,5.618053376282816887e+09,9.001113848045138263e-10,-3.717853741908459168e-11,-1.858926870947470888e+00,9.260370782806306988e-02,1.975735969759326305e-02,1.582739002850861332e-10
3.435000000000000053e+00,1.123599071439091712e-01,5.617995357195458412e+09,9.001020891219046922e-10,-3.718692366761986725e-11,-1.859346183380694129e+00,9.260433498611476966e-02,1.975557215779440157e-02,1.582595805125957554e-10
3.439999999999999947e+00,1.123587465004410868e-01,5.617937325022054672e+09,9.000927913426799436e-10,-3.719531032506029811e-11,-1.859765516259358265e+00,9.260496305076321155e-02,1.975378344967787525e-02,1.582452513808490256e-10
3.445000000000000284e+00,1.123575855952399505e-01,5.617879279761997223e+09,9.000834914667420768e-10,-3.720369735032478631e-11,-1.860184867531643249e+00,9.260559066667885253e-02,1.975199492856109795e-02,1.582309237471354584e-10
3.450000000000000178e+00,1.123564244282949376e-01,5.617821221414747238e+09,9.000741894940047548e-10,-3.721208469957937683e-11,-1.860604234971106052e+00,9.260621372576800792e-02,1.975021070252692967e-02,1.582166305208268318e-10
3.455000000000000071e+00,1.123552629995966251e-01,5.617763149979831696e+09,9.000648854243922904e-10,-3.722047233851923532e-11,-1.861023616933380254e+00,9.260683976242664595e-02,1.974842323716997916e-02,1.582023113446818993e-10
3.459999999999999964e+00,1.123541013091363810e-01,5.617705065456818581e+09,9.000555792578355109e-10,-3.722886023135721974e-11,-1.861443011599476449e+00,9.260746544063173935e-02,1.974663586850464170e-02,1.581879929431221532e-10
3.464999999999999858e+00,1.123529393569069335e-01,5.617646967845346451e+09,9.000462709942763066e-10,-3.723724834061212219e-11,-1.861862417048541829e+00,9.260808987328525421e-02,1.974484948362167924e-02,1.581736824225280713e-10
3.470000000000000195e+00,1.123517771429021067e-01,5.617588857145105362e+09,9.000369606336651502e-10,-3.724563663346141596e-11,-1.862281831679865718e+00,9.260871589460187292e-02,1.974306124830023379e-02,1.581593570782875108e-10
3.475000000000000089e+00,1.123506146671166134e-01,5.617530733355830193e+09,9.000276481759595453e-10,-3.725402507771784905e-11,-1.862701253878185526e+00,9.260934057126157803e-02,1.974127409585503534e-02,1.581450404088420545e-10
3.479999999999999982e+00,1.123494519295462901e-01,5.617472596477314949e+09,9.000183336211264046e-10,-3.726241363632373002e-11,-1.863120681809959933e+00,9.260996139259082549e-02,1.973949053695546463e-02,1.581307525268707739e-10
3.484999999999999876e+00,1.123482889301881393e-01,5.617414446509407043e+09,9.000090169691414297e-10,-3.727080227984466395e-11,-1.863540113976341672e+00,9.261058511035276386e-02,1.973770381983537547e-02,1.581164393447639018e-10
3.490000000000000213e+00,1.123471256690398712e-01,5.617356283451993942e+09,8.999996982199865261e-10,-3.727919097948153063e-11,-1.863959548980346881e+00,9.261120712479707640e-02,1.973591854424279479e-02,1.581021377105654796e-10
3.495000000000000107e+00,1.123459621461002783e-01,5.617298107305013657e+09,8.999903773736516642e-10,-3.728757969902367158e-11,-1.864378984973882325e+00,9.261182893567117269e-02,1.973413321042910562e-02,1.580878356099645776e-10
3.500000000000000000e+00,1.123447983613692913e-01,5.617239918068464279e+09,8.999810544301367405e-10,-3.729596841073075776e-11,-1.864798420530860312e+00,9.261245129490180972e-02,1.973234706646748160e-02,1.580735270193631902e-10
3.504999999999999893e+00,1.123436343148475208e-01,5.617181715742376328e+09,8.999717293894465114e-10,-3.730435708665070192e-11,-1.865217854327056557e+00,9.261307266795727744e-02,1.973056164689024339e-02,1.580592242317205213e-10
3.510000000000000231e+00,1.123424700065365628e-01,5.617123500326828003e+09,8.999624022515934879e-10,-3.731274569734910915e-11,-1.865637284878175706e+00,9.261369370714570004e-02,1.972877629939086275e-02,1.580449220214851268e-10
3.515000000000000124e+00,1.123413054364388874e-01,5.617065271821944237e+09,8.999530730165977293e-10,-3.732113421635619983e-11,-1.866056710830889642e+00,9.261431379735601821e-02,1.972699163908286923e-02,1.580306253162596486e-10
3.520000000000000018e+00,1.123401406045577283e-01,5.617007030227886200e+09,8.999437416844850848e-10,-3.732952261614340319e-11,-1.866476130802766420e+00,9.261493249312688358e-02,1.972520811143084474e-02,1.580163376846088344e-10
3.524999999999999911e+00,1.123389755108973459e-01,5.616948775544867516e+09,8.999344082552896758e-10,-3.733791087024093962e-11,-1.866895543513237499e+00,9.261555182336481118e-02,1.972342368753253472e-02,1.580020428732337121e-10
3.530000000000000249e+00,1.123378101554625558e-01,5.616890507773127556e+09,8.999250727290499660e-10,-3.734629895344957894e-11,-1.867314947681734338e+00,9.261617160601080811e-02,1.972163854945174766e-02,1.579877423406261946e-10
3.535000000000000142e+00,1.123366445382591727e-01,5.616832226912959099e+09,8.999157351058127946e-10,-3.735468683929954155e-11,-1.867734341954928823e+00,9.261679079406419379e-02,1.971985374419497894e-02,1.579734444742330327e-10
3.540000000000000036e+00,1.123354786592937610e-01,5.616773932964688301e+09,8.999063953856305842e-10,-3.736307450428566317e-11,-1.868153725212323479e+00,9.261740897857530241e-02,1.971806968071845856e-02,1.579591525501547669e-10
3.544999999999999929e+00,1.123343125185734814e-01,5.616715625928673744e+09,8.998970535685605137e-10,-3.737146192638508716e-11,-1.868573096333420835e+00,9.261802688634773739e-02,1.971628563222574404e-02,1.579448607461100240e-10
3.550000000000000266e+00,1.123331461161063555e-01,5.616657305805317879e+09,8.998877096546672064e-10,-3.737984907806924273e-11,-1.868992453892133199e+00,9.261864373688777352e-02,1.971450237921858195e-02,1.579305753146071019e-10
3.555000000000000160e+00,1.123319794519012510e-01,5.616598972595062256e+09,8.998783636440214898e-10,-3.738823594049164682e-11,-1.869411797015345655e+00,9.261926122999931954e-02,1.971271822190193146e-02,1.579162826387865009e-10
3.560000000000000053e+00,1.123308125259673412e-01,5.616540626298367500e+09,8.998690155366969829e-10,-3.739662249332350869e-11,-1.869831124655320309e+00,9.261987807002791673e-02,1.971093445593942450e-02,1.579019930980582282e-10
3.564999999999999947e+00,1.123296453383147986e-01,5.616482266915740013e+09,8.998596653327749563e-10,-3.740500870840098285e-11,-1.870250435415073298e+00,9.262049440709432813e-02,1.970915093122047046e-02,1.578877054899038670e-10
3.570000000000000284e+00,1.123284778889545171e-01,5.616423894447726250e+09,8.998503130323428842e-10,-3.741339456730110268e-11,-1.870669728377833962e+00,9.262111024817488991e-02,1.970736764077962722e-02,1.578734197585241138e-10
3.575000000000000178e+00,1.123273101778978073e-01,5.616365508894890785e+09,8.998409586354912395e-10,-3.742178005414200043e-11,-1.871089002699591219e+00,9.262172564894516347e-02,1.970558452895264379e-02,1.578591354579991095e-10
3.580000000000000071e+00,1.123261422051566039e-01,5.616307110257830620e+09,8.998316021423157685e-10,-3.743016514605378652e-11,-1.871508257303503342e+00,9.262234087669311833e-02,1.970380132846348553e-02,1.578448504472117758e-10
3.584999999999999964e+00,1.123249739707436468e-01,5.616248698537182808e+09,8.998222435529183177e-10,-3.743854982164887904e-11,-1.871927491083624773e+00,9.262295627542006804e-02,1.970201769532357872e-02,1.578305619705098357e-10
3.589999999999999858e+00,1.123238054746721198e-01,5.616190273733606339e+09,8.998128828674047662e-10,-3.744693406356310256e-11,-1.872346703195944428e+00,9.262357176130908698e-02,1.970023371336303286e-02,1.578162706994465128e-10
3.595000000000000195e+00,1.123226367169559564e-01,5.616131835847797394e+09,8.998035200858863699e-10,-3.745531785231469930e-11,-1.872765892621828243e+00,9.262418375713948882e-02,1.969845295981646760e-02,1.578020052908304231e-10
3.600000000000000089e+00,1.123214676976094922e-01,5.616073384880475044e+09,8.997941552084785204e-10,-3.746370117223355974e-11,-1.873185058575472794e+00,9.262479740918989901e-02,1.969667028841959322e-02,1.577877245185395541e-10
3.604999999999999982e+00,1.123202984166476737e-01,5.616014920832384109e+09,8.997847882353005385e-10,-3.747208400277913490e-11,-1.873604200125555508e+00,9.262541057034241743e-02,1.969488784630525624e-02,1.577734455830043209e-10
3.609999999999999876e+00,1.123191288740860994e-01,5.615956443704304695e+09,8.997754191664773285e-10,-3.748046632743428231e-11,-1.874023316384409554e+00,9.262602460900123957e-02,1.969310426508485978e-02,1.577591575222235269e-10
3.615000000000000213e+00,1.123179590699407010e-01,5.615897953497035027e+09,8.997660480021367932e-10,-3.748884813391702424e-11,-1.874442406697198749e+00,9.262663836398260520e-02,1.969132070595809580e-02,1.577448696384322163e-10
3.620000000000000107e+00,1.123167890042279099e-01,5.615839450211395264e+09,8.997566747424103510e-10,-3.749722939914571288e-11,-1.874861469957977533e+00,9.262725165976747055e-02,1.968953734446043935e-02,1.577305833378246091e-10
3.625000000000000000e+00,1.123156186769650594e-01,5.615780933848253250e+09,8.997472993874370715e-10,-3.750561010893254635e-11,-1.875280505424598232e+00,9.262785945118119646e-02,1.968775922578386295e-02,1.577163390368441616e-10
3.629999999999999893e+00,1.123144480881695662e-01,5.615722404408478737e+09,8.997379219373562313e-10,-3.751399025205433811e-11,-1.875699512616847642e+00,9.262847123815133588e-02,1.968597685001823028e-02,1.577020606328206294e-10
3.635000000000000231e+00,1.123132772378592770e-01,5.615663861892963409e+09,8.997285423923108292e-10,-3.752236981072339626e-11,-1.876118490545195527e+00,9.262908183556509134e-02,1.968419540229418563e-02,1.576877896632298580e-10
3.640000000000000124e+00,1.123121061260528714e-01,5.615605306302643776e+09,8.997191607524507918e-10,-3.753074876757554539e-11,-1.876537438380182721e+00,9.262969405499818509e-02,1.968241207105468626e-02,1.576735036050168018e-10
3.645000000000000018e+00,1.123109347527692231e-01,5.615546737638461113e+09,8.997097770179269761e-10,-3.753912711159935718e-11,-1.876956355583388358e+00,9.263030549403372671e-02,1.968062925873549640e-02,1.576592217038137693e-10
3.649999999999999911e+00,1.123097631180277334e-01,5.615488155901386261e+09,8.997003911888949955e-10,-3.754750482691296388e-11,-1.877375241369009018e+00,9.263091149659138934e-02,1.967885162143634403e-02,1.576449812590915899e-10
3.655000000000000249e+00,1.123085912218481919e-01,5.615429561092409134e+09,8.996910032655132549e-10,-3.755588190271669539e-11,-1.877794095111312345e+00,9.263152124353379868e-02,1.967706997831439319e-02,1.576307087241910147e-10
3.660000000000000142e+00,1.123074190642507908e-01,5.615370953212539673e+09,8.996816132479437786e-10,-3.756425832249340926e-11,-1.878212916097254492e+00,9.263213067103286125e-02,1.967528839321792955e-02,1.576164366541258255e-10
3.665000000000000036e+00,1.123062466452562497e-01,5.615312332262812614e+09,8.996722211363522092e-10,-3.757263407438464421e-11,-1.878631703715655021e+00,9.263273804951775714e-02,1.967350859573849253e-02,1.576021789044518002e-10
3.669999999999999929e+00,1.123050739648855240e-01,5.615253698244276047e+09,8.996628269309065680e-10,-3.758100914547314781e-11,-1.879050457282573916e+00,9.263334691615975058e-02,1.967172704872577338e-02,1.575879071394710610e-10
3.675000000000000266e+00,1.123039010231601520e-01,5.615195051158007622e+09,8.996534306317794255e-10,-3.758938352474749175e-11,-1.879469176215934567e+00,9.263395402618411489e-02,1.966994699697603710e-02,1.575736473528673623e-10
3.680000000000000160e+00,1.123027278201018109e-01,5.615136391005090714e+09,8.996440322391443862e-10,-3.759775719844339061e-11,-1.879887859948212281e+00,9.263456065461599109e-02,1.966816716548581978e-02,1.575593893307369487e-10
3.685000000000000053e+00,1.123015543557328022e-01,5.615077717786640167e+09,8.996346317531800177e-10,-3.760613015406710845e-11,-1.880306507693603635e+00,9.263516724202298935e-02,1.966638711370981285e-02,1.575451295439228100e-10
3.689999999999999947e+00,1.123003806300757051e-01,5.615019031503785133e+09,8.996252291740673692e-10,-3.761450238272479930e-11,-1.880725119117414579e+00,9.263577279061790959e-02,1.966460783945779556e-02,1.575308759857625021e-10
3.695000000000000284e+00,1.122992066431532932e-01,5.614960332157664299e+09,8.996158245019888340e-10,-3.762287387128745249e-11,-1.881143693564808927e+00,9.263637692870406448e-02,1.966282971444922867e-02,1.575166316340572198e-10
3.700000000000000178e+00,1.122980323949889503e-01,5.614901619749447823e+09,8.996064177371317685e-10,-3.763124460937891441e-11,-1.881562230497365817e+00,9.263698279712191674e-02,1.966104959786703354e-02,1.575023713280882694e-10
3.705000000000000071e+00,1.122968578856061439e-01,5.614842894280306816e+09,8.995970088796839427e-10,-3.763961458768182264e-11,-1.881980729376664385e+00,9.263758828686571856e-02,1.965926959874042534e-02,1.574881119630423064e-10
3.709999999999999964e+00,1.122956831150288687e-01,5.614784155751443863e+09,8.995875979298379863e-10,-3.764798379391419945e-11,-1.882399189678835683e+00,9.263819241005810667e-02,1.965749070497076201e-02,1.574738614528817208e-10
3.714999999999999858e+00,1.122945080832812997e-01,5.614725404164065361e+09,8.995781848877871494e-10,-3.765635221875868242e-11,-1.882817610938218422e+00,9.263879610657270447e-02,1.965571197670859527e-02,1.574596122685823142e-10
3.720000000000000195e+00,1.122933327903880285e-01,5.614666639519401550e+09,8.995687697537285077e-10,-3.766471985056856853e-11,-1.883235992543632165e+00,9.263939886831951132e-02,1.965393392206851719e-02,1.574453684805907707e-10
3.725000000000000089e+00,1.122921572363739379e-01,5.614607861818696976e+09,8.995593525278616186e-10,-3.767308668510869303e-11,-1.883654334247694351e+00,9.264000186962845218e-02,1.965215536674548569e-02,1.574311206816865930e-10
3.729999999999999982e+00,1.122909814212639384e-01,5.614549071063197136e+09,8.995499332103859360e-10,-3.768145270797949582e-11,-1.884072635395568796e+00,9.264060503438827088e-02,1.965037638687566757e-02,1.574168694817876833e-10
3.734999999999999876e+00,1.122898053450838013e-01,5.614490267254190445e+09,8.995405118015078414e-10,-3.768981791028713096e-11,-1.884490895507042296e+00,9.264120769176162340e-02,1.964859765332217789e-02,1.574026202551001042e-10
3.740000000000000213e+00,1.122886290078589228e-01,5.614431450392946243e+09,8.995310883014308214e-10,-3.769818228504357664e-11,-1.884909114276524633e+00,9.264180961935336578e-02,1.964681938850555698e-02,1.573883747834088419e-10
3.745000000000000107e+00,1.122874524096155596e-01,5.614372620480777740e+09,8.995216627103650831e-10,-3.770654582144916276e-11,-1.885327291078283451e+00,9.264241096556125044e-02,1.964504144405430919e-02,1.573741318781271659e-10
3.750000000000000000e+00,1.122862755503798021e-01,5.614313777518990517e+09,8.995122350285200066e-10,-3.771490851463344990e-11,-1.885745425708591938e+00,9.264301188859963565e-02,1.964326366178016647e-02,1.573598902720273023e-10
3.754999999999999893e+00,1.122850984301781985e-01,5.614254921508910179e+09,8.995028052561079706e-10,-3.772327035422028444e-11,-1.886163517716340721e+00,9.264361287053039795e-02,1.964148555964780052e-02,1.573456461035806018e-10
3.760000000000000231e+00,1.122839210490374634e-01,5.614196052451872826e+09,8.994933733933428013e-10,-3.773163133300988634e-11,-1.886581566664972343e+00,9.264421400616124069e-02,1.963970704287622271e-02,1.573313986135075886e-10
3.765000000000000124e+00,1.122827434069846031e-01,5.614137170349229813e+09,8.994839394404413234e-10,-3.773999143977906903e-11,-1.886999571972410195e+00,9.264481300301137534e-02,1.963793040397322776e-02,1.573171661668204205e-10
3.770000000000000018e+00,1.122815655040470539e-01,5.614078275202352524e+09,8.994745033976230499e-10,-3.774835066986915132e-11,-1.887417533478583209e+00,9.264541258621618314e-02,1.963615291783087080e-02,1.573029269329977035e-10
3.774999999999999911e+00,1.122803873402520858e-01,5.614019367012604713e+09,8.994650652651064600e-10,-3.775670901608035315e-11,-1.887835450805141591e+00,9.264601169703121086e-02,1.963437564322087492e-02,1.572886893937360262e-10
3.780000000000000249e+00,1.122792089156276069e-01,5.613960445781380653e+09,8.994556250431150991e-10,-3.776506647015410328e-11,-1.888253323500975966e+00,9.264661133805360271e-02,1.963259757757400414e-02,1.572744455175703639e-10
3.785000000000000142e+00,1.122780302302013727e-01,5.613901511510068893e+09,8.994461827318713755e-10,-3.777342302552589637e-11,-1.888671151275048032e+00,9.264721113422876020e-02,1.963081909597261254e-02,1.572601983092416073e-10
3.790000000000000036e+00,1.122768512840017358e-01,5.613842564200086594e+09,8.994367383316023502e-10,-3.778177867436067767e-11,-1.889088933719904162e+00,9.264781046742541493e-02,1.962904081657632083e-02,1.572459527207543037e-10
3.794999999999999929e+00,1.122756720770569233e-01,5.613783603852846146e+09,8.994272918425341538e-10,-3.779013341072921654e-11,-1.889506670529954135e+00,9.264840446054024847e-02,1.962726761651667484e-02,1.572317478222394393e-10
3.800000000000000266e+00,1.122744926093956486e-01,5.613724630469782829e+09,8.994178432648969492e-10,-3.779848722870228234e-11,-1.889924361428711563e+00,9.264900222265350094e-02,1.962549038674214763e-02,1.572175106421494584e-10
3.805000000000000160e+00,1.122733128810465414e-01,5.613665644052327156e+09,8.994083925989198655e-10,-3.780684011980954562e-11,-1.890342006008722819e+00,9.264959897375467379e-02,1.962371390729186760e-02,1.572032794728193559e-10
3.810000000000000053e+00,1.122721328920388006e-01,5.613606644601940155e+09,8.993989398448369948e-10,-3.781519207875705044e-11,-1.890759603935293853e+00,9.265019713131303347e-02,1.962193576072576717e-02,1.571890349484191827e-10
3.814999999999999947e+00,1.122709526424014170e-01,5.613547632120070457e+09,8.993894850028804647e-10,-3.782354310067435736e-11,-1.891177155033801682e+00,9.265079481456146848e-02,1.962015782783994855e-02,1.571747921357868017e-10
3.820000000000000284e+00,1.122697721321638947e-01,5.613488606608194351e+09,8.993800280732866419e-10,-3.783189317793816985e-11,-1.891594658896792680e+00,9.265139142664029215e-02,1.961838070552360258e-02,1.571605558165317419e-10
3.825000000000000178e+00,1.122685913613556685e-01,5.613429568067783356e+09,8.993705690562914799e-10,-3.784024230737211437e-11,-1.892012115364195779e+00,9.265198239204003317e-02,1.961660896931563536e-02,1.571463626447616724e-10
3.830000000000000071e+00,1.122674103300064785e-01,5.613370516500324249e+09,8.993611079521329997e-10,-3.784859047944707025e-11,-1.892429523999453522e+00,9.265257783745253772e-02,1.961483249255394079e-02,1.571321314969694918e-10
3.834999999999999964e+00,1.122662290381463285e-01,5.613311451907316208e+09,8.993516447610516008e-10,-3.785693769141018042e-11,-1.892846884569735266e+00,9.265317180215359993e-02,1.961305723599272854e-02,1.571179101240608760e-10
3.839999999999999858e+00,1.122650474858051528e-01,5.613252374290257454e+09,8.993421794832872690e-10,-3.786528394008507133e-11,-1.893264197016833350e+00,9.265376730177732334e-02,1.961128018402782947e-02,1.571036743683830184e-10
3.845000000000000195e+00,1.122638656730131357e-01,5.613193283650656700e+09,8.993327121190815409e-10,-3.787362921636613878e-11,-1.893681460816878825e+00,9.265436089675968545e-02,1.960950477625345023e-02,1.570894517841233771e-10
3.850000000000000089e+00,1.122626835998007805e-01,5.613134179990038872e+09,8.993232426686790553e-10,-3.788197351432415216e-11,-1.894098675707937218e+00,9.265495332259238159e-02,1.960773027720839889e-02,1.570752364795881829e-10
3.854999999999999982e+00,1.122615012661986600e-01,5.613075063309932709e+09,8.993137711323244508e-10,-3.789031683014746320e-11,-1.894515841500833631e+00,9.265554530454869764e-02,1.960595596164996235e-02,1.570610226449428300e-10
3.859999999999999876e+00,1.122603186722374857e-01,5.613015933611874580e+09,8.993042975102640204e-10,-3.789865916171848953e-11,-1.894932958079152741e+00,9.265613740036077184e-02,1.960418127187671389e-02,1.570468058125063514e-10
3.865000000000000213e+00,1.122591358179479831e-01,5.612956790897398949e+09,8.992948218027435403e-10,-3.790700050226096757e-11,-1.895350025108200498e+00,9.265672751429923637e-02,1.960240830364874676e-02,1.570326027711679892e-10
3.870000000000000107e+00,1.122579527033612939e-01,5.612897635168065071e+09,8.992853440100130256e-10,-3.791534084542215021e-11,-1.895767042267834768e+00,9.265731930476743539e-02,1.960063339859385856e-02,1.570183842141354395e-10
3.875000000000000000e+00,1.122567693285084905e-01,5.612838466425424576e+09,8.992758641323208375e-10,-3.792368019120203747e-11,-1.896184009572607465e+00,9.265791081211585678e-02,1.959885851639263377e-02,1.570041658401809136e-10
3.879999999999999893e+00,1.122555856934207841e-01,5.612779284671039581e+09,8.992663821699173013e-10,-3.793201853282436576e-11,-1.896600926644168794e+00,9.265850129247922562e-02,1.959708440094155846e-02,1.569899536085722451e-10
3.885000000000000231e+00,1.122544017981296494e-01,5.612720089906482697e+09,8.992568981230545005e-10,-3.794035586435990444e-11,-1.897017793206032366e+00,9.265909069739236559e-02,1.959531110073728377e-02,1.569757479078104735e-10
3.890000000000000124e+00,1.122532176426666445e-01,5.612660882133332253e+09,8.992474119919852422e-10,-3.794869218305579645e-11,-1.897434609170886688e+00,9.265968004507299516e-02,1.959353759759364932e-02,1.569615405813251932e-10
3.895000000000000018e+00,1.122520332270633969e-01,5.612601661353169441e+09,8.992379237769628502e-10,-3.795702748531215175e-11,-1.897851374262245372e+00,9.266026832540770475e-02,1.959176490165569218e-02,1.569473397212702747e-10
3.899999999999999911e+00,1.122508485513517562e-01,5.612542427567587852e+09,8.992284334782426134e-10,-3.796536176647028913e-11,-1.898268088305485435e+00,9.266085759889883255e-02,1.958999095245292366e-02,1.569331288214573925e-10
3.905000000000000249e+00,1.122496636155635996e-01,5.612483180778180122e+09,8.992189410960797168e-10,-3.797369502356559329e-11,-1.898684751184191555e+00,9.266144628943882855e-02,1.958821732612477107e-02,1.569189205081553092e-10
3.910000000000000142e+00,1.122484784197309432e-01,5.612423920986547470e+09,8.992094466307307934e-10,-3.798202725384520714e-11,-1.899101362680085003e+00,9.266203427562912098e-02,1.958644414410182222e-02,1.569047157541303380e-10
3.915000000000000036e+00,1.122472929638859002e-01,5.612364648194294930e+09,8.991999500824528893e-10,-3.799035845074462533e-11,-1.899517922545783222e+00,9.266262176633875691e-02,1.958467119754714325e-02,1.568905128864141362e-10
3.919999999999999929e+00,1.122461072480608196e-01,5.612305362403040886e+09,8.991904514515053259e-10,-3.799868861172274904e-11,-1.899934430592111312e+00,9.266320861722335267e-02,1.958289863083746696e-02,1.568763130615918843e-10
3.925000000000000266e+00,1.122449212722880230e-01,5.612246063614400864e+09,8.991809507381470106e-10,-3.800701773508551235e-11,-1.900350886760861613e+00,9.266379521330872504e-02,1.958112605897929792e-02,1.568621131955256833e-10
3.930000000000000160e+00,1.122437350365999426e-01,5.612186751829997063e+09,8.991714479426377815e-10,-3.801534581490368465e-11,-1.900767290760995820e+00,9.266438216904732128e-02,1.957935286755262128e-02,1.568479083661685207e-10
3.935000000000000053e+00,1.122425485410292884e-01,5.612127427051464081e+09,8.991619430652394413e-10,-3.802367284969495828e-11,-1.901183642476098612e+00,9.266496778864152795e-02,1.957758075238776041e-02,1.568337121586190299e-10
3.939999999999999947e+00,1.122413617856085760e-01,5.612068089280428886e+09,8.991524361062128621e-10,-3.803199883691823439e-11,-1.901599941818858497e+00,9.266555328775000211e-02,1.957580849785857391e-02,1.568195148346382128e-10
3.945000000000000284e+00,1.122401747703706959e-01,5.612008738518534660e+09,8.991429270658211906e-10,-3.804032376937373293e-11,-1.902016188454581425e+00,9.266613841120005524e-02,1.957403635917064066e-02,1.568053184386481380e-10
3.950000000000000178e+00,1.122389874953485800e-01,5.611949374767429352e+09,8.991334159443284010e-10,-3.804864764812024508e-11,-1.902432382412371226e+00,9.266672362264528895e-02,1.957226387270329104e-02,1.567911192566377888e-10
3.955000000000000071e+00,1.122377999605750215e-01,5.611889998028751373e+09,8.991239027419971231e-10,-3.805697046892260612e-11,-1.902848523444845341e+00,9.266730872658628104e-02,1.957049123398874046e-02,1.567769188549929241e-10
3.959999999999999964e+00,1.122366121660832994e-01,5.611830608304164886e+09,8.991143874590939157e-10,-3.806529222923971719e-11,-1.903264611464692280e+00,9.266789423866446385e-02,1.956871792741883553e-02,1.567627131032368118e-10
3.965000000000000302e+00,1.122354241119063178e-01,5.611771205595315933e+09,8.991048700958824428e-10,-3.807361292568344651e-11,-1.903680646311840974e+00,9.266847519421900214e-02,1.956694891768731570e-02,1.567485417729510194e-10
3.970000000000000195e+00,1.122342357980775501e-01,5.611711789903877258e+09,8.990953506526308143e-10,-3.808193255571269524e-11,-1.904096627797116525e+00,9.266905872057218385e-02,1.956517707750536628e-02,1.567343477682575067e-10
3.975000000000000089e+00,1.122330472246301086e-01,5.611652361231505394e+09,8.990858291296044516e-10,-3.809025111848043043e-11,-1.904512555905967019e+00,9.266964162460268606e-02,1.956340560002742257e-02,1.567201566691434290e-10
3.979999999999999982e+00,1.122318583915975082e-01,5.611592919579874992e+09,8.990763055270716717e-10,-3.809856860869269616e-11,-1.904928430420113727e+00,9.267022570369387591e-02,1.956163268790363230e-02,1.567059540772490773e-10
3.984999999999999876e+00,1.122306692990131666e-01,5.611533464950658798e+09,8.990667798453002740e-10,-3.810688502507894300e-11,-1.905344251266797073e+00,9.267080848691156003e-02,1.955986081210160654e-02,1.566917597872072821e-10
3.990000000000000213e+00,1.122294799469106680e-01,5.611473997345533371e+09,8.990572520845590925e-10,-3.811520036382752270e-11,-1.905760018198634498e+00,9.267139190704672125e-02,1.955808803986394673e-02,1.566775583159243623e-10
3.995000000000000107e+00,1.122282903353237077e-01,5.611414516766185760e+09,8.990477222451183049e-10,-3.812351462345612760e-11,-1.906175731171970256e+00,9.267196924317334938e-02,1.955632109215035830e-02,1.566634035042233082e-10
4.000000000000000000e+00,1.122271004642859532e-01,5.611355023214297295e+09,8.990381903272473652e-10,-3.812767148383161604e-11,-1.906383574187891838e+00,9.267255072846754260e-02,1.955454973581841061e-02,1.566492133755956272e-10
