t_ps,E_per_molecule_eV,E_total_eV,E_total_J,P_inst_per_mol_W,P_inst_total_W,E_passive_per_molecule_eV,Ergotropy_per_molecule_eV,Ergotropy_total_J
0.000000000000000000e+00,0.000000000000000000e+00,0.000000000000000000e+00,0.000000000000000000e+00,1.334056352760600391e-30,6.670281763803001732e-20,0.000000000000000000e+00,0.000000000000000000e+00,0.000000000000000000e+00
5.000000000000000104e-03,4.163262415798657843e-26,2.081631207899328928e-15,3.335140881901500839e-34,1.783837307130682552e-25,8.919186535653412222e-15,2.009367261966817492e-28,4.143168743178989852e-26,3.319044075520261805e-34
1.000000000000000021e-02,1.113383673981780591e-20,5.566918369908903242e-10,8.919186535653412662e-29,9.784285284404222534e-23,4.892142642202110718e-12,1.449720650487366165e-22,1.098886467476906976e-20,8.803051108051505812e-29
1.499999999999999944e-02,6.106870580604808110e-18,3.053435290302403962e-07,4.892142675553517899e-26,3.077972883047789501e-21,1.538986441523894669e-10,1.834354589703897326e-19,5.923435121634418546e-18,4.745194672448806636e-26
2.000000000000000042e-02,1.921230906416092096e-16,9.606154532080459928e-06,1.539075633389251542e-24,2.769201076448850116e-19,1.384600538224424764e-08,4.066542612029509014e-17,1.514576645213141256e-16,1.213309655681301253e-24
2.500000000000000139e-02,1.729010051824261568e-14,8.645050259121307354e-04,1.385089752491980415e-22,7.565446413043270231e-18,3.782723206521634987e-07,4.279832442879192345e-16,1.686211727395469782e-14,1.350804514804899663e-22
2.999999999999999889e-02,4.723901474842032271e-13,2.361950737421016078e-02,3.784262282155021470e-21,1.457874781809126208e-16,7.289373909045630667e-06,4.665124942373617877e-14,4.257388980604670294e-13,3.410544573286941214e-21
3.500000000000000333e-02,9.116628780607420011e-12,4.558314390303709884e-01,7.303224806570560174e-20,2.776746330190815472e-15,1.388373165095407706e-04,1.092649267154965736e-12,8.023979513452454478e-12,6.427916244074105970e-20
4.000000000000000083e-02,1.737832643211000014e-10,8.689163216055000305e+00,1.392157427377561498e-18,3.222332785202636844e-14,1.611166392601318456e-03,2.104040938659633270e-11,1.527428549345036655e-10,1.223605165932566784e-18
4.499999999999999833e-02,2.020338560758074915e-09,1.010169280379037389e+02,1.618469617407888379e-17,4.073774648987871997e-13,2.036887324493935961e-02,1.625726363852502555e-10,1.857765924372824660e-09,1.488234577735775182e-17
5.000000000000000278e-02,2.560028470328714366e-08,1.280014235164357160e+03,2.050808898767714059e-16,4.174778315313349047e-12,2.087389157656674432e-01,1.536369983555688238e-09,2.406391471973145439e-08,1.927732094326119798e-16
5.500000000000000028e-02,2.625895059496607051e-07,1.312947529748303532e+04,2.103573853830751627e-15,3.537068277753030074e-11,1.768534138876515005e+00,1.291752900387713682e-08,2.496719769457835484e-07,2.000093038135605318e-15
5.999999999999999778e-02,2.233264659961570106e-06,1.116632329980784998e+05,1.789042227864191255e-14,2.444303547007407183e-10,1.222151773503703609e+01,9.941934230043461392e-08,2.133845317661135651e-06,1.709398554263489475e-14
6.500000000000000222e-02,1.551873227533303858e-05,7.759366137666519498e+05,1.243187512042012506e-13,1.373263539132541816e-09,6.866317695662709752e+01,6.593930796810371238e-07,1.485933919565200209e-05,1.190364302797699514e-13
7.000000000000000666e-02,8.794563307118026193e-05,4.397281653559013270e+06,7.045221918449133490e-13,6.282471560985288783e-09,3.141235780492644949e+02,3.888998376138097275e-06,8.405663469504216551e-05,6.733678802053513387e-13
7.499999999999999722e-02,4.076397648546457690e-04,2.038198824273229018e+07,3.265554531696839438e-12,2.337978749766111208e-08,1.168989374883055461e+03,1.977828635633220385e-05,3.878614784983135414e-04,3.107112990393456965e-12
8.000000000000000167e-02,1.547197191327342796e-03,7.735985956636713445e+07,1.239441594067547901e-11,7.093638803499979709e-08,3.546819401749989083e+03,8.368344017866123944e-05,1.463513751148681503e-03,1.172403767814054111e-11
8.500000000000000611e-02,4.835140861153859951e-03,2.417570430576930046e+08,3.873374854919676137e-11,1.758936203558363156e-07,8.794681017791815975e+03,2.953092865704927601e-04,4.539831574583367245e-03,3.636806035546449026e-11
8.999999999999999667e-02,1.252561346723441403e-02,6.262806733617206812e+08,1.003412261185935010e-10,3.574535746310674009e-07,1.787267873155336565e+04,8.753979580560524408e-04,1.165021550917836116e-02,9.332851534934991357e-11
9.500000000000000111e-02,2.714563815873631200e-02,1.357281907936815500e+09,2.174605358647304730e-10,5.971696339489782712e-07,2.985848169744891493e+04,2.200912160018460902e-03,2.494472599871785240e-02,1.998292856833902724e-10
1.000000000000000056e-01,4.979801036008403570e-02,2.489900518004201889e+09,3.989260430930828502e-10,8.228579911521071749e-07,4.114289955760537123e+04,4.748228727680291195e-03,4.504978163240374450e-02,3.608885374911982615e-10
1.049999999999999961e-01,7.850439434642059178e-02,3.925219717321029663e+09,6.288895314407838752e-10,9.385745028953868210e-07,4.692872514476934157e+04,8.912304620463643370e-03,6.959208972595694320e-02,5.574941003507983737e-10
1.100000000000000006e-01,1.083792231288745744e-01,5.418961156443728447e+09,8.682132945407759376e-10,8.893702568468802742e-07,4.446851284234401828e+04,1.478713066590119779e-02,9.359209246297336970e-02,7.497553183567171440e-10
1.150000000000000050e-01,1.340145196330737309e-01,6.700725981653686523e+09,1.073574659864224839e-09,7.016301101630675459e-07,3.508150550815337920e+04,2.206589437890584329e-02,1.119486252541678911e-01,8.968073579532505077e-10
1.199999999999999956e-01,1.521715301238515117e-01,7.608576506192575455e+09,1.219028349622309921e-09,4.587449650582990558e-07,2.293724825291495654e+04,3.015129000579467103e-02,1.220202401180568441e-01,9.774898879611003220e-10
1.250000000000000000e-01,1.626471282558192011e-01,8.132356412790960312e+09,1.302947142393373495e-09,2.413166150557872270e-07,1.206583075278939214e+04,3.839177645951172974e-02,1.242553517963074783e-01,9.953951064874687544e-10
1.300000000000000044e-01,1.672333285507400513e-01,8.361666427537002563e+09,1.339686657150203933e-09,8.866820416898599371e-08,4.433410208449320635e+03,4.627627349144291385e-02,1.209570550592971305e-01,9.689728366672866758e-10
1.350000000000000089e-01,1.681813622651878726e-01,8.409068113259393692e+09,1.347281244477866628e-09,8.120183072212124357e-10,4.060091536102117971e+01,5.350493560263137188e-02,1.146764266625565076e-01,9.186594563468131592e-10
1.400000000000000133e-01,1.672840107470715265e-01,8.364200537353576660e+09,1.340092666303814337e-09,-4.066071789942956005e-08,-2.033035894971486414e+03,5.995972904802472636e-02,1.073242816990468002e-01,8.597622819952330079e-10
1.449999999999999900e-01,1.656435198677541076e-01,8.282175993387705803e+09,1.326950885528151891e-09,-5.579465329474622652e-08,-2.789732664737326559e+03,6.564483465900354531e-02,9.999868520875056233e-02,8.010777843609076915e-10
1.499999999999999944e-01,1.638015823986160024e-01,8.190079119930800438e+09,1.312195339656441080e-09,-5.895612761266059778e-08,-2.947806380633031949e+03,7.062390683809857683e-02,9.317767556051742561e-02,7.464354729674693392e-10
1.549999999999999989e-01,1.619637678128592329e-01,8.098188390642961502e+09,1.297472821721821544e-09,-5.777039881468484664e-08,-2.888519940734244301e+03,7.497731719524160232e-02,8.698645061761763053e-02,6.968382932707091351e-10
1.600000000000000033e-01,1.601958377142453094e-01,8.009791885712265015e+09,1.283310140249098814e-09,-5.510054220248890823e-08,-2.755027110124428873e+03,7.878279436974852667e-02,8.141304334449678271e-02,6.521903787469097107e-10
1.650000000000000078e-01,1.585246624712138008e-01,7.926233123560689926e+09,1.269922550620577242e-09,-5.191538161716226514e-08,-2.595769080858124653e+03,8.211018021135460532e-02,7.641448225985919551e-02,6.121474898797695944e-10
1.700000000000000122e-01,1.569555344595691682e-01,7.847776722978458405e+09,1.257352449440517534e-09,-4.884517351222637037e-08,-2.442258675611315994e+03,8.502340827915184918e-02,7.193212618041731898e-02,5.762398590010214854e-10
1.750000000000000167e-01,1.554759865340120950e-01,7.773799326700604439e+09,1.245499963864464074e-09,-4.620129085497123189e-08,-2.310064542748572421e+03,8.757741398352887618e-02,6.789857255048321882e-02,5.439275321116899066e-10
1.799999999999999933e-01,1.540718766983381338e-01,7.703593834916906357e+09,1.234251804013031905e-09,-4.382183077445249295e-08,-2.191091538722670521e+03,8.981722625815931338e-02,6.425465044017882044e-02,5.147364978054615493e-10
1.849999999999999978e-01,1.527408429896297548e-01,7.637042149481487274e+09,1.223589048477237232e-09,-4.149580633346011679e-08,-2.074790316672995687e+03,9.178450955394176769e-02,6.095633343568798712e-02,4.883140656248611842e-10
1.900000000000000022e-01,1.514819121805145441e-01,7.574095609025727272e+09,1.213503900846301926e-09,-3.931268018229295823e-08,-1.965634009114626679e+03,9.351484331320933374e-02,5.796706886730521036e-02,4.643674164033262641e-10
1.950000000000000067e-01,1.502871384886382000e-01,7.514356924431909561e+09,1.203932708386090878e-09,-3.741450803017338801e-08,-1.870725401508665527e+03,9.503929706000195654e-02,5.524784142863624348e-02,4.425840030794908182e-10
2.000000000000000111e-01,1.491466822666464298e-01,7.457334113332321167e+09,1.194796646831215227e-09,-3.572621003638676776e-08,-1.786310501819330966e+03,9.638403710220347365e-02,5.276264516444295616e-02,4.226753861525179331e-10
2.050000000000000155e-01,1.480572838472562214e-01,7.402864192362811089e+09,1.186069603367897603e-09,-3.409520985800382952e-08,-1.704760492900168174e+03,9.757068112864657194e-02,5.048660271860964943e-02,4.044422760289862667e-10
2.099999999999999922e-01,1.470186266494027116e-01,7.350931332470135689e+09,1.177749041902213545e-09,-3.253880146304510956e-08,-1.626940073152232799e+03,9.861922894922221794e-02,4.839939770018049370e-02,3.877219204745125751e-10
2.149999999999999967e-01,1.460263716012194790e-01,7.301318580060974121e+09,1.169800202636375050e-09,-3.115153680466750677e-08,-1.557576840233377879e+03,9.954730768041344935e-02,4.647906392080602966e-02,3.723383509205391838e-10
2.200000000000000011e-01,1.450743006529053858e-01,7.253715032645269394e+09,1.162173273499879772e-09,-2.991332453712897170e-08,-1.495666226856454159e+03,1.003700438209783885e-01,4.470425683192699728e-02,3.581205786822414674e-10
2.250000000000000056e-01,1.441593287357616771e-01,7.207966436788084030e+09,1.154843540367810581e-09,-2.872882996908034350e-08,-1.436441498454005341e+03,1.008219415999138391e-01,4.333738713584783797e-02,3.471707452383378879e-10
2.300000000000000100e-01,1.432811881233988505e-01,7.164059406169942856e+09,1.147808858515339715e-09,-2.758500377989275113e-08,-1.379250188994643395e+03,1.011095917987260007e-01,4.217159632467284980e-02,3.378317312493555689e-10
2.350000000000000144e-01,1.424376082216493311e-01,7.121880411082466125e+09,1.141051038477864200e-09,-2.654001569906780530e-08,-1.327000784953401308e+03,1.013273414782455834e-01,4.111026674340374776e-02,3.293295439689437981e-10
2.399999999999999911e-01,1.416246906351782409e-01,7.081234531758912086e+09,1.134538850665805883e-09,-2.559674273280087100e-08,-1.279837136640024255e+03,1.014851068880053275e-01,4.013958374717291333e-02,3.215535158910329947e-10
2.449999999999999956e-01,1.408399852012152120e-01,7.041999260060760498e+09,1.128252667111464011e-09,-2.469986827205290116e-08,-1.234993413602656801e+03,1.015910546240247347e-01,3.924893057719047729e-02,3.144185974013135205e-10
2.500000000000000000e-01,1.400830461155981865e-01,7.004152305779909134e+09,1.122188916529779196e-09,-2.382843640413203202e-08,-1.191421820206611301e+03,1.016523181472469284e-01,3.843072796835125815e-02,3.078640718925133938e-10
2.550000000000000044e-01,1.393527311807492008e-01,6.967636559037460327e+09,1.116338448909397947e-09,-2.301476195568747949e-08,-1.150738097784385900e+03,1.016754070761759499e-01,3.767732410457325098e-02,3.018286415599611213e-10
2.600000000000000089e-01,1.386465776596683963e-01,6.932328882983419418e+09,1.110681535551935486e-09,-2.226955512614562640e-08,-1.113477756307300297e+03,1.016660864260855723e-01,3.698049123358282397e-02,2.962463948414411648e-10
2.650000000000000133e-01,1.379627748767087714e-01,6.898138743835438728e+09,1.105203671346325038e-09,-2.156219641408265846e-08,-1.078109820704150479e+03,1.016291216220474025e-01,3.633365325466136886e-02,2.910646513623824536e-10
2.700000000000000178e-01,1.373007712138303582e-01,6.865038560691517830e+09,1.099900437344893948e-09,-2.087354796205785431e-08,-1.043677398102910956e+03,1.015685240214468793e-01,3.573224719238347891e-02,2.862468576597445307e-10
2.750000000000000222e-01,1.366599504864949854e-01,6.832997524324748993e+09,1.094766897365295931e-09,-2.021947909492345638e-08,-1.010973954746164964e+03,1.014879537021319833e-01,3.517199678436300214e-02,2.817587570951476822e-10
2.800000000000000266e-01,1.360387705913120304e-01,6.801938529565601349e+09,1.089790697797432303e-09,-1.961150384700467844e-08,-9.805751923502248246e+02,1.013907915289772449e-01,3.464797906233478553e-02,2.775609123449700705e-10
2.850000000000000311e-01,1.354358966942459663e-01,6.771794834712298393e+09,1.084961145441793626e-09,-1.903360706346668389e-08,-9.516803531733166892e+02,1.012797986699086744e-01,3.415609802433729192e-02,2.736205108160338672e-10
2.899999999999999800e-01,1.348507862792485412e-01,6.742539313962427139e+09,1.080273894265699067e-09,-1.847097649426624990e-08,-9.235488247133325785e+02,1.011572396822692232e-01,3.369354659697931798e-02,2.699150653713523684e-10
2.949999999999999845e-01,1.342830290202148003e-01,6.714151451010740280e+09,1.075725657194660243e-09,-1.793026390271779669e-08,-8.965131951359071536e+02,1.010251696216841882e-01,3.325785939853061202e-02,2.664248261259151679e-10
2.999999999999999889e-01,1.337316672306856358e-01,6.686583361534281731e+09,1.071308762314340049e-09,-1.742083435918052384e-08,-8.710417179590149317e+02,1.008854905935837321e-01,3.284617663710190372e-02,2.631268836210068181e-10
3.049999999999999933e-01,1.331957060628397860e-01,6.659785303141989708e+09,1.067015240015070192e-09,-1.693518887246972334e-08,-8.467594436234794557e+02,1.007397685596575360e-01,3.245593750318225001e-02,2.600007235108144960e-10
3.099999999999999978e-01,1.326746558804333675e-01,6.633732794021668434e+09,1.062841167878105191e-09,-1.646263862937339583e-08,-8.231319314686552389e+02,1.005893116668045151e-01,3.208534421362885247e-02,2.570319439646162387e-10
3.150000000000000022e-01,1.321681889788917652e-01,6.608409448944588661e+09,1.058783920700383571e-09,-1.600516805202141916e-08,-8.002584026010736125e+02,1.004352020180779848e-01,3.173298696081378045e-02,2.542092511782125548e-10
3.200000000000000067e-01,1.316756918640837604e-01,6.583784593204188347e+09,1.054838583852094428e-09,-1.556932515079548858e-08,-7.784662575398106128e+02,1.002785366421982405e-01,3.139715522188551988e-02,2.515189423528803135e-10
3.250000000000000111e-01,1.311964281367725416e-01,6.559821406838626862e+09,1.050999258124985453e-09,-1.515230259752738787e-08,-7.576151298763725208e+02,1.001202257375768817e-01,3.107620239919565985e-02,2.489478267872301437e-10
3.300000000000000155e-01,1.307299595224693245e-01,6.536497976123466492e+09,1.047262432553330806e-09,-1.474682265310841588e-08,-7.373411326554050902e+02,9.996097209153816110e-02,3.076898743093116340e-02,2.464867635683879740e-10
3.350000000000000200e-01,1.302760038626841477e-01,6.513800193134207726e+09,1.043625846798431316e-09,-1.435266111618659353e-08,-7.176330558093177387e+02,9.980137788190525383e-02,3.047462598077889384e-02,2.441286683814663801e-10
3.400000000000000244e-01,1.298341368764759640e-01,6.491706843823798180e+09,1.040086101995237673e-09,-1.397394978889434305e-08,-6.986974894447193947e+02,9.964201365637725960e-02,3.019212322009870442e-02,2.418655717704549151e-10
3.450000000000000289e-01,1.294038185185497070e-01,6.470190925927485466e+09,1.036638871903984049e-09,-1.361013788187056015e-08,-6.805068940935307182e+02,9.948337212595925738e-02,2.992044639259044958e-02,2.396892004452900179e-10
3.500000000000000333e-01,1.289846588855323994e-01,6.449232944276619911e+09,1.033281033054302384e-09,-1.325662891882465214e-08,-6.628314459411922144e+02,9.932577938695520692e-02,2.965887949857719252e-02,2.375938186162100818e-10
3.549999999999999822e-01,1.285764048216137267e-01,6.428820241080686569e+09,1.030010557444572173e-09,-1.291229293845409058e-08,-6.456146469226951012e+02,9.916958467555729573e-02,2.940682014605643102e-02,2.355746005912603912e-10
3.599999999999999867e-01,1.281787369500578533e-01,6.408936847502892494e+09,1.026824886585075463e-09,-1.257950482115172141e-08,-6.289752410576038528e+02,9.901508168855531478e-02,2.916365526150253851e-02,2.336266351100526078e-10
3.649999999999999911e-01,1.277912538866793069e-01,6.389562694333965302e+09,1.023720805033996322e-09,-1.225856167417618066e-08,-6.129280837087862892e+02,9.886195221361991636e-02,2.892930167305939049e-02,2.317492558925643196e-10
3.699999999999999956e-01,1.274136177107657864e-01,6.370680885538289070e+09,1.020695605747987546e-09,-1.194679375783324222e-08,-5.973396878916682908e+02,9.870984150311502836e-02,2.870377620765075799e-02,2.299425977373158687e-10
3.750000000000000000e-01,1.270455936701770372e-01,6.352279683508852005e+09,1.017747408155079696e-09,-1.164290191210594106e-08,-5.821450956053158734e+02,9.856003402784682677e-02,2.848555964233021043e-02,2.281944903267742983e-10
3.800000000000000044e-01,1.266869249313911094e-01,6.334346246569555283e+09,1.014874154791934331e-09,-1.134808993845073371e-08,-5.674044969225215027e+02,9.841265715733264752e-02,2.827426777405846192e-02,2.265018558552782685e-10
3.850000000000000089e-01,1.263373016068906618e-01,6.316865080344532967e+09,1.012073363185854362e-09,-1.106281711256887454e-08,-5.531408556284295628e+02,9.826782407482226311e-02,2.806947753206839868e-02,2.248613051523398727e-10
3.900000000000000133e-01,1.259964381974191250e-01,6.299821909870956421e+09,1.009342746235649924e-09,-1.078562908667966640e-08,-5.392814543339773081e+02,9.812561694570234860e-02,2.787082125171677638e-02,2.232698928994562269e-10
3.950000000000000178e-01,1.256641155887078809e-01,6.283205779435394287e+09,1.006680548642514570e-09,-1.051543389569850484e-08,-5.257716947848966811e+02,9.798607957812671687e-02,2.767803601058116403e-02,2.217255128558185751e-10
4.000000000000000222e-01,1.253401164366002019e-01,6.267005821830010414e+09,1.004085029287800989e-09,-1.025272769724011531e-08,-5.126363848620094359e+02,9.784924167614057755e-02,2.749087476045962430e-02,2.202261859471437603e-10
4.050000000000000266e-01,1.250241906591048890e-01,6.251209532955244064e+09,1.001554184793894354e-09,-9.997870415489155135e-09,-4.998935207744507352e+02,9.771515166950416054e-02,2.730903898960072851e-02,2.187695208306662662e-10
4.100000000000000311e-01,1.247160984473646289e-01,6.235804922368231773e+09,9.990860940800564443e-10,-9.750074579563072189e-09,-4.875037289781321306e+02,9.758383060261274777e-02,2.713226784475188114e-02,2.173534278414550085e-10
4.150000000000000355e-01,1.244156388694547671e-01,6.220781943472738266e+09,9.966791475041128376e-10,-9.508559020338846958e-09,-4.754279510169435525e+02,9.745526824706074454e-02,2.696037062239402260e-02,2.159763792758986976e-10
4.199999999999999845e-01,1.241226208732597175e-01,6.206131043662985802e+09,9.943318145698869034e-10,-9.273458240604076316e-09,-4.636729120302043157e+02,9.732944841333829311e-02,2.679317245992142438e-02,2.146369743300919999e-10
4.249999999999999889e-01,1.238368351318511196e-01,6.191841756592556000e+09,9.920424183838107250e-10,-9.044980229304464269e-09,-4.522490114652318880e+02,9.720635885185878455e-02,2.663047627999233502e-02,2.133336342404748125e-10
4.299999999999999933e-01,1.235580776114644647e-01,6.177903880573223114e+09,9.898093244552344711e-10,-8.822663062391567537e-09,-4.411331531195755815e+02,9.708599428056793879e-02,2.647208333089652588e-02,2.120647668303164937e-10
4.349999999999999978e-01,1.232861678162028296e-01,6.164308390810141563e+09,9.876310868526149165e-10,-8.605980790703877861e-09,-4.302990395351953339e+02,9.696832509519955068e-02,2.631784272100327893e-02,2.108291633243921626e-10
4.400000000000000022e-01,1.230209345394663312e-01,6.151046726973316193e+09,9.855063340598825073e-10,-8.394926406215626793e-09,-4.197463203107909067e+02,9.685331157495950805e-02,2.616762296450682312e-02,2.096257704052731911e-10
4.450000000000000067e-01,1.227621977227645739e-01,6.138109886138228416e+09,9.834336236495069873e-10,-8.189590299509067622e-09,-4.094795149754500017e+02,9.674092355911016738e-02,2.602127416365440649e-02,2.084533872595749228e-10
4.500000000000000111e-01,1.225097805177613325e-01,6.125489025888066292e+09,9.814115389101279801e-10,-7.989662274065291073e-09,-3.994831137032742845e+02,9.663113201897148563e-02,2.587864849878984685e-02,2.073108297213013258e-10
4.550000000000000155e-01,1.222635222269100180e-01,6.113176111345500946e+09,9.794387925124743268e-10,-7.794773886379475662e-09,-3.897386943189630983e+02,9.652389497420403586e-02,2.573962725270598217e-02,2.061971467607756805e-10
4.600000000000000200e-01,1.220232689983092450e-01,6.101163449915462494e+09,9.775141519669382489e-10,-7.604880087105965621e-09,-3.802440043552924180e+02,9.641916292209136430e-02,2.560410607621788071e-02,2.051115024488685296e-10
4.650000000000000244e-01,1.217888629461714584e-01,6.089443147308572769e+09,9.756363524689213655e-10,-7.420008187192453776e-09,-3.710004093596216990e+02,9.631689235075430178e-02,2.547197059541715658e-02,2.040529805495621750e-10
4.700000000000000289e-01,1.215601485139799071e-01,6.078007425698995590e+09,9.738041478733421858e-10,-7.239926808178593265e-09,-3.619963404089212418e+02,9.621704451142959469e-02,2.534310400255031237e-02,2.030206453295898998e-10
4.750000000000000333e-01,1.213369822574546647e-01,6.066849112872733116e+09,9.720163890648321648e-10,-7.064352389754345151e-09,-3.532176194877247326e+02,9.611957462189295309e-02,2.521740763556171161e-02,2.020137064187507655e-10
4.799999999999999822e-01,1.211192263185215112e-01,6.055961315926075935e+09,9.702719716784649454e-10,-6.893229365960787809e-09,-3.446614682980434736e+02,9.602443096985734117e-02,2.509479534866417005e-02,2.010314737132080682e-10
4.849999999999999867e-01,1.209067407210548117e-01,6.045337036052741051e+09,9.685697743818516783e-10,-6.726561501187674656e-09,-3.363280750593839912e+02,9.593156471612997171e-02,2.497517600492484002e-02,2.000732171256402333e-10
4.899999999999999911e-01,1.206993873720256932e-01,6.034969368601284981e+09,9.669086909278711164e-10,-6.564170636288515912e-09,-3.282085318144236226e+02,9.584093146669341035e-02,2.485845590533228289e-02,1.991381860442134982e-10
4.949999999999999956e-01,1.204970374151277668e-01,6.024851870756388664e+09,9.652876890637073691e-10,-6.405823095357385396e-09,-3.202911547678813804e+02,9.575248683341515410e-02,2.474455058171261268e-02,1.982257038042552804e-10
5.000000000000000000e-01,1.202995673422350559e-01,6.014978367111752510e+09,9.637057793801923194e-10,-6.251451866731137536e-09,-3.125725933365611127e+02,9.566579892802755392e-02,2.463376841420750196e-02,1.973382408030524575e-10
5.050000000000000044e-01,1.201068524795801951e-01,6.005342623979009628e+09,9.621619631303417358e-10,-6.101052699280582587e-09,-3.050526349640276749e+02,9.558083036170164637e-02,2.452602211787854869e-02,1.964750978111610029e-10
5.100000000000000089e-01,1.199187695843718093e-01,5.995938479218590736e+09,9.606552530305519554e-10,-5.954490494811983515e-09,-2.977245247405953705e+02,9.549794382251672320e-02,2.442082576185508613e-02,1.956323820931473281e-10
5.150000000000000133e-01,1.197352024150085958e-01,5.986760120750430107e+09,9.591847178829357837e-10,-5.811569834843240807e-09,-2.905784917421697173e+02,9.541709308882609375e-02,2.431810932618250209e-02,1.948095327273354521e-10
5.200000000000000178e-01,1.195560399257614564e-01,5.977801996288072586e+09,9.577494681131303432e-10,-5.672211458182458880e-09,-2.836105729091359535e+02,9.533822910978352605e-02,2.421781081597793039e-02,1.940060530799615596e-10
5.250000000000000222e-01,1.193811708221235307e-01,5.969058541106176376e+09,9.563486121538444385e-10,-5.536403532642067649e-09,-2.768201766321144532e+02,9.526130508178330680e-02,2.411986574034022390e-02,1.932214265219510847e-10
5.300000000000000266e-01,1.192104847968728093e-01,5.960524239843640327e+09,9.549812663468091605e-10,-5.404045096731947804e-09,-2.702022548366221599e+02,9.518627567073238704e-02,2.402420912614042225e-02,1.924551325611587149e-10
5.350000000000000311e-01,1.190438768570230565e-01,5.952193842851152420e+09,9.536465896054782942e-10,-5.274974855574464787e-09,-2.637487427787127672e+02,9.511309760122096946e-02,2.393077925580208709e-02,1.917066767852900635e-10
5.400000000000000355e-01,1.188812467625866287e-01,5.944062338129331589e+09,9.523437789190221018e-10,-5.149106830174453176e-09,-2.574553415086993482e+02,9.504172659768306275e-02,2.383952016490356596e-02,1.909756108699015782e-10
5.450000000000000400e-01,1.187224948869640279e-01,5.936124744348201752e+09,9.510720361903912479e-10,-5.026419452908059663e-09,-2.513209726454078918e+02,9.497211782973587202e-02,2.375037705722815584e-02,1.902614958489031390e-10
5.500000000000000444e-01,1.185675223363128888e-01,5.928376116815644264e+09,9.498305691925679860e-10,-4.906835695443129274e-09,-2.453417847721721046e+02,9.490422887540565788e-02,2.366329346090723096e-02,1.895638793327527748e-10
5.550000000000000488e-01,1.184162342917640665e-01,5.920811714588203430e+09,9.486186183426696436e-10,-4.790223738696738627e-09,-2.395111869348183973e+02,9.483801934091642960e-02,2.357821495084763685e-02,1.888823253283876943e-10
5.600000000000000533e-01,1.182685400869751685e-01,5.913427004348758698e+09,9.474354573232197854e-10,-4.676498073022725184e-09,-2.338249036511406302e+02,9.477344743532636895e-02,2.349509265164879956e-02,1.882164423006840285e-10
5.650000000000000577e-01,1.181243502401693735e-01,5.906217512008468628e+09,9.462803693061581701e-10,-4.565628690766766894e-09,-2.282814345383521868e+02,9.471047316880491784e-02,2.341387707136445562e-02,1.875658337754424007e-10
5.700000000000000622e-01,1.179835759579347665e-01,5.899178797896738052e+09,9.451526429778361042e-10,-4.457553703992156566e-09,-2.228776851995789912e+02,9.464905724219048466e-02,2.333451871574428182e-02,1.869301032600058554e-10
5.750000000000000666e-01,1.178461316212357640e-01,5.892306581061788559e+09,9.440515924541624823e-10,-4.352164594805194302e-09,-2.176082297402463155e+02,9.458916236333697602e-02,2.325696925789878799e-02,1.863088636133087713e-10
5.799999999999999600e-01,1.177119352098145444e-01,5.885596760490727425e+09,9.429765606804337717e-10,-4.249380586047778600e-09,-2.124690293024032144e+02,9.453075144306473387e-02,2.318118376674981052e-02,1.857017548977332578e-10
5.849999999999999645e-01,1.175809061463491956e-01,5.879045307317460060e+09,9.419269021611383051e-10,-4.149167002416416180e-09,-2.074583501208253438e+02,9.447378712403173284e-02,2.310711902231746273e-02,1.851084308830698004e-10
5.899999999999999689e-01,1.174529645748441931e-01,5.872648228742209435e+09,9.409019771792254561e-10,-4.051471979912222489e-09,-2.025735989956010599e+02,9.441823278073253889e-02,2.303473179411165417e-02,1.845285452549129361e-10
5.949999999999999734e-01,1.173280331550737438e-01,5.866401657753686905e+09,9.399011661711822303e-10,-3.956204582174464455e-09,-1.978102291087125195e+02,9.436405423542708337e-02,2.296397891964666038e-02,1.839617522436322011e-10
5.999999999999999778e-01,1.172060377068435411e-01,5.860301885342177391e+09,9.389238748881383959e-10,-3.863289506670123950e-09,-1.931644753335131099e+02,9.431121785072443808e-02,2.289481985611910297e-02,1.834077270655663448e-10
6.049999999999999822e-01,1.170869055899422251e-01,5.854345279497111320e+09,9.379695214178470757e-10,-3.772690466155586650e-09,-1.886345233077736339e+02,9.425969049556708057e-02,2.282721509437514451e-02,1.828661532174997814e-10
6.099999999999999867e-01,1.169705648890471406e-01,5.848528244452357292e+09,9.370375296550605778e-10,-3.684363701373761940e-09,-1.842181850686902180e+02,9.420943907663413552e-02,2.276112581241300503e-02,1.823367197009119186e-10
6.149999999999999911e-01,1.168569456951848301e-01,5.842847284759241104e+09,9.361273395671600557e-10,-3.598232250588342742e-09,-1.799116125294240192e+02,9.416043234557781860e-02,2.269651334960701150e-02,1.818191168100470967e-10
6.199999999999999956e-01,1.167459808966064966e-01,5.837299044830325127e+09,9.352384135297665321e-10,-3.514225526612119172e-09,-1.757112763305922272e+02,9.411263998808440390e-02,2.263334090852209268e-02,1.813130497649521133e-10
6.250000000000000000e-01,1.166376049900443301e-01,5.831880249502216339e+09,9.343702268038540822e-10,-3.432306475952179414e-09,-1.716153237976250239e+02,9.406603153005915763e-02,2.257157345998517251e-02,1.808182379510138532e-10
6.300000000000000044e-01,1.165317531764466369e-01,5.826587658822331429e+09,9.335222602917902720e-10,-3.352438544052110665e-09,-1.676219272026210092e+02,9.402057691880880141e-02,2.251117625763783547e-02,1.803344030192145021e-10
6.350000000000000089e-01,1.164283622341015928e-01,5.821418111705080032e+09,9.326940075318279739e-10,-3.274557214996194569e-09,-1.637278607498010388e+02,9.397624756648954858e-02,2.245211466761204422e-02,1.798612675216834521e-10
6.400000000000000133e-01,1.163273713907242435e-01,5.816368569536211967e+09,9.318849816842922872e-10,-3.198596386488869705e-09,-1.599298193244467257e+02,9.393301598492669047e-02,2.239435540579755302e-02,1.793985648233021375e-10
6.450000000000000178e-01,1.162287215503835097e-01,5.811436077519175529e+09,9.310947093385835175e-10,-3.124517696225631084e-09,-1.562258848112978740e+02,9.389085483256508213e-02,2.233786671781842759e-02,1.789460405434747763e-10
6.500000000000000222e-01,1.161323543351811677e-01,5.806617716759057999e+09,9.303227228361792583e-10,-3.052290212976441845e-09,-1.526145106488256715e+02,9.384973696569876012e-02,2.228261736948240757e-02,1.785034444687362680e-10
6.550000000000000266e-01,1.160382125797617126e-01,5.801910628988085747e+09,9.295685642320952991e-10,-2.981861113848181585e-09,-1.490930556923995027e+02,9.380963631638439271e-02,2.222857626337731984e-02,1.780705274813508346e-10
6.600000000000000311e-01,1.159462412031725259e-01,5.797312060158626556e+09,9.288317922792553346e-10,-2.913169700251479956e-09,-1.456584850125655066e+02,9.377052793452676782e-02,2.217571326864575809e-02,1.776470482065399975e-10
6.650000000000000355e-01,1.158563868285660686e-01,5.792819341428303719e+09,9.281119793819695690e-10,-2.846175983859999936e-09,-1.423087991930078715e+02,9.373238722133273026e-02,2.212399960723333836e-02,1.772327761066721436e-10
6.700000000000000400e-01,1.157685968708647706e-01,5.788429843543238640e+09,9.274087042873251998e-10,-2.780852260965341389e-09,-1.390426130482810549e+02,9.369518973241927617e-02,2.207340713844549440e-02,1.768274857499308749e-10
6.750000000000000444e-01,1.156828196823505850e-01,5.784140984117528915e+09,9.267215532514868859e-10,-2.717156106442574526e-09,-1.358578053221281152e+02,9.365891177514873434e-02,2.202390790720185065e-02,1.764309531914332259e-10
6.800000000000000488e-01,1.155990053259138978e-01,5.779950266295695305e+09,9.260501262341040093e-10,-2.655033635399257585e-09,-1.327516817699652165e+02,9.362353067229069181e-02,2.197547465362320596e-02,1.760429600554716848e-10
6.850000000000000533e-01,1.155171055170671479e-01,5.775855275853357315e+09,9.253940364337872389e-10,-2.594444029127503486e-09,-1.297222014563740231e+02,9.358902426041561251e-02,2.192808125665153540e-02,1.756632970893022130e-10
6.900000000000000577e-01,1.154370728664040890e-01,5.771853643320204735e+09,9.247529042195401533e-10,-2.535360556751710366e-09,-1.267680278375773923e+02,9.355536797874174082e-02,2.188170488766234822e-02,1.752917814154810443e-10
6.950000000000000622e-01,1.153588607578472092e-01,5.767943037892360687e+09,9.241263561554116584e-10,-2.477748953261615472e-09,-1.238874476630735444e+02,9.352251007157273699e-02,2.183635068627447218e-02,1.749284542068940882e-10
7.000000000000000666e-01,1.152824239406439188e-01,5.764121197032196045e+09,9.235140297429093820e-10,-2.421563014561710443e-09,-1.210781507280626101e+02,9.349046450737347191e-02,2.179195943327044693e-02,1.745728410653089367e-10
7.049999999999999600e-01,1.152077186825495869e-01,5.760385934127479553e+09,9.229155746481310050e-10,-2.366762768800660839e-09,-1.183381384400272509e+02,9.345921118287833784e-02,2.174850749967124908e-02,1.742247527017351801e-10
7.099999999999999645e-01,1.151347022276582588e-01,5.756735111382912636e+09,9.223306483585089391e-10,-2.313321254233658870e-09,-1.156660627116943942e+02,9.342783592036896234e-02,2.170686630728929645e-02,1.738911699745038605e-10
7.149999999999999689e-01,1.150633325265451451e-01,5.753166626327257156e+09,9.217589140210140176e-10,-2.261209735401800138e-09,-1.130604867700749310e+02,9.339552634061631942e-02,2.166780618592882568e-02,1.735782639056791177e-10
7.199999999999999734e-01,1.149935686168305909e-01,5.749678430841529846e+09,9.212000434908083285e-10,-2.210389444253163196e-09,-1.105194722126616398e+02,9.336401526160489905e-02,2.162955335522569189e-02,1.732718249479945086e-10
7.249999999999999778e-01,1.149253708688011549e-01,5.746268543440057755e+09,9.206537192988873450e-10,-2.160822982046536268e-09,-1.080411491023260169e+02,9.333328290226497459e-02,2.159208796653618034e-02,1.729716940962841920e-10
7.299999999999999822e-01,1.148587006543231315e-01,5.742935032716156960e+09,9.201196319997851580e-10,-2.112483174369584880e-09,-1.056241587184631499e+02,9.330330982347871671e-02,2.155539083084441476e-02,1.726777176295838489e-10
7.349999999999999867e-01,1.147935200397764144e-01,5.739676001988821030e+09,9.195974777117025997e-10,-2.065344629124420193e-09,-1.032672314562223619e+02,9.327407695212777683e-02,2.151944308764863756e-02,1.723897444586173073e-10
7.399999999999999911e-01,1.147297919818774520e-01,5.736489599093873024e+09,9.190869596852230149e-10,-2.019374837776061519e-09,-1.009687418888061075e+02,9.324556580475358569e-02,2.148422617712386629e-02,1.721076259027950080e-10
7.449999999999999956e-01,1.146674805760292404e-01,5.733374028801462173e+09,9.185877902928145003e-10,-1.974540033061934373e-09,-9.872700165311107412e+01,9.321775849072119757e-02,2.144972208530804281e-02,1.718312176543715070e-10
7.500000000000000000e-01,1.146065508865350135e-01,5.730327544326750755e+09,9.180996896686918599e-10,-1.930813576464368361e-09,-9.654067882325034589e+01,9.319063747760147898e-02,2.141591340893353457e-02,1.715603802978029726e-10
7.550000000000000044e-01,1.145469686714432889e-01,5.727348433572164536e+09,9.176223835045822086e-10,-1.888172143729009326e-09,-9.440860718645853922e+01,9.316418556231789716e-02,2.138278310912539171e-02,1.712949773366528751e-10
7.600000000000000089e-01,1.144887004508427231e-01,5.724435022542136192e+09,9.171556035968272949e-10,-1.846588007712384822e-09,-9.232940038559900131e+01,9.313838603161546381e-02,2.135031441922725925e-02,1.710348744551959520e-10
7.650000000000000133e-01,1.144317137133740309e-01,5.721585685668701172e+09,9.166990895007261154e-10,-1.806031236474965642e-09,-9.030156182375503704e+01,9.311322269619706771e-02,2.131849101717696315e-02,1.707799408992991247e-10
7.700000000000000178e-01,1.143759768473305294e-01,5.718798842366526604e+09,9.162525879785897583e-10,-1.766476532187912505e-09,-8.832382660938310437e+01,9.308867973068785107e-02,2.128729711664267832e-02,1.705300502065023518e-10
7.750000000000000222e-01,1.143214589203193216e-01,5.716072946015966415e+09,9.158158512346323784e-10,-1.727902183230712278e-09,-8.639510916153085418e+01,9.306474162300473751e-02,2.125671729731458404e-02,1.702850788465052865e-10
7.800000000000000266e-01,1.142681296757663834e-01,5.713406483788319588e+09,9.153886368869744419e-10,-1.690284030141490527e-09,-8.451420150708872825e+01,9.304139325668753235e-02,2.122673641907885100e-02,1.700449055336248334e-10
7.850000000000000311e-01,1.142159596891938605e-01,5.710797984459692955e+09,9.149707092195614553e-10,-1.653595620009730216e-09,-8.267978100047912449e+01,9.301861999145752402e-02,2.119733969773633653e-02,1.698094118333688885e-10
7.900000000000000355e-01,1.141649203550886005e-01,5.708246017754429817e+09,9.145618390769696487e-10,-1.617813438657443928e-09,-8.089067193286609836e+01,9.299640754222630867e-02,2.116851281286229181e-02,1.695784830264878814e-10
7.950000000000000400e-01,1.141149837166122311e-01,5.705749185830611229e+09,9.141618025002328416e-10,-1.582917339980057802e-09,-7.914586699900974054e+01,9.297474189844120995e-02,2.114024181817102110e-02,1.693520073909164235e-10
8.000000000000000444e-01,1.140661224256725309e-01,5.703306121283626556e+09,9.137703804069795578e-10,-1.548885986814442818e-09,-7.744429934072832111e+01,9.295360940210932454e-02,2.111251302356320636e-02,1.691298752568682995e-10
8.050000000000000488e-01,1.140183098571921350e-01,5.700915492859606743e+09,9.133873595068255226e-10,-1.515695918238749328e-09,-7.578479591190989595e+01,9.293299680822941777e-02,2.108531304896271719e-02,1.689119794381168060e-10
8.100000000000000533e-01,1.139715201273944212e-01,5.698576006369721413e+09,9.130125324478602154e-10,-1.483325464541960365e-09,-7.416627322709246073e+01,9.291289121712209553e-02,2.105862891027232564e-02,1.686982159205760052e-10
8.150000000000000577e-01,1.139257279637189840e-01,5.696286398185949326e+09,9.126456967745547038e-10,-1.451756018559994372e-09,-7.258780092799861450e+01,9.289327999218782717e-02,2.103244797153115686e-02,1.684884834790395904e-10
8.200000000000000622e-01,1.138809086437569673e-01,5.694045432187848091e+09,9.122866544385801611e-10,-1.420968661925053322e-09,-7.104843309626448900e+01,9.286400235986438934e-02,2.101690628389257798e-02,1.683639808351022863e-10
8.250000000000000666e-01,1.138370380757396938e-01,5.691851903786984444e+09,9.119352124435921556e-10,-1.390942570124817655e-09,-6.954712850623764098e+01,9.281433246288919858e-02,2.102270561285049522e-02,1.684104385818485597e-10
8.300000000000000711e-01,1.137940928370220761e-01,5.689704641851103783e+09,9.115911831535176588e-10,-1.361657812950494510e-09,-6.808289064753626008e+01,9.276589010038074901e-02,2.102820273664132711e-02,1.684544753983079398e-10
8.349999999999999645e-01,1.137520500797812723e-01,5.687602503989063263e+09,9.112543835371168422e-10,-1.333097170648959054e-09,-6.665485853244899772e+01,9.271864485637142106e-02,2.103340522340985119e-02,1.684961519120040497e-10
8.399999999999999689e-01,1.137108874561446326e-01,5.685544372807231903e+09,9.109246345681931735e-10,-1.305243841541585154e-09,-6.526219207707617898e+01,9.267256701901466220e-02,2.103832043712997035e-02,1.685355271148715055e-10
8.449999999999999734e-01,1.136705831669676259e-01,5.683529158348381042e+09,9.106017616163461976e-10,-1.278079428612953708e-09,-6.390397143065638375e+01,9.262762766073351361e-02,2.104295550623411226e-02,1.685726581119496568e-10
8.499999999999999778e-01,1.136311160126289438e-01,5.681555800631446838e+09,9.102855948538865982e-10,-1.251585672746938769e-09,-6.257928363734390587e+01,9.258379862119996140e-02,2.104731739142898239e-02,1.686076006646467411e-10
8.549999999999999822e-01,1.135924653336284618e-01,5.679623266681423187e+09,9.099759687799726331e-10,-1.225746540492033627e-09,-6.128732702462002635e+01,9.254105241332552523e-02,2.105141292030293654e-02,1.686404094679753335e-10
8.599999999999999867e-01,1.135546109310742457e-01,5.677730546553711891e+09,9.096727215836405310e-10,-1.200546998418228662e-09,-6.002734992092882749e+01,9.249936217932525073e-02,2.105524875174899502e-02,1.686711378655495158e-10
8.649999999999999911e-01,1.135175330837790153e-01,5.675876654188950539e+09,9.093756952807633699e-10,-1.175970893163162711e-09,-5.879854465814423747e+01,9.245870174298488620e-02,2.105883134079412911e-02,1.686998375678362254e-10
8.699999999999999956e-01,1.134812126010644462e-01,5.674060630053222656e+09,9.090847361370590422e-10,-1.152001658200437666e-09,-5.760008291000849567e+01,9.241904562780063614e-02,2.106216697326381004e-02,1.687265589298488860e-10
8.750000000000000000e-01,1.134456307957444898e-01,5.672281539787224770e+09,9.087996944516632032e-10,-1.128624325911327535e-09,-5.643121629557572305e+01,9.238036898356233317e-02,2.106526181218215665e-02,1.687513513228537339e-10
8.800000000000000044e-01,1.134107694113461323e-01,5.670538470567306519e+09,9.085204239741034240e-10,-1.105825253122174850e-09,-5.529126265611557756e+01,9.234264753273629944e-02,2.106812187860983288e-02,1.687742629808642763e-10
8.850000000000000089e-01,1.133766106122231915e-01,5.668830530611159325e+09,9.082467818251020248e-10,-1.083590262564179557e-09,-5.417951312819786835e+01,9.230585759657190803e-02,2.107075301565128345e-02,1.687953407123076106e-10
8.900000000000000133e-01,1.133431370267782012e-01,5.667156851338910103e+09,9.079786288428212647e-10,-1.061904518618324341e-09,-5.309522593092697207e+01,9.226997612047561914e-02,2.107316090630258210e-02,1.688146300430013012e-10
8.950000000000000178e-01,1.133103317453315190e-01,5.665516587266575813e+09,9.077158295657929189e-10,-1.040754128038238341e-09,-5.203770640191214625e+01,9.223498063150054049e-02,2.107535111383097848e-02,1.688321755396293369e-10
9.000000000000000222e-01,1.132781782634338791e-01,5.663908913171693802e+09,9.074582517788022225e-10,-1.020126533435117635e-09,-5.100632667176250834e+01,9.220084918458150425e-02,2.107732907885237483e-02,1.688480207863300764e-10
9.050000000000000266e-01,1.132466604551761874e-01,5.662333022758809090e+09,9.072057662990753311e-10,-1.000009182893473451e-09,-5.000045914467773400e+01,9.216756036501913552e-02,2.107910009015705188e-02,1.688622081509845863e-10
9.100000000000000311e-01,1.132157625995381389e-01,5.660788129976906776e+09,9.069582471873554436e-10,-9.803889254913633074e-10,-4.901944627457123715e+01,9.213509331035889260e-02,2.108066928917924632e-02,1.688747788210218776e-10
9.150000000000000355e-01,1.131854693914266241e-01,5.659273469571331024e+09,9.067155718363295469e-10,-9.612530247213140600e-10,-4.806265123607590795e+01,9.210342769344630198e-02,2.108204169798032213e-02,1.688857730275887810e-10
9.200000000000000400e-01,1.131557659047716380e-01,5.657788295238581657e+09,9.064776206749947890e-10,-9.425898477341600889e-10,-4.712949238669534680e+01,9.207254367187885091e-02,2.108322223289278707e-02,1.688952301548506460e-10
9.250000000000000444e-01,1.131266375605453622e-01,5.656331878027268410e+09,9.062442769124626521e-10,-9.243881223607054845e-10,-4.621940611803438514e+01,9.204242188129782565e-02,2.108421567924753659e-02,1.689031885375342074e-10
9.300000000000000488e-01,1.130980701362312574e-01,5.654903506811562538e+09,9.060154266138145165e-10,-9.066362148325421210e-10,-4.533181074162712321e+01,9.201304344767435861e-02,2.108502668855689877e-02,1.689096854383612707e-10
9.350000000000000533e-01,1.130700497789242365e-01,5.653502488946211815e+09,9.057909588050463753e-10,-8.893226033640996977e-10,-4.446613016822084319e+01,9.198438997970240227e-02,2.108565979922183420e-02,1.689147572139317712e-10
9.400000000000000577e-01,1.130425629852410407e-01,5.652128149262051582e+09,9.055707653121322640e-10,-8.724365475244557125e-10,-4.362182737624971196e+01,9.195644352794563048e-02,2.108611945729541026e-02,1.689184394810573352e-10
9.450000000000000622e-01,1.130155965726415690e-01,5.650779828632078171e+09,9.053547405312839447e-10,-8.559678021288758795e-10,-4.279839010642899666e+01,9.192918658567805767e-02,2.108640998696351132e-02,1.689207668802859046e-10
9.500000000000000666e-01,1.129891376771967187e-01,5.649456883859835625e+09,9.051427814110679849e-10,-8.399060114423325600e-10,-4.199530057211813983e+01,9.190260207911940538e-02,2.108653559807731337e-02,1.689217731362434251e-10
9.550000000000000711e-01,1.129631737627204563e-01,5.648158688136022568e+09,9.049347875255627478e-10,-8.242408355845608220e-10,-4.121204177920299117e+01,9.187667337262600542e-02,2.108650039009445087e-02,1.689214910892060633e-10
9.599999999999999645e-01,1.129376926106483020e-01,5.646884630532415390e+09,9.047306609932758749e-10,-8.089624485710318657e-10,-4.044812242854095530e+01,9.185138423674935049e-02,2.108630837389895152e-02,1.689199528698971707e-10
9.649999999999999689e-01,1.129126822980839190e-01,5.645634114904195786e+09,9.045303063012773113e-10,-7.940614967602694881e-10,-3.970307483803480864e+01,9.182671883189924555e-02,2.108596346618467343e-02,1.689171898544936472e-10
9.699999999999999734e-01,1.128881311902712042e-01,5.644406559513560295e+09,9.043336302448955656e-10,-7.795286769717265279e-10,-3.897643384858383797e+01,9.180266171214894466e-02,2.108546947812225958e-02,1.689132325738382934e-10
9.749999999999999778e-01,1.128640279449727030e-01,5.643201397248635292e+09,9.041405419627915109e-10,-7.653547139813900060e-10,-3.826773569906072225e+01,9.177919782858001696e-02,2.108483011639268601e-02,1.689081107217192940e-10
9.799999999999999822e-01,1.128403615063462428e-01,5.642018075317312241e+09,9.039509528879049210e-10,-7.515306938999731214e-10,-3.757653469502110966e+01,9.175631250082182111e-02,2.108404900552442174e-02,1.689018533338108136e-10
9.849999999999999867e-01,1.128171210885155762e-01,5.640856054425778389e+09,9.037647766158413490e-10,-7.380480987835285088e-10,-3.690240493917372078e+01,9.173349054328368279e-02,2.108363054523189339e-02,1.688985010972960729e-10
9.899999999999999911e-01,1.127942961672867839e-01,5.639714808364338875e+09,9.035819288385131138e-10,-7.248985196817673567e-10,-3.624492598406504840e+01,9.171095380253513341e-02,2.108334236475165047e-02,1.688961925171369872e-10
9.949999999999999956e-01,1.127718764816290214e-01,5.638593824081451416e+09,9.034023273560007598e-10,-7.120736015298841012e-10,-3.560368007647048216e+01,9.168895355732330221e-02,2.108292292430571924e-02,1.688928324287278708e-10
1.000000000000000000e+00,1.127498520288304773e-01,5.637492601441523552e+09,9.032258920377483603e-10,-6.995652831841411498e-10,-3.497826415921736043e+01,9.166747653795448425e-02,2.108237549087599305e-02,1.688884470034789791e-10
1.005000000000000115e+00,1.127282130509972974e-01,5.636410652549864769e+09,9.030525447144085147e-10,-6.873658444408795428e-10,-3.436829222204687539e+01,9.164650979501304251e-02,2.108170325598425487e-02,1.688830618082984497e-10
1.010000000000000009e+00,1.127069500272749464e-01,5.635347501363747597e+09,9.028822091155279379e-10,-6.754676810544037662e-10,-3.377338405273621902e+01,9.162604069625694680e-02,2.108090933101799958e-02,1.688767017681480326e-10
1.015000000000000124e+00,1.126860536743892333e-01,5.634302683719461441e+09,9.027148108738812665e-10,-6.638632398906804097e-10,-3.319316199455352034e+01,9.160605693003834316e-02,2.107999674435089010e-02,1.688693911429753236e-10
1.020000000000000018e+00,1.126655149429151570e-01,5.633275747145757675e+09,9.025502774955824381e-10,-6.525452167476478323e-10,-3.262726083736924920e+01,9.158654649194140906e-02,2.107896845097374794e-02,1.688611536048665549e-10
1.024999999999999911e+00,1.126453250054709754e-01,5.632266250273549080e+09,9.023885382655075485e-10,-6.415066272819435177e-10,-3.207533136408892460e+01,9.156749766913216404e-02,2.107782733633881134e-02,1.688520122688425027e-10
1.030000000000000027e+00,1.126254752485600918e-01,5.631273762428004265e+09,9.022295241819414828e-10,-6.307406158676609551e-10,-3.153703079339175019e+01,9.154889903450411093e-02,2.107657621405598092e-02,1.688419896744033647e-10
1.034999999999999920e+00,1.126059572726952757e-01,5.630297863634763718e+09,9.020731679575736344e-10,-6.202403563990506366e-10,-3.101201781995769124e+01,9.153073944829850928e-02,2.107521782439676639e-02,1.688311077735440497e-10
1.040000000000000036e+00,1.125867628904319712e-01,5.629338144521598816e+09,9.019194040037419749e-10,-6.099992109522848138e-10,-3.049996054761868436e+01,9.151300805049372711e-02,2.107375483993824405e-02,1.688193879759673276e-10
1.044999999999999929e+00,1.125678841165895505e-01,5.628394205829477310e+09,9.017681683520974995e-10,-6.000108449137521726e-10,-3.000054224567429628e+01,9.149569424734069201e-02,2.107218986924885851e-02,1.688068511786101705e-10
1.050000000000000044e+00,1.125493131590989265e-01,5.627465657954946518e+09,9.016193985812851087e-10,-5.902690900188536683e-10,-2.951345450093504041e+01,9.147878770166265050e-02,2.107052545743627603e-02,1.687935177700327984e-10
1.054999999999999938e+00,1.125310424177722868e-01,5.626552120888614655e+09,9.014730338070880619e-10,-5.807677993156097585e-10,-2.903838996577542275e+01,9.146227833421141651e-02,2.106876408356087027e-02,1.687794076096982451e-10
1.060000000000000053e+00,1.125130644842031041e-01,5.625653224210155487e+09,9.013290146816273692e-10,-5.715009397292679122e-10,-2.857504698645789176e+01,9.144615631956801161e-02,2.106690816463509253e-02,1.687645400600108461e-10
1.064999999999999947e+00,1.124953721347584645e-01,5.624768606737923622e+09,9.011872833372235255e-10,-5.624627425654460183e-10,-2.812313712827744894e+01,9.143041199696723409e-02,2.106496013779123044e-02,1.687489346445526306e-10
1.070000000000000062e+00,1.124779583210854111e-01,5.623897916054270744e+09,9.010477833103445941e-10,-5.536476463983006421e-10,-2.768238231993746012e+01,9.141503606749122601e-02,2.106292225359418513e-02,1.687326093923361288e-10
1.074999999999999956e+00,1.124608161666679623e-01,5.623040808333397865e+09,9.009104595140241792e-10,-5.450501346807585103e-10,-2.725250673403206747e+01,9.140001944126556477e-02,2.106079672540239756e-02,1.687155820343171733e-10
1.080000000000000071e+00,1.124439389674689593e-01,5.622196948373448372e+09,9.007752582430043182e-10,-5.366647444962726791e-10,-2.683323722481145523e+01,9.138414506612033139e-02,2.105979390134862794e-02,1.687075485279823649e-10
1.084999999999999964e+00,1.124273201879407852e-01,5.621366009397039413e+09,9.006421271417760147e-10,-5.284862136113654751e-10,-2.642431068058067467e+01,9.136728605714183882e-02,2.106003413079894637e-02,1.687094729780428309e-10
1.090000000000000080e+00,1.124109534524891235e-01,5.620547672624456406e+09,9.005110151361984916e-10,-5.205095015468436071e-10,-2.602547507734561805e+01,9.135082317521667217e-02,2.106013027727245135e-02,1.687102431962093056e-10
1.094999999999999973e+00,1.123948325401683268e-01,5.619741627008416176e+09,9.003818723910026839e-10,-5.127296561557094138e-10,-2.563648280777852051e+01,9.133474661808625716e-02,2.106008592208206964e-02,1.687098878719611700e-10
1.100000000000000089e+00,1.123789513844727223e-01,5.618947569223635674e+09,9.002546503081206443e-10,-5.051417568086376844e-10,-2.525708784040762112e+01,9.131904682776098570e-02,2.105990455671173656e-02,1.687084349751683348e-10
1.104999999999999982e+00,1.123633040715782266e-01,5.618165203578911781e+09,9.001293015125985536e-10,-4.977410148302721053e-10,-2.488705074149766006e+01,9.130371448470971096e-02,2.105958958686851568e-02,1.687059117885522374e-10
1.110000000000000098e+00,1.123478848338647779e-01,5.617394241693239212e+09,9.000057798007056133e-10,-4.905228408360152255e-10,-2.452614204181008972e+01,9.128874049768891108e-02,2.105914433617586679e-02,1.687023449372720502e-10
1.114999999999999991e+00,1.123326880439551312e-01,5.616634402197756767e+09,8.998840400921803913e-10,-4.834827703000670084e-10,-2.417413851499441080e+01,9.127411599982196422e-02,2.105857204413316697e-02,1.686977603725788683e-10
1.120000000000000107e+00,1.123177082128830467e-01,5.615885410644152641e+09,8.997640384155556046e-10,-4.766163846606585419e-10,-2.383081923302961513e+01,9.125983234292812940e-02,2.105787586995491734e-02,1.686921834025709563e-10
1.125000000000000000e+00,1.123029399890561747e-01,5.615146999452808380e+09,8.996457318998500199e-10,-4.699193484317418310e-10,-2.349596742159337737e+01,9.124588109489223386e-02,2.105705889416394083e-02,1.686856387049567059e-10
1.130000000000000115e+00,1.122883781541080539e-01,5.614418907705402374e+09,8.995290787413397817e-10,-4.633874789375182798e-10,-2.316937394687556662e+01,9.123225403114411380e-02,2.105612412296394009e-02,1.686781503620828400e-10
1.135000000000000009e+00,1.122740176175083676e-01,5.613700880875418663e+09,8.994140381603812384e-10,-4.570167298444241305e-10,-2.285083649221633095e+01,9.121894312958379880e-02,2.105507448792456882e-02,1.686697418584112786e-10
1.140000000000000124e+00,1.122598534134430087e-01,5.612992670672150612e+09,8.993005703764175770e-10,-4.508031285859362105e-10,-2.254015642929880414e+01,9.120594056587801035e-02,2.105391284756499837e-02,1.686604360932051947e-10
1.145000000000000018e+00,1.122458806993297253e-01,5.612294034966485977e+09,8.991886365960882050e-10,-4.447427674405621408e-10,-2.223713837203104049e+01,9.119323871124554448e-02,2.105264198808418086e-02,1.686502553863788873e-10
1.150000000000000133e+00,1.122320947532551988e-01,5.611604737662759781e+09,8.990781989926973001e-10,-4.388318457833260527e-10,-2.194159228916396387e+01,9.118083012432928736e-02,2.105126462892591144e-02,1.686392215230788869e-10
1.155000000000000027e+00,1.122184909698535210e-01,5.610924548492675781e+09,8.989692206731964832e-10,-4.330666857675248148e-10,-2.165333428839221597e+01,9.116870754769205998e-02,2.104978342216146103e-02,1.686273557487382431e-10
1.159999999999999920e+00,1.122050648567645414e-01,5.610253242838227272e+09,8.988616656498134533e-10,-4.274437006401900918e-10,-2.137218503201438580e+01,9.115686390264515770e-02,2.104820095411938374e-02,1.686146787821328983e-10
1.165000000000000036e+00,1.121918120324898599e-01,5.609590601624492645e+09,8.987554988228764097e-10,-4.219593715433382267e-10,-2.109796857717446983e+01,9.114529228636579494e-02,2.104651974612406495e-02,1.686012108212979418e-10
1.169999999999999929e+00,1.121787282242991263e-01,5.608936411214956284e+09,8.986506859640418272e-10,-4.166102607151904821e-10,-2.083051303576212376e+01,9.113398596648245031e-02,2.104474225781667596e-02,1.685869715701314187e-10
1.175000000000000044e+00,1.121658092652621785e-01,5.608290463263109207e+09,8.985471936925188045e-10,-4.113930281026067181e-10,-2.056965140512329526e+01,9.112293837688582865e-02,2.104287088837634989e-02,1.685719802481770330e-10
1.179999999999999938e+00,1.121530510911184220e-01,5.607652554555921555e+09,8.984449894499907050e-10,-4.063044225746008722e-10,-2.031522112875245512e+01,9.111214311326459869e-02,2.104090797785382327e-02,1.685562556013079091e-10
1.185000000000000053e+00,1.121404497378572507e-01,5.607022486892862320e+09,8.983440414812314205e-10,-4.013412676142604147e-10,-2.006706338070216589e+01,9.110159393045078047e-02,2.103885580740647021e-02,1.685398159036092547e-10
1.189999999999999947e+00,1.121280013394807262e-01,5.606400066974036217e+09,8.982443188161835723e-10,-3.965004620895463299e-10,-1.982502310448035132e+01,9.109128473723447639e-02,2.103671660224624984e-02,1.685226789809940573e-10
1.195000000000000062e+00,1.121157021255356351e-01,5.605785106276782036e+09,8.981457912501866201e-10,-3.917789825597638322e-10,-1.958894912801042665e+01,9.108120959265839089e-02,2.103449253287724419e-02,1.685048622211169729e-10
1.199999999999999956e+00,1.121035484187324210e-01,5.605177420936620712e+09,8.980484293249035242e-10,-3.871738789457416976e-10,-1.935869394727342296e+01,9.107136270247283283e-02,2.103218571625958822e-02,1.684863825826983320e-10
1.205000000000000071e+00,1.120915366327473045e-01,5.604576831637365341e+09,8.979522043107137931e-10,-3.826822743445438066e-10,-1.913411371719848830e+01,9.106173841616807541e-02,2.102979821657922910e-02,1.684672566016905638e-10
1.209999999999999964e+00,1.120796632698528583e-01,5.603983163492643356e+09,8.978570881877314458e-10,-3.783013692610339904e-10,-1.891506846304400824e+01,9.105233122291574166e-02,2.102733204693711666e-02,1.684475004048101994e-10
1.215000000000000080e+00,1.120679249184560744e-01,5.603396245922803879e+09,8.977630536260833720e-10,-3.740284342120078520e-10,-1.870142171061888803e+01,9.104313574768481410e-02,2.102478917077126030e-02,1.684271297209297254e-10
1.219999999999999973e+00,1.120563182511904315e-01,5.602815912559521675e+09,8.976700739706252053e-10,-3.698607975526352484e-10,-1.849303987764869817e+01,9.103414674779487792e-02,2.102217150339555363e-02,1.684061598934050309e-10
1.225000000000000089e+00,1.120448400232139374e-01,5.602242001160696983e+09,8.975781232273069055e-10,-3.657958501182008410e-10,-1.828979250590782613e+01,9.102535911074521868e-02,2.101948091246871875e-02,1.683846058838318928e-10
1.229999999999999982e+00,1.120334870700113172e-01,5.601674353500565529e+09,8.974871760455661156e-10,-3.618310575268341388e-10,-1.809155287634348497e+01,9.101676785067229491e-02,2.101671921933902232e-02,1.683624822828185045e-10
1.235000000000000098e+00,1.120222563049241837e-01,5.601112815246209145e+09,8.973972076985434495e-10,-3.579639554460776303e-10,-1.789819777228694875e+01,9.100836810443624358e-02,2.101388820048794015e-02,1.683398033215504169e-10
1.239999999999999991e+00,1.120111447172488645e-01,5.600557235862442970e+09,8.973081940678432398e-10,-3.541921315470616006e-10,-1.770960657735122368e+01,9.100015512862696943e-02,2.101098958862189503e-02,1.683165828805363450e-10
1.245000000000000107e+00,1.120001493708926432e-01,5.600007468544631958e+09,8.972201116327698501e-10,-3.505132226303095833e-10,-1.752566113151260652e+01,9.099212429758829490e-02,2.100802507330434832e-02,1.682928344946718059e-10
1.250000000000000000e+00,1.119892674026512075e-01,5.599463370132560730e+09,8.971329374565281313e-10,-3.469249291282129670e-10,-1.734624645640724339e+01,9.098427110002156593e-02,2.100499630262964157e-02,1.682685713666480262e-10
1.255000000000000115e+00,1.119784960199595447e-01,5.598924800997977257e+09,8.970466491682058768e-10,-3.434250206031218554e-10,-1.717125103015860077e+01,9.097659113610223613e-02,2.100190488385730858e-02,1.682438063720332874e-10
1.260000000000000009e+00,1.119678324988262891e-01,5.598391624941314697e+09,8.969612249462265911e-10,-3.400113215440848501e-10,-1.700056607722945046e+01,9.096908011427130847e-02,2.099875238455498061e-02,1.682185520684288323e-10
1.265000000000000124e+00,1.119572741824711587e-01,5.597863709123558044e+09,8.968766435074337045e-10,-3.366816975108723409e-10,-1.683408487556152977e+01,9.096173384900316239e-02,2.099554033346799631e-02,1.681928207024349413e-10
1.270000000000000018e+00,1.119468184801240968e-01,5.597340924006204605e+09,8.967928840974709795e-10,-3.334340622297832631e-10,-1.667170311146765016e+01,9.095454825862739345e-02,2.099227022149670330e-02,1.681666242174800928e-10
1.275000000000000133e+00,1.119364628652197574e-01,5.596823143260988235e+09,8.967099264763189477e-10,-3.302663919256543235e-10,-1.651331959626986645e+01,9.094751936234940493e-02,2.098894350287035249e-02,1.681399742632249476e-10
1.280000000000000027e+00,1.119262048733021681e-01,5.596310243665108681e+09,8.966277509015083128e-10,-3.271767215508693190e-10,-1.635883607753203250e+01,9.094064327710997542e-02,2.098556159619219263e-02,1.681128822039343728e-10
1.284999999999999920e+00,1.119160421004546518e-01,5.595802105022732735e+09,8.965463381155436007e-10,-3.241631267236520862e-10,-1.620815633620077278e+01,9.093391621626401022e-02,2.098212588419064162e-02,1.680853591164841692e-10
1.290000000000000036e+00,1.119059722023316439e-01,5.595298610116581917e+09,8.964656693381462726e-10,-3.212237192930019890e-10,-1.606118596467422321e+01,9.092733448636093618e-02,2.097863771597070770e-02,1.680574158083969691e-10
1.294999999999999929e+00,1.118959928928656422e-01,5.594799644643281937e+09,8.963857262558968731e-10,-3.183566619879169837e-10,-1.591783309940365143e+01,9.092089448570229993e-02,2.097509840716334228e-02,1.680290628190386238e-10
1.300000000000000044e+00,1.118861019423845055e-01,5.594305097119225502e+09,8.963064910071523223e-10,-3.155601746540972092e-10,-1.577800873268279247e+01,9.091459270144150451e-02,2.097150924094300095e-02,1.680003104277697324e-10
1.304999999999999938e+00,1.118762971759292429e-01,5.593814858796462059e+09,8.962279461685700064e-10,-3.128325209354106828e-10,-1.564162604675220791e+01,9.090842570703233649e-02,2.096787146889690645e-02,1.679711686609093914e-10
1.310000000000000053e+00,1.118665764722024669e-01,5.593328823610123634e+09,8.961500747466847005e-10,-3.101719968186197218e-10,-1.550859984090493526e+01,9.090239016029655339e-02,2.096418631190591353e-02,1.679416472987914324e-10
1.314999999999999947e+00,1.118569377626013744e-01,5.592846888130068779e+09,8.960728601701607818e-10,-3.075769373067300177e-10,-1.537884686535107903e+01,9.089648280311692086e-02,2.096045495948445359e-02,1.679117558704770328e-10
1.320000000000000062e+00,1.118473790297495052e-01,5.592368951487475395e+09,8.959962862780311684e-10,-3.050457264815302922e-10,-1.525228632407379337e+01,9.089070045663973085e-02,2.095667857310977433e-02,1.678815036804246981e-10
1.324999999999999956e+00,1.118378983059017812e-01,5.591894915295088768e+09,8.959203373069199645e-10,-3.025767935365134882e-10,-1.512883967682137154e+01,9.088504002090462552e-02,2.095285828499715564e-02,1.678508997986787630e-10
1.330000000000000071e+00,1.118284936717237193e-01,5.591424683586186409e+09,8.958449978812630134e-10,-3.001686020879562502e-10,-1.500843010436801706e+01,9.087949847244609913e-02,2.094899519927762022e-02,1.678199530703038773e-10
1.334999999999999964e+00,1.118191632553637987e-01,5.590958162768190384e+09,8.957702530058763007e-10,-2.978196474534020651e-10,-1.489098237267171498e+01,9.087407286219949254e-02,2.094509039316430621e-02,1.677886721247286054e-10
1.340000000000000080e+00,1.118099052314023845e-01,5.590495261570118904e+09,8.956960880575361859e-10,-2.955284632060022076e-10,-1.477642316032142844e+01,9.086873280783312745e-02,2.094117242356925701e-02,1.677572857280390619e-10
1.344999999999999973e+00,1.118007178195151718e-01,5.590035890975758553e+09,8.956224887742731003e-10,-2.932936249802347726e-10,-1.466468124900711700e+01,9.086308066247186788e-02,2.093763715704330397e-02,1.677289651209248511e-10
1.350000000000000089e+00,1.117915992831844396e-01,5.589579964159221649e+09,8.955494412450461619e-10,-2.911137453666253437e-10,-1.455568726833735127e+01,9.085741723693065153e-02,2.093418204625378809e-02,1.677012866320506245e-10
1.354999999999999982e+00,1.117825479286811002e-01,5.589127396434055328e+09,8.954769319015897595e-10,-2.889874667649065007e-10,-1.444937333825509995e+01,9.085185857340770388e-02,2.093068935527339636e-02,1.676733070926578032e-10
1.360000000000000098e+00,1.117735621042222488e-01,5.588678105211112022e+09,8.954049475116636549e-10,-2.869134613844413360e-10,-1.434567306919780094e+01,9.084639693981516606e-02,2.092716516440708274e-02,1.676450752113589585e-10
1.364999999999999991e+00,1.117646401989529636e-01,5.588232009947648048e+09,8.953334751708977067e-10,-2.848904370286114518e-10,-1.424452185140398797e+01,9.084104656393106325e-02,2.092359363502190039e-02,1.676164641067160567e-10
1.370000000000000107e+00,1.117557806417428523e-01,5.587789032087142944e+09,8.952625022931496321e-10,-2.829171376345887052e-10,-1.414585688174702227e+01,9.083580468600252478e-02,2.091997595574032753e-02,1.675874833006448561e-10
1.375000000000000000e+00,1.117469819001342818e-01,5.587349095006713867e+09,8.951920166020802759e-10,-2.809923373902678735e-10,-1.404961686950991862e+01,9.083066861446181806e-02,2.091631328567246373e-02,1.675581420786409279e-10
1.380000000000000115e+00,1.117382424795061030e-01,5.586912123975305557e+09,8.951220061244544816e-10,-2.791148370096510265e-10,-1.395574185048462823e+01,9.082563572429828980e-02,2.091260675520781320e-02,1.675284494961225541e-10
1.385000000000000009e+00,1.117295609222541675e-01,5.586478046112708092e+09,8.950524591835754487e-10,-2.772834659518620904e-10,-1.386417329761025030e+01,9.082070345574710934e-02,2.090885746650705812e-02,1.674984143823702276e-10
1.390000000000000124e+00,1.117209358068167319e-01,5.586046790340836525e+09,8.949833643914784224e-10,-2.754970851153468945e-10,-1.377485425573831890e+01,9.081586931155184728e-02,2.090506649526488459e-02,1.674680453546483564e-10
1.395000000000000018e+00,1.117123657466868314e-01,5.585618287334342003e+09,8.949147106410179870e-10,-2.737545853623417775e-10,-1.368772926810197532e+01,9.081113085668406082e-02,2.090123489000277057e-02,1.674373508125399818e-10
1.400000000000000133e+00,1.117038493895295831e-01,5.585192469476479530e+09,8.948464870987973267e-10,-2.720548842319622351e-10,-1.360274421161739156e+01,9.080648571591734552e-02,2.089736367361223757e-02,1.674063389503096385e-10
1.405000000000000027e+00,1.116953854163999782e-01,5.584769270819998741e+09,8.947786831989019182e-10,-2.703969237275411039e-10,-1.351984618640562985e+01,9.080193157283106276e-02,2.089345384356891544e-02,1.673750177586180225e-10
1.409999999999999920e+00,1.116869725409980613e-01,5.584348627049902916e+09,8.947112886369333874e-10,-2.687796711299919491e-10,-1.343898355649434961e+01,9.079746616808861970e-02,2.088950637290944157e-02,1.673433950323479730e-10
1.415000000000000036e+00,1.116786095088360825e-01,5.583930475441803932e+09,8.946442933633368503e-10,-2.672021211537196732e-10,-1.336010605769115500e+01,9.079308729856210014e-02,2.088552221027398237e-02,1.673114783709450376e-10
1.419999999999999929e+00,1.116702950963591040e-01,5.583514754817955017e+09,8.945776875763565392e-10,-2.656632954436947036e-10,-1.328316477217595093e+01,9.078879281510834898e-02,2.088150228125075503e-02,1.672792751891882693e-10
1.425000000000000044e+00,1.116620281101434464e-01,5.583101405507172585e+09,8.945114617156150203e-10,-2.641622387282293466e-10,-1.320811193638655823e+01,9.078458062171454457e-02,2.087744748842890186e-02,1.672467927176138458e-10
1.429999999999999938e+00,1.116538073862575892e-01,5.582690369312879562e+09,8.944456064569925320e-10,-2.626980165091189395e-10,-1.313490082546195481e+01,9.078044867416959485e-02,2.087335871208799432e-02,1.672140380080385686e-10
1.435000000000000053e+00,1.116456317896046130e-01,5.582281589480230331e+09,8.943801127073604294e-10,-2.612697175303193761e-10,-1.306348587651154958e+01,9.077639497888821685e-02,2.086923681071639614e-02,1.671810179377124381e-10
1.439999999999999947e+00,1.116375002131290983e-01,5.581875010656455040e+09,8.943149715982272996e-10,-2.598764557227347533e-10,-1.299382278614211828e+01,9.077241759149135003e-02,2.086508262163774829e-02,1.671477392143372885e-10
1.445000000000000062e+00,1.116294115770382900e-01,5.581470578851914406e+09,8.942501744794991249e-10,-2.585173678077494047e-10,-1.292586839037539903e+01,9.076851461559755363e-02,2.086089696144073635e-02,1.671142083795097198e-10
1.449999999999999956e+00,1.116213648281583204e-01,5.581068241407916069e+09,8.941857129143233628e-10,-2.571916097532420500e-10,-1.285958048766769934e+01,9.076468420114711111e-02,2.085668062701120928e-02,1.670804318169891300e-10
1.455000000000000071e+00,1.116133589393767944e-01,5.580667946968839645e+09,8.941215786746225841e-10,-2.558983567113288729e-10,-1.279491783556295559e+01,9.076092454470957582e-02,2.085243439466721860e-02,1.670464157457687334e-10
1.459999999999999964e+00,1.116053929090027874e-01,5.580269645450139046e+09,8.940577637359677108e-10,-2.546368052979409405e-10,-1.273184026488161180e+01,9.075723388680277670e-02,2.084815902220001071e-02,1.670121662364257160e-10
1.465000000000000080e+00,1.115974657600672243e-01,5.579873288003360748e+09,8.939942602719736608e-10,-2.534061739119438663e-10,-1.267030869561131112e+01,9.075361051149652414e-02,2.084385524857070016e-02,1.669776892086911854e-10
1.469999999999999973e+00,1.115895765396628242e-01,5.579478826983140945e+09,8.939310606490116992e-10,-2.522057004458195118e-10,-1.261028502231056336e+01,9.075005274551734002e-02,2.083952379414548417e-02,1.669429904333345918e-10
1.475000000000000089e+00,1.115817243183875734e-01,5.579086215919378281e+09,8.938681574217506245e-10,-2.510346396206885764e-10,-1.255173198104603216e+01,9.074655895638275571e-02,2.083516536200481772e-02,1.669080755426513186e-10
1.479999999999999982e+00,1.115739081898508428e-01,5.578695409492542267e+09,8.938055433292011911e-10,-2.498922633871689396e-10,-1.249461316934321076e+01,9.074312755126540120e-02,2.083078063858544160e-02,1.668729500356059617e-10
1.485000000000000098e+00,1.115661272700918943e-01,5.578306363504594803e+09,8.937432112900571178e-10,-2.487778632515398922e-10,-1.243889316255808808e+01,9.073975697924052675e-02,2.082637029085136759e-02,1.668376192551692097e-10
1.489999999999999991e+00,1.115583806969407538e-01,5.577919034847037315e+09,8.936811543975754600e-10,-2.476907500887596137e-10,-1.238453750444750767e+01,9.073644572539389663e-02,2.082193497154685713e-02,1.668020884303991319e-10
1.495000000000000107e+00,1.115506676294484995e-01,5.577533381472424507e+09,8.936193659150126412e-10,-2.466302509220459063e-10,-1.233151254609401803e+01,9.073319231262144680e-02,2.081747531682705266e-02,1.667663626574602274e-10
1.500000000000000000e+00,1.115429872474490852e-01,5.577149362372454643e+09,8.935578392721145181e-10,-2.455957071582948078e-10,-1.227978535791044123e+01,9.072999530119922607e-02,2.081299194624985915e-02,1.667304468995585425e-10
1.505000000000000115e+00,1.115353387510997218e-01,5.576766937554986000e+09,8.934965680614334632e-10,-2.445864766836401032e-10,-1.222932383419538382e+01,9.072685328575645636e-02,2.080848546534326549e-02,1.666943460075079660e-10
1.510000000000000009e+00,1.115277213603119710e-01,5.576386068015598297e+09,8.934355460337725633e-10,-2.436019352703750498e-10,-1.218009676349174697e+01,9.072376489519311249e-02,2.080395646511885854e-02,1.666580647158333552e-10
1.515000000000000124e+00,1.115201343142042667e-01,5.576006715710213661e+09,8.933747670937984609e-10,-2.426414745898130832e-10,-1.213207372945907991e+01,9.072072879529352596e-02,2.079940551891074074e-02,1.666216076174471774e-10
1.520000000000000018e+00,1.115125768706570625e-01,5.575628843532853127e+09,8.933142252964778602e-10,-2.417044998204785324e-10,-1.208522499105310999e+01,9.071774368154748858e-02,2.079483318910957390e-02,1.665849792175953078e-10
1.525000000000000133e+00,1.115050483059145670e-01,5.575252415295728683e+09,8.932539148438880215e-10,-2.407904298353009010e-10,-1.203952149179531261e+01,9.071480828317494971e-02,2.079024002273961724e-02,1.665481838984252140e-10
1.530000000000000027e+00,1.114975479141284420e-01,5.574877395706421852e+09,8.931938300815600030e-10,-2.398986986930281293e-10,-1.199493493464251515e+01,9.071192136071046241e-02,2.078562655341797960e-02,1.665112259346811906e-10
1.535000000000000142e+00,1.114900750068661267e-01,5.574503750343306541e+09,8.931339654945414876e-10,-2.390287556083686829e-10,-1.195143778042984195e+01,9.070908170449988595e-02,2.078099330236624076e-02,1.664741095018084288e-10
1.540000000000000036e+00,1.114826289126565617e-01,5.574131445632827759e+09,8.930743157037557409e-10,-2.381800633813807100e-10,-1.190900316908664536e+01,9.070628813565805026e-02,2.077634077699851145e-02,1.664368386646420709e-10
1.544999999999999929e+00,1.114752089765966292e-01,5.573760448829831123e+09,8.930148754628507765e-10,-2.373520968867887804e-10,-1.186760484431579243e+01,9.070353950398395149e-02,2.077166947261267771e-02,1.663994173909556540e-10
1.550000000000000044e+00,1.114678145599909687e-01,5.573390727999547958e+09,8.929556396553124962e-10,-2.365443433479990433e-10,-1.182721716741798446e+01,9.070083468743422861e-02,2.076697987255674005e-02,1.663618495527935418e-10
1.554999999999999938e+00,1.114604450399414304e-01,5.573022251997071266e+09,8.928966032911766463e-10,-2.357563036034134843e-10,-1.178781518017058261e+01,9.069817259265310072e-02,2.076227244728832966e-02,1.663241389189367834e-10
1.560000000000000053e+00,1.114530998089079544e-01,5.572654990445397377e+09,8.928377615035108192e-10,-2.349874918351676232e-10,-1.174937459175998811e+01,9.069555215272102899e-02,2.075754765618692543e-02,1.662862891694207793e-10
1.564999999999999947e+00,1.114457782743146913e-01,5.572288913715734482e+09,8.927791095452591725e-10,-2.342374337031169316e-10,-1.171187168514006771e+01,9.069297232665154973e-02,2.075280594766314157e-02,1.662483038964105670e-10
1.570000000000000062e+00,1.114384798582275932e-01,5.571923992911379814e+09,8.927206427866593509e-10,-2.335056653622786144e-10,-1.167528326813771855e+01,9.069043209925743698e-02,2.074804775897015618e-02,1.662101866026902352e-10
1.574999999999999956e+00,1.114312039970217216e-01,5.571560199851085663e+09,8.926623567125779306e-10,-2.327917345586804845e-10,-1.163958672793523874e+01,9.068793048097274767e-02,2.074327351604897396e-02,1.661719407004234442e-10
1.580000000000000071e+00,1.114239501409905048e-01,5.571197507049525261e+09,8.926042469193799544e-10,-2.320952012817880912e-10,-1.160476006408862304e+01,9.068546650616483851e-02,2.073848363482566626e-02,1.661335695215453487e-10
1.584999999999999964e+00,1.114167177539723275e-01,5.570835887698616028e+09,8.925463091119370192e-10,-2.314156366294805705e-10,-1.157078183146950323e+01,9.068303923375108100e-02,2.073367852022124647e-02,1.660950763098308653e-10
1.590000000000000080e+00,1.114095063130305652e-01,5.570475315651528358e+09,8.924885391010652911e-10,-2.307526215555006743e-10,-1.153763107777922414e+01,9.068064774491159385e-02,2.072885856811897132e-02,1.660564642366545579e-10
1.594999999999999973e+00,1.114023153081583756e-01,5.570115765407918930e+09,8.924309328011592515e-10,-2.301057468355734528e-10,-1.150528734180261381e+01,9.067829114419680148e-02,2.072402416396157410e-02,1.660177363897530781e-10
1.600000000000000089e+00,1.113951442419609528e-01,5.569757212098047256e+09,8.923734862276472901e-10,-2.294746136863755803e-10,-1.147373068431625143e+01,9.067596855794651800e-02,2.071917568401443477e-02,1.659788957833444541e-10
1.604999999999999982e+00,1.113879926293215583e-01,5.569399631466077805e+09,8.923161954943160852e-10,-2.288588337581238174e-10,-1.144294168788474053e+01,9.067367913421232883e-02,2.071431349510922948e-02,1.659399453560743815e-10
1.610000000000000098e+00,1.113808599970842472e-01,5.569042999854212761e+09,8.922590568107684714e-10,-2.282580284393727192e-10,-1.141290142195066437e+01,9.067142204215342116e-02,2.070943795493082606e-02,1.659008879733145452e-10
1.614999999999999991e+00,1.113737458837633504e-01,5.568687294188167572e+09,8.922020664800965800e-10,-2.276718279032555366e-10,-1.138359139516251162e+01,9.066919647151400197e-02,2.070454941224934842e-02,1.658617264290216813e-10
1.620000000000000107e+00,1.113666498392856669e-01,5.568332491964282990e+09,8.921452208968166798e-10,-2.270998709418892755e-10,-1.135499354710918851e+01,9.066700163183251393e-02,2.069964820745315293e-02,1.658224634500071225e-10
1.625000000000000000e+00,1.113595714247104101e-01,5.567978571235520363e+09,8.920885165446254493e-10,-2.265418057071050088e-10,-1.132709028534009121e+01,9.066483675131548070e-02,2.069473467339492945e-02,1.657831017027148961e-10
1.630000000000000115e+00,1.113525102119250210e-01,5.567625510596251488e+09,8.920319499939633093e-10,-2.259972897165888657e-10,-1.129986448583076708e+01,9.066270107943925904e-02,2.068980913248576192e-02,1.657436437699424838e-10
1.635000000000000009e+00,1.113454657833647249e-01,5.567273289168235779e+09,8.919755178997671805e-10,-2.254659887747620563e-10,-1.127329943876247853e+01,9.066059388238256744e-02,2.068487190098215744e-02,1.657040921851838614e-10
1.640000000000000124e+00,1.113384377317758189e-01,5.566921886588790894e+09,8.919192169995758257e-10,-2.249475761903341870e-10,-1.124737880952307023e+01,9.065851444539271831e-02,2.067992328638310062e-02,1.656644494117774390e-10
1.645000000000000018e+00,1.113314256599840096e-01,5.566571282999200821e+09,8.918630441116720026e-10,-2.244417332955344572e-10,-1.122208666478400119e+01,9.065646207076352714e-02,2.067496358922048250e-02,1.656247178572491397e-10
1.650000000000000133e+00,1.113244291806253089e-01,5.566221459031265259e+09,8.918069961329280717e-10,-2.239481499039329670e-10,-1.119740749518678058e+01,9.065443607652083624e-02,2.066999310410447266e-02,1.655848998816865699e-10
1.655000000000000027e+00,1.113174479158856867e-01,5.565872395794283867e+09,8.917510700367200535e-10,-2.234665237257762256e-10,-1.117332618628279306e+01,9.065243580180659677e-02,2.066501211407908989e-02,1.655449977525222763e-10
1.660000000000000142e+00,1.113104814972685763e-01,5.565524074863429070e+09,8.916952628710652316e-10,-2.229965595821523344e-10,-1.114982797911216039e+01,9.065046059856204930e-02,2.066002089870652703e-02,1.655050137092963787e-10
1.665000000000000036e+00,1.113035295653836132e-01,5.565176478269180298e+09,8.916395717569289137e-10,-2.225379691917504424e-10,-1.112689845960994717e+01,9.064850983524555539e-02,2.065501973013805781e-02,1.654649499321809003e-10
1.669999999999999929e+00,1.112965917697273516e-01,5.564829588486367226e+09,8.915839938864692579e-10,-2.220904714910392006e-10,-1.110452357455505989e+01,9.064658289744348396e-02,2.065000887228386761e-02,1.654248085353295198e-10
1.675000000000000044e+00,1.112896677684520053e-01,5.564483388422599792e+09,8.915285265211834578e-10,-2.216537927471339019e-10,-1.108268963736190926e+01,9.064467918406420022e-02,2.064498858438780504e-02,1.653845915955143832e-10
1.679999999999999938e+00,1.112827572281391425e-01,5.564137861406956673e+09,8.914731669900955958e-10,-2.212276661916664898e-10,-1.106138330955582205e+01,9.064279810709895135e-02,2.063995912104019115e-02,1.653443011522288552e-10
1.685000000000000053e+00,1.112758598235914359e-01,5.563792991179572105e+09,8.914179126880878073e-10,-2.208118312830198611e-10,-1.104059156414587051e+01,9.064093909988732434e-02,2.063492072370411157e-02,1.653039391398054849e-10
1.689999999999999947e+00,1.112689752376521263e-01,5.563448761882606506e+09,8.913627610744541612e-10,-2.204060335083339150e-10,-1.102030167540942784e+01,9.063910160363114477e-02,2.062987363402098151e-02,1.652635074940054143e-10
1.695000000000000062e+00,1.112621031610093597e-01,5.563105158050468445e+09,8.913077096713336701e-10,-2.200100249014661999e-10,-1.100050124508561566e+01,9.063728507446440485e-02,2.062481808654495485e-02,1.652230080938145636e-10
1.699999999999999956e+00,1.112552432919831635e-01,5.562762164599158287e+09,8.912527560620032999e-10,-2.196235640942374067e-10,-1.098117820474726614e+01,9.063548898418410937e-02,2.061975430779905416e-02,1.651824427538824254e-10
1.705000000000000071e+00,1.112483953363267580e-01,5.562419766816337585e+09,8.911978978892863703e-10,-2.192464155953945728e-10,-1.096232077977037989e+01,9.063371281442619831e-02,2.061468252190055972e-02,1.651418132695863470e-10
1.709999999999999964e+00,1.112415590070583576e-01,5.562077950352917671e+09,8.911431328542055951e-10,-2.188783492383456001e-10,-1.094391746190376580e+01,9.063195606146245975e-02,2.060960294559589789e-02,1.651011213772566028e-10
1.715000000000000080e+00,1.112347340242970245e-01,5.561736701214851379e+09,8.910884587146673480e-10,-2.185191404865146329e-10,-1.092595702433027327e+01,9.063021823505923447e-02,2.060451578923779004e-02,1.650603687620042626e-10
1.719999999999999973e+00,1.112279201150754571e-01,5.561396005753772736e+09,8.910338732839623974e-10,-2.181685707435678743e-10,-1.090842853719368577e+01,9.062849885478897749e-02,2.059942126028647957e-02,1.650195570857691286e-10
1.725000000000000089e+00,1.112211170131564425e-01,5.561055850657821655e+09,8.909793744292954896e-10,-2.178264269570021674e-10,-1.089132134786632378e+01,9.062679745277818499e-02,2.059431956037825751e-02,1.649786879638359743e-10
1.729999999999999982e+00,1.112143244588703617e-01,5.560716222943517685e+09,8.909249600704837805e-10,-2.174925011302540173e-10,-1.087462505650182720e+01,9.062511357492444852e-02,2.058921088394591314e-02,1.649377629537831273e-10
1.735000000000000098e+00,1.112075421989621171e-01,5.560377109948105812e+09,8.908706281787303329e-10,-2.171665901738335509e-10,-1.085832950868643820e+01,9.062342544804929956e-02,2.058411675091281756e-02,1.648969544492025577e-10
1.739999999999999991e+00,1.112007699864379640e-01,5.560038499321898460e+09,8.908163767753969944e-10,-2.168484960315324259e-10,-1.084242480155080557e+01,9.062165816317474532e-02,2.057911182326321864e-02,1.648568605585273261e-10
1.745000000000000107e+00,1.111940075804044858e-01,5.559700379020224571e+09,8.907622039307147197e-10,-2.165380257860911910e-10,-1.082690128931426443e+01,9.061991000335657687e-02,2.057409757704790898e-02,1.648166920179108474e-10
1.750000000000000000e+00,1.111872547459088478e-01,5.559362737295442581e+09,8.907081077625038181e-10,-2.162349914269005001e-10,-1.081174957135226578e+01,9.061818048438363693e-02,2.056907426152521090e-02,1.647764508241324822e-10
1.755000000000000115e+00,1.111805112537924273e-01,5.559025562689620972e+09,8.906540864350012190e-10,-2.159392093754509035e-10,-1.079696046876779292e+01,9.061646913458946961e-02,2.056404211920295766e-02,1.647361389198940898e-10
1.760000000000000009e+00,1.111737768805603627e-01,5.558688844028017998e+09,8.906001381578160521e-10,-2.156505003246083463e-10,-1.078252501621318515e+01,9.061477549325973324e-02,2.055900138730062943e-02,1.646957582055332417e-10
1.765000000000000124e+00,1.111670514082455513e-01,5.558352570412277222e+09,8.905462611848390107e-10,-2.153686895365580079e-10,-1.076843447683495469e+01,9.061309911075017542e-02,2.055395229749537589e-02,1.646553105369885384e-10
1.770000000000000018e+00,1.111603346242593798e-01,5.558016731212968826e+09,8.904924538130476954e-10,-2.150936068995555085e-10,-1.075468034499499481e+01,9.061143954878514428e-02,2.054889507547423555e-02,1.646147977222124373e-10
1.775000000000000133e+00,1.111536263212523357e-01,5.557681316062616348e+09,8.904387143813891966e-10,-2.148250864398241745e-10,-1.074125432199798524e+01,9.060979638011175397e-02,2.054382994114058170e-02,1.645742215228251741e-10
1.780000000000000027e+00,1.111469262969950189e-01,5.557346314849750519e+09,8.903850412698276998e-10,-2.145629659998942758e-10,-1.072814829998242203e+01,9.060816918781605667e-02,2.053875710917896225e-02,1.645335836586395964e-10
1.785000000000000142e+00,1.111402343542590293e-01,5.557011717712951660e+09,8.903314328983894017e-10,-2.143070874025039015e-10,-1.071535437009879388e+01,9.060655756601679323e-02,2.053367678824223608e-02,1.644928858011493649e-10
1.790000000000000036e+00,1.111335503006875974e-01,5.556677515034379959e+09,8.902778877261266736e-10,-2.140572965757480778e-10,-1.070286482879600953e+01,9.060496111814267395e-02,2.052858918254492349e-02,1.644521295862931775e-10
1.794999999999999929e+00,1.111268739486687140e-01,5.556343697433435440e+09,8.902244042501015599e-10,-2.138134433406852565e-10,-1.069067216703842860e+01,9.060337945651661395e-02,2.052349449215210009e-02,1.644113166167689365e-10
1.800000000000000044e+00,1.111202051152190701e-01,5.556010255760953903e+09,8.901709810044563368e-10,-2.135753811483335850e-10,-1.067876905742741656e+01,9.060181220509971878e-02,2.051839291011935129e-02,1.643704484391224220e-10
1.804999999999999938e+00,1.111135436218735201e-01,5.555677181093675613e+09,8.901176165595272922e-10,-2.133429669276284919e-10,-1.066714834640151821e+01,9.060025899573874442e-02,2.051328462613477566e-02,1.643295265729228058e-10
1.810000000000000053e+00,1.111068892945785563e-01,5.555344464728927612e+09,8.900643095209924191e-10,-2.131160611171864229e-10,-1.065580305585172027e+01,9.059871947014905280e-02,2.050816982442950354e-02,1.642885524940241340e-10
1.814999999999999947e+00,1.111002419635797600e-01,5.555012098178988457e+09,8.900110585289688586e-10,-2.128945277400554981e-10,-1.064472638702136464e+01,9.059719327863237359e-02,2.050304868494738642e-02,1.642475276439356296e-10
1.820000000000000062e+00,1.110936014633106261e-01,5.554680073165531158e+09,8.899578622571223360e-10,-2.126782342927541962e-10,-1.063391171464172658e+01,9.059568007953777702e-02,2.049792138377284911e-02,1.642064534332490373e-10
1.824999999999999956e+00,1.110869676322869815e-01,5.554348381614349365e+09,8.899047194118225063e-10,-2.124670514352572956e-10,-1.062335257176891901e+01,9.059417953644555155e-02,2.049278809584142991e-02,1.641653312633524511e-10
1.830000000000000071e+00,1.110803403130150441e-01,5.554017015650752068e+09,8.898516287314046957e-10,-2.122608528398004933e-10,-1.061304264199861791e+01,9.059269133098772631e-02,2.048764898202731777e-02,1.641241624229902668e-10
1.834999999999999964e+00,1.110737193518954724e-01,5.553685967594773293e+09,8.897985889854025879e-10,-2.120595153664279835e-10,-1.060297576831362676e+01,9.059121514364026906e-02,2.048250420825520335e-02,1.640829482413657574e-10
1.840000000000000080e+00,1.110671045991201977e-01,5.553355229956009865e+09,8.897455989737215603e-10,-2.118629191068264122e-10,-1.059314595533942338e+01,9.058975066723493064e-02,2.047735393188526709e-02,1.640416899790729924e-10
1.844999999999999973e+00,1.110604959085740029e-01,5.553024795428700447e+09,8.896926575258493476e-10,-2.116709471045922467e-10,-1.058354735522880219e+01,9.058829759939684978e-02,2.047219830917715311e-02,1.640003888878896920e-10
1.850000000000000089e+00,1.110538931377486466e-01,5.552694656887432098e+09,8.896397635001690673e-10,-2.114834851172155172e-10,-1.057417425586027093e+01,9.058685564639530619e-02,2.046703749135334038e-02,1.639590461792414829e-10
1.854999999999999982e+00,1.110472961476594300e-01,5.552364807382971764e+09,8.895869157832907555e-10,-2.113004216940068481e-10,-1.056502108470886014e+01,9.058542451658453676e-02,2.046187163107489326e-02,1.639176630760782980e-10
1.860000000000000098e+00,1.110407048027542420e-01,5.552035240137712479e+09,8.895341132893221028e-10,-2.111216482495775662e-10,-1.055608241249865387e+01,9.058400394026945579e-02,2.045670086248478625e-02,1.638762406530038612e-10
1.864999999999999991e+00,1.110341189708257958e-01,5.551705948541289330e+09,8.894813549591659717e-10,-2.109470589342436595e-10,-1.054735294671263546e+01,9.058259363979770384e-02,2.045152533102809200e-02,1.638347800751616221e-10
1.870000000000000107e+00,1.110275385229285428e-01,5.551376926146427155e+09,8.894286397598548263e-10,-2.107765504877008361e-10,-1.053882752437493764e+01,9.058119335217411361e-02,2.044634517075442914e-02,1.637932824164074299e-10
1.875000000000000000e+00,1.110209633333002627e-01,5.551048166665013313e+09,8.893759666839221783e-10,-2.106100221109107902e-10,-1.053050110554613639e+01,9.057980281515126686e-02,2.044116051814899582e-02,1.637517487701082564e-10
1.880000000000000115e+00,1.110143932792867633e-01,5.550719663964338303e+09,8.893233347487993659e-10,-2.104473754591131810e-10,-1.052236877295945305e+01,9.057842177598340871e-02,2.043597150330335455e-02,1.637101801784124375e-10
1.885000000000000009e+00,1.110078282412640255e-01,5.550391412063200951e+09,8.892707429961925829e-10,-2.102885146945534329e-10,-1.051442573469830677e+01,9.057704998854125555e-02,2.043077825272276993e-02,1.636685776547388272e-10
1.890000000000000124e+00,1.110012681025595582e-01,5.550063405127978325e+09,8.892181904914522571e-10,-2.101333464386253750e-10,-1.050666732189711183e+01,9.057568721467335049e-02,2.042558088788620774e-02,1.636269421722412730e-10
1.895000000000000018e+00,1.109947127493776248e-01,5.549735637468881607e+09,8.891656763229736548e-10,-2.099817795613835526e-10,-1.049908897808927577e+01,9.057433321667801573e-02,2.042037953269960904e-02,1.635852747235157529e-10
1.900000000000000133e+00,1.109881620707335037e-01,5.549408103536675453e+09,8.891131996016713106e-10,-2.098337250485590553e-10,-1.049168625242600683e+01,9.057298776940589380e-02,2.041517430132760991e-02,1.635435762231218448e-10
1.905000000000000027e+00,1.109816159583874445e-01,5.549080797919372559e+09,8.890607594604494249e-10,-2.096890961254380852e-10,-1.048445480628288351e+01,9.057165064787715825e-02,2.040996531051028628e-02,1.635018476062506657e-10
1.910000000000000142e+00,1.109750743067706713e-01,5.548753715338533401e+09,8.890083550536084658e-10,-2.095478082924373406e-10,-1.047739041462773457e+01,9.057032163445238870e-02,2.040475267231828260e-02,1.634600897706870362e-10
1.915000000000000036e+00,1.109685370129175619e-01,5.548426850645877838e+09,8.889559855563032617e-10,-2.094097791150398454e-10,-1.047048895574698690e+01,9.056900051640963401e-02,2.039953649650792789e-02,1.634183035956761260e-10
1.919999999999999929e+00,1.109620039764043775e-01,5.548100198820219040e+09,8.889036501640508292e-10,-2.092749281039397866e-10,-1.046374640519206878e+01,9.056768708762399922e-02,2.039431688878037829e-02,1.633764899279774991e-10
1.925000000000000044e+00,1.109554750992893801e-01,5.547773754964468956e+09,8.888513480922513323e-10,-2.091431767343125144e-10,-1.045715883672528435e+01,9.056638114576619214e-02,2.038909395352318799e-02,1.633346496038276639e-10
1.929999999999999938e+00,1.109489502860498827e-01,5.547447514302494049e+09,8.887990785756836052e-10,-2.090144484811781673e-10,-1.045072242406604346e+01,9.056508249604212912e-02,2.038386779000775362e-02,1.632927834184781906e-10
1.935000000000000053e+00,1.109424294435204933e-01,5.547121472176024437e+09,8.887468408680107052e-10,-2.088886687416863995e-10,-1.044443343707825989e+01,9.056379094473729352e-02,2.037863849878319977e-02,1.632508921774163890e-10
1.939999999999999947e+00,1.109359124808348834e-01,5.546795624041744232e+09,8.886946342413130730e-10,-2.087657647499895693e-10,-1.043828823749208823e+01,9.056250630441464722e-02,2.037340617642023621e-02,1.632089766542588945e-10
1.945000000000000062e+00,1.109293993093692365e-01,5.546469965468461990e+09,8.886424579856356508e-10,-2.086456654878807637e-10,-1.043228327439283021e+01,9.056122839294243609e-02,2.036817091642680044e-02,1.631670375980869248e-10
1.949999999999999956e+00,1.109228898426899840e-01,5.546144492134499550e+09,8.885903114085691227e-10,-2.085283016589592931e-10,-1.042641508296946995e+01,9.055995703195207636e-02,2.036293281073790762e-02,1.631250757453811000e-10
1.955000000000000071e+00,1.109163839964983633e-01,5.545819199824917793e+09,8.885381938348059247e-10,-2.084136057223002510e-10,-1.042068028610083275e+01,9.055869204783059678e-02,2.035769194866776655e-02,1.630830918116271110e-10
1.959999999999999964e+00,1.109098816885764477e-01,5.545494084428822517e+09,8.884861046057082505e-10,-2.083015118604790206e-10,-1.041507559301680885e+01,9.055743327236971674e-02,2.035244841620673095e-02,1.630410864856836527e-10
1.965000000000000080e+00,1.109033828387333415e-01,5.545169141936667442e+09,8.884340430788757456e-10,-2.081919558647983098e-10,-1.040959779324475676e+01,9.055618053876852980e-02,2.034720229996481167e-02,1.629990604613733827e-10
1.969999999999999973e+00,1.108968873687588425e-01,5.544844368437942505e+09,8.883820086277757579e-10,-2.080848750167035394e-10,-1.040424375084694475e+01,9.055493368640092633e-02,2.034195368235791612e-02,1.629570143989205623e-10
1.975000000000000089e+00,1.108903952023765765e-01,5.544519760118828773e+09,8.883300006413671771e-10,-2.079802081722743786e-10,-1.039901040859695058e+01,9.055369255824478880e-02,2.033670264413178774e-02,1.629149489451698323e-10
1.979999999999999982e+00,1.108839062651926916e-01,5.544195313259634972e+09,8.882780185236897398e-10,-2.078778957704833174e-10,-1.039389478851808235e+01,9.055245700135106102e-02,2.033144926384163054e-02,1.628728647294177914e-10
1.985000000000000098e+00,1.108774204846482564e-01,5.543871024232413292e+09,8.882260616934819751e-10,-2.077778797245636899e-10,-1.038889398623723537e+01,9.055122686620123429e-02,2.032619361844702210e-02,1.628307623681786419e-10
1.989999999999999991e+00,1.108709377899749771e-01,5.543546889498748779e+09,8.881741295838274819e-10,-2.076801033180363811e-10,-1.038400516589172184e+01,9.055000200786816889e-02,2.032093578210680818e-02,1.627886424555301910e-10
1.995000000000000107e+00,1.108644581121537992e-01,5.543222905607689857e+09,8.881222216418228155e-10,-2.075845112212269686e-10,-1.037922556107514538e+01,9.054878227867492468e-02,2.031567583347887451e-02,1.627465056215916428e-10
2.000000000000000000e+00,1.108579813838699163e-01,5.542899069193495750e+09,8.880703373282167336e-10,-2.074910495075711072e-10,-1.037455247537582181e+01,9.054756754706408395e-02,2.031041383680583234e-02,1.627043523810029536e-10
2.004999999999999893e+00,1.108515075394700955e-01,5.542575376973505020e+09,8.880184761170690878e-10,-2.073996655970750797e-10,-1.036998327984474599e+01,9.054635767486986231e-02,2.030514986460023319e-02,1.626621833146537765e-10
2.010000000000000231e+00,1.108450365149212802e-01,5.542251825746064186e+09,8.879666374954182970e-10,-2.073103082145994239e-10,-1.036551541074004490e+01,9.054515253214512338e-02,2.029988398277615680e-02,1.626199989505740803e-10
2.015000000000000124e+00,1.108385682477705803e-01,5.541928412388528824e+09,8.879148209629616417e-10,-2.072229273193434404e-10,-1.036114636596175842e+01,9.054395198761244767e-02,2.029461626015813258e-02,1.625777998401091337e-10
2.020000000000000018e+00,1.108321026771083018e-01,5.541605133855415344e+09,8.878630260317588238e-10,-2.071374740807047527e-10,-1.035687370401865337e+01,9.054275591794357092e-02,2.028934675916473085e-02,1.625355864832867738e-10
2.024999999999999911e+00,1.108256397435292001e-01,5.541281987176460266e+09,8.878112522259211529e-10,-2.070539009049608459e-10,-1.035269504523603246e+01,9.054156419195263927e-02,2.028407555157656084e-02,1.624933594551331322e-10
2.030000000000000249e+00,1.108191793890943161e-01,5.540958969454715729e+09,8.877594990813064203e-10,-2.069721614035053306e-10,-1.034860807016957551e+01,9.054037670371911650e-02,2.027880268537519959e-02,1.624511191400229870e-10
2.035000000000000142e+00,1.108127215572936031e-01,5.540636077864680290e+09,8.877077661452194598e-10,-2.068922103282616810e-10,-1.034461051643302198e+01,9.053919332971825662e-02,2.027352822757534645e-02,1.624088660748032766e-10
2.040000000000000036e+00,1.108062661930123011e-01,5.540313309650614738e+09,8.876560529761420727e-10,-2.068140034931209288e-10,-1.034070017466729041e+01,9.053801396085014996e-02,2.026825223216215111e-02,1.623666006919426886e-10
2.044999999999999929e+00,1.107998132424983240e-01,5.539990662124916077e+09,8.876043591434728803e-10,-2.067374978109993549e-10,-1.033687489053409081e+01,9.053683848228978592e-02,2.026297476020853805e-02,1.623243234806893454e-10
2.049999999999999822e+00,1.107933626533261079e-01,5.539668132666305542e+09,8.875526842272366723e-10,-2.066626513073910163e-10,-1.033313256535620894e+01,9.053566678481349272e-02,2.025769586851261517e-02,1.622820348960462473e-10
2.055000000000000160e+00,1.107869143743634571e-01,5.539345718718173027e+09,8.875010278178192964e-10,-2.065894230396878581e-10,-1.032947115198476240e+01,9.053449876091364257e-02,2.025241561344981456e-02,1.622397353896303306e-10
2.060000000000000053e+00,1.107804683557402220e-01,5.539023417787011147e+09,8.874493895157168152e-10,-2.065177730488988354e-10,-1.032588865244179033e+01,9.053333431757204508e-02,2.024713403816817692e-02,1.621974253070955840e-10
2.064999999999999947e+00,1.107740245488182396e-01,5.538701227440912247e+09,8.873977689312948999e-10,-2.064476623496972759e-10,-1.032238311749824788e+01,9.053217334653893000e-02,2.024185120227930956e-02,1.621551051259835853e-10
2.069999999999999840e+00,1.107675829061606221e-01,5.538379145308031082e+09,8.873461656845417109e-10,-2.063790529374089024e-10,-1.031895264687773306e+01,9.053101575571641246e-02,2.023656715044420962e-02,1.621127752040683544e-10
2.075000000000000178e+00,1.107611433815013646e-01,5.538057169075068474e+09,8.872945794048261533e-10,-2.063119077562480965e-10,-1.031559538778674323e+01,9.052986144521832368e-02,2.023128193628304095e-02,1.620704359708948055e-10
2.080000000000000071e+00,1.107547059297163405e-01,5.537735296485816956e+09,8.872430097306637854e-10,-2.062461906711540537e-10,-1.031230953354679514e+01,9.052871032422094011e-02,2.022599560549540043e-02,1.620280877925570511e-10
2.084999999999999964e+00,1.107482705067949075e-01,5.537413525339745522e+09,8.871914563094906879e-10,-2.061818664271332016e-10,-1.030909332135342993e+01,9.052756230112354863e-02,2.022070820567135885e-02,1.619857310502935624e-10
2.089999999999999858e+00,1.107418370698134147e-01,5.537091853490671158e+09,8.871399187974503619e-10,-2.061189006151661240e-10,-1.030594503074826207e+01,9.052641728753850481e-02,2.021541978227490988e-02,1.619433661083111099e-10
2.095000000000000195e+00,1.107354055769088352e-01,5.536770278845441818e+09,8.870883968591831074e-10,-2.060572596904187688e-10,-1.030286298452119809e+01,9.052527519688979840e-02,2.021013038001903683e-02,1.619009933248001990e-10
2.100000000000000089e+00,1.107289759872512602e-01,5.536448799362563133e+09,8.870368901676051666e-10,-2.059969109641956357e-10,-1.029984554821567144e+01,9.052413594899844096e-02,2.020484003825281927e-02,1.618586130149816542e-10
2.104999999999999982e+00,1.107225482610178779e-01,5.536127413050893784e+09,8.869853984037007912e-10,-2.059378225531177989e-10,-1.029689112765481696e+01,9.052299945888030164e-02,2.019954880213757631e-02,1.618162255406375470e-10
2.109999999999999876e+00,1.107161223593688681e-01,5.535806117968443871e+09,8.869339212563287855e-10,-2.058799633179247767e-10,-1.029399816587101668e+01,9.052186564516426226e-02,2.019425671420460588e-02,1.617738312424811680e-10
2.115000000000000213e+00,1.107096982444249061e-01,5.535484912221245766e+09,8.868824584220420778e-10,-2.058233029003204647e-10,-1.029116514502675273e+01,9.052073443128794139e-02,2.018896381313696475e-02,1.617314304303979233e-10
2.120000000000000107e+00,1.107032758792410171e-01,5.535163793962050438e+09,8.868310096048786501e-10,-2.057678117202202790e-10,-1.028839058603625745e+01,9.051960574165572593e-02,2.018367013758529116e-02,1.616890234140135878e-10
2.125000000000000000e+00,1.106968552277840800e-01,5.534842761389204025e+09,8.867795745161819370e-10,-2.057134609183646737e-10,-1.028567304590251297e+01,9.051847950059747905e-02,2.017837572718660100e-02,1.616466105108556311e-10
2.129999999999999893e+00,1.106904362549103876e-01,5.534521812745519638e+09,8.867281528744194661e-10,-2.056602223406490314e-10,-1.028301111701875925e+01,9.051735563861408596e-02,2.017308061629630167e-02,1.616041919961412600e-10
2.135000000000000231e+00,1.106840189263441493e-01,5.534200946317207336e+09,8.866767444050117349e-10,-2.056080685205477298e-10,-1.028040342603344470e+01,9.051623408306729013e-02,2.016778484327685916e-02,1.615617681771876660e-10
2.140000000000000124e+00,1.106776032086558559e-01,5.533880160432792664e+09,8.866253488401591236e-10,-2.055569726744554601e-10,-1.027784863371925894e+01,9.051511476493552533e-02,2.016248844372033056e-02,1.615193393391186813e-10
2.145000000000000018e+00,1.106711890692414907e-01,5.533559453462074280e+09,8.865739659186744940e-10,-2.055069086841112939e-10,-1.027534543420188129e+01,9.051399761737051464e-02,2.015719145187097605e-02,1.614769057562610528e-10
2.149999999999999911e+00,1.106647764763016850e-01,5.533238823815084457e+09,8.865225953858170299e-10,-2.054578510898224191e-10,-1.027289255447976757e+01,9.051288257530226700e-02,2.015189390099941802e-02,1.614344676951418608e-10
2.155000000000000249e+00,1.106583653988215399e-01,5.532918269941077232e+09,8.864712369931297995e-10,-2.054097750479007343e-10,-1.027048875240143389e+01,9.051176957539373846e-02,2.014659582342780142e-02,1.613920254146900660e-10
2.160000000000000142e+00,1.106519558065522379e-01,5.532597790327611923e+09,8.864198904982930340e-10,-2.053626563105458169e-10,-1.026813281551585533e+01,9.051065855601450605e-02,2.014129725053773190e-02,1.613495791662999703e-10
2.165000000000000036e+00,1.106455476699923640e-01,5.532277383499618530e+09,8.863685556649745117e-10,-2.053164712391856913e-10,-1.026582356197468471e+01,9.050954945115759209e-02,2.013599821883477192e-02,1.613071292424134471e-10
2.169999999999999929e+00,1.106391409603684761e-01,5.531957048018424034e+09,8.863172322626734271e-10,-2.052711967970652910e-10,-1.026355983987741638e+01,9.050844220795838113e-02,2.013069875241009499e-02,1.612646758360220212e-10
2.175000000000000266e+00,1.106327356496169950e-01,5.531636782480850220e+09,8.862659200665758417e-10,-2.052268105168474484e-10,-1.026134052583074663e+01,9.050733676615764500e-02,2.012539888345935002e-02,1.612222192050413055e-10
2.180000000000000160e+00,1.106263317103668431e-01,5.531316585518342018e+09,8.862146188574149935e-10,-2.051832904576259724e-10,-1.025916452288220171e+01,9.050623307017886809e-02,2.012009864018797500e-02,1.611797595754217074e-10
2.185000000000000053e+00,1.106199291159238041e-01,5.530996455796190262e+09,8.861633284213469096e-10,-2.051406152258897144e-10,-1.025703076129138935e+01,9.050513106698099275e-02,2.011479804894281131e-02,1.611372971582247966e-10
2.189999999999999947e+00,1.106135278402521349e-01,5.530676392012606621e+09,8.861120485498022380e-10,-2.050987639753108093e-10,-1.025493819874827750e+01,9.050403070057290444e-02,2.010949713967923047e-02,1.610948321934194945e-10
2.194999999999999840e+00,1.106071278579586759e-01,5.530356392897933960e+09,8.860607790393592749e-10,-2.050577163673576443e-10,-1.025288581836502999e+01,9.050293190927094500e-02,2.010419594868773085e-02,1.610523649717247087e-10
2.200000000000000178e+00,1.106007291442771545e-01,5.530036457213857651e+09,8.860095196916183367e-10,-2.050174525657891440e-10,-1.025087262829765677e+01,9.050183465896091684e-02,2.009889448531623768e-02,1.610098955680256431e-10
2.205000000000000071e+00,1.105943316750525457e-01,5.529716583752627373e+09,8.859582703130763390e-10,-2.049779532165377384e-10,-1.024889766081469133e+01,9.050073889114086667e-02,2.009359278391167902e-02,1.609674242574714947e-10
2.209999999999999964e+00,1.105879354267264997e-01,5.529396771336324692e+09,8.859070307150099570e-10,-2.049391994426271650e-10,-1.024695997210801579e+01,9.049964456242025335e-02,2.008829086430624633e-02,1.609249511989356644e-10
2.214999999999999858e+00,1.105815403763222432e-01,5.529077018816112518e+09,8.858558007133553745e-10,-2.049011728376079635e-10,-1.024505864187085535e+01,9.049855161973623108e-02,2.008298875658601212e-02,1.608824766334341033e-10
2.220000000000000195e+00,1.105751465014301604e-01,5.528757325071508408e+09,8.858045801285912374e-10,-2.048638554617458274e-10,-1.024319277310860343e+01,9.049746002005699952e-02,2.007768648137316092e-02,1.608400007261687643e-10
2.225000000000000089e+00,1.105687537801932907e-01,5.528437689009664536e+09,8.857533687856242964e-10,-2.048272298119519348e-10,-1.024136149062542245e+01,9.049636970783035694e-02,2.007238407236293376e-02,1.607975237470682750e-10
2.229999999999999982e+00,1.105623621912944499e-01,5.528118109564722061e+09,8.857021665136848718e-10,-2.047912787963719595e-10,-1.023956393980188295e+01,9.049528065726950010e-02,2.006708153402494976e-02,1.607550457319382339e-10
2.234999999999999876e+00,1.105559717139435322e-01,5.527798585697176933e+09,8.856509731462262477e-10,-2.047559857581029936e-10,-1.023779928787553217e+01,9.049419281445036933e-02,2.006177889949316284e-02,1.607125669462108960e-10
2.240000000000000213e+00,1.105495823278628692e-01,5.527479116393143654e+09,8.855997885208060751e-10,-2.047213344692643173e-10,-1.023606672347523272e+01,9.049310614426736565e-02,2.005647618359550355e-02,1.606700875086710256e-10
2.245000000000000107e+00,1.105431940132752811e-01,5.527159700663764000e+09,8.855486124789916594e-10,-2.046873090858928939e-10,-1.023436545429285616e+01,9.049202059746998261e-02,2.005117341580529844e-02,1.606276076554260841e-10
2.250000000000000000e+00,1.105368067508920304e-01,5.526840337544601440e+09,8.854974448662632841e-10,-2.046538941517550184e-10,-1.023269470757804811e+01,9.049093614028767829e-02,2.004587061060435216e-02,1.605851275024880233e-10
2.254999999999999893e+00,1.105304205219005548e-01,5.526521026095027924e+09,8.854462855319157761e-10,-2.046210745972875262e-10,-1.023105372984718997e+01,9.048985273337789570e-02,2.004056778852265908e-02,1.605426472143202787e-10
2.260000000000000231e+00,1.105240353079527810e-01,5.526201765397639275e+09,8.853951343289647239e-10,-2.045888357268922989e-10,-1.022944178635952994e+01,9.048877033750656051e-02,2.003526497044622046e-02,1.605001669582381463e-10
2.265000000000000124e+00,1.105176510911533155e-01,5.525882554557665825e+09,8.853439911140521794e-10,-2.045571632087718689e-10,-1.022785816044779494e+01,9.048768891402603209e-02,2.002996217712728344e-02,1.604576869004854905e-10
2.270000000000000018e+00,1.105112678540486476e-01,5.525563392702432632e+09,8.852928557473603206e-10,-2.045260430626474418e-10,-1.022630215312528890e+01,9.048660843427831779e-02,2.002465941977032982e-02,1.604152071308200930e-10
2.274999999999999911e+00,1.105048855796159080e-01,5.525244278980795860e+09,8.852417280925207722e-10,-2.044954616538296658e-10,-1.022477308269299101e+01,9.048552885693161851e-02,2.001935672268428945e-02,1.603727278439779254e-10
2.280000000000000249e+00,1.104985042512526550e-01,5.524925212562632561e+09,8.851906080165332313e-10,-2.044654056783955546e-10,-1.022327028392464854e+01,9.048445015150266557e-02,2.001405409974998939e-02,1.603302491511566704e-10
2.285000000000000142e+00,1.104921238527663552e-01,5.524606192638318062e+09,8.851394953896815090e-10,-2.044358621663648618e-10,-1.022179310832871124e+01,9.048337228127148468e-02,2.000875157149487049e-02,1.602877712167992910e-10
2.290000000000000036e+00,1.104857443683640583e-01,5.524287218418203354e+09,8.850883900854498817e-10,-2.044068184759826077e-10,-1.022034092381363735e+01,9.048229521577556833e-02,2.000344915258848999e-02,1.602452941584218894e-10
2.294999999999999929e+00,1.104793657826423914e-01,5.523968289132119179e+09,8.850372919804436815e-10,-2.043782622661905092e-10,-1.021891311330546159e+01,9.048121892161770097e-02,1.999814686102469041e-02,1.602028181201710010e-10
2.300000000000000266e+00,1.104729880805784964e-01,5.523649404028924942e+09,8.849862009543168146e-10,-2.043501815019209351e-10,-1.021750907506793737e+01,9.048014337180079747e-02,1.999284470877769893e-02,1.601603431979708068e-10
2.305000000000000160e+00,1.104666112475202744e-01,5.523330562376013756e+09,8.849351168896928691e-10,-2.043225644437207531e-10,-1.021612822217866778e+01,9.047906853358454737e-02,1.998754271393572701e-02,1.601178695367238335e-10
2.310000000000000053e+00,1.104602352691775730e-01,5.523011763458878517e+09,8.848840396720949079e-10,-2.042953996498689115e-10,-1.021476998250000179e+01,9.047799437717518600e-02,1.998224089200238696e-02,1.600753972606277089e-10
2.314999999999999947e+00,1.104538601316124302e-01,5.522693006580621719e+09,8.848329691898680240e-10,-2.042686759611298469e-10,-1.021343379806785379e+01,9.047692087399356042e-02,1.997693925761886979e-02,1.600329264869712930e-10
2.319999999999999840e+00,1.104474858212311505e-01,5.522374291061557770e+09,8.847819053341141999e-10,-2.042423824878362309e-10,-1.021211912439321168e+01,9.047584799686504697e-02,1.997163782436610358e-02,1.599904573245498260e-10
2.325000000000000178e+00,1.104411123247755339e-01,5.522055616238777161e+09,8.847308479986239619e-10,-2.042165086052302899e-10,-1.021082543024385814e+01,9.047477571877393654e-02,1.996633660600159732e-02,1.599479898835731047e-10
2.330000000000000071e+00,1.104347396293150069e-01,5.521736981465750694e+09,8.846797970798116534e-10,-2.041910439570636941e-10,-1.020955219786264934e+01,9.047370401407085760e-02,1.996103561524414927e-02,1.599055242659299539e-10
2.334999999999999964e+00,1.104283677222376997e-01,5.521418386111885071e+09,8.846287524766452274e-10,-2.041659784473389869e-10,-1.020829892237088643e+01,9.047263285296527902e-02,1.995573486927242068e-02,1.598630606092365769e-10
2.339999999999999858e+00,1.104219965912432710e-01,5.521099829562163353e+09,8.845777140905880344e-10,-2.041413022223101349e-10,-1.020706511114258319e+01,9.047156221399377252e-02,1.995043437724949853e-02,1.598205989868974207e-10
2.345000000000000195e+00,1.104156262243347619e-01,5.520781311216737747e+09,8.845266818255338879e-10,-2.041170056747176919e-10,-1.020585028373170644e+01,9.047049207150713312e-02,1.994513415282762880e-02,1.597781395082790489e-10
2.350000000000000089e+00,1.104092566098115596e-01,5.520462830490577698e+09,8.844756555877506102e-10,-2.040930794300245142e-10,-1.020465397149382625e+01,9.046942240112282319e-02,1.993983420868873646e-02,1.597356822749748537e-10
2.354999999999999982e+00,1.104028877362617650e-01,5.520144386813088417e+09,8.844246352858187168e-10,-2.040695143502274086e-10,-1.020347571751335636e+01,9.046835318236096102e-02,1.993453455390080398e-02,1.596932273596273970e-10
2.359999999999999876e+00,1.103965195925551979e-01,5.519825979627759933e+09,8.843736208305756859e-10,-2.040463015213633965e-10,-1.020231507607968524e+01,9.046728439036161307e-02,1.992923520219358480e-02,1.596507748722241191e-10
2.365000000000000213e+00,1.103901521678361947e-01,5.519507608391809464e+09,8.843226121350578482e-10,-2.040234322535097137e-10,-1.020117161268717609e+01,9.046621599217999354e-02,1.992393617565620112e-02,1.596083249897184175e-10
2.370000000000000107e+00,1.103837854515170858e-01,5.519189272575854301e+09,8.842716091144489989e-10,-2.040008980587609540e-10,-1.020004490294377320e+01,9.046514798333939178e-02,1.991863746817769398e-02,1.595658776631560892e-10
2.375000000000000000e+00,1.103774194332718811e-01,5.518870971663594246e+09,8.842206116860285951e-10,-2.039786906673226951e-10,-1.019893453334225342e+01,9.046408033446486086e-02,1.991333909880702024e-02,1.595234330451361117e-10
2.379999999999999893e+00,1.103710541030291092e-01,5.518552705151455879e+09,8.841696197691153011e-10,-2.039568020209469934e-10,-1.019784010102739558e+01,9.046301302654084775e-02,1.990804107648826149e-02,1.594809912073084817e-10
2.385000000000000231e+00,1.103646894509657805e-01,5.518234472548289299e+09,8.841186332850182879e-10,-2.039352242515448017e-10,-1.019676121257361956e+01,9.046194604243688875e-02,1.990274340852889179e-02,1.594385522082125127e-10
2.390000000000000124e+00,1.103583254675014336e-01,5.517916273375071526e+09,8.840676521569895668e-10,-2.039139496820330027e-10,-1.019569748410140164e+01,9.046087935834759564e-02,1.989744610915383793e-02,1.593961161618024672e-10
2.395000000000000018e+00,1.103519621432923065e-01,5.517598107164615631e+09,8.840166763101774608e-10,-2.038929708292990239e-10,-1.019464854148100130e+01,9.045981294164023856e-02,1.989214920165206790e-02,1.593536832546434780e-10
2.399999999999999911e+00,1.103455994692249115e-01,5.517279973461245537e+09,8.839657056715746989e-10,-2.038722803999656728e-10,-1.019361402001231909e+01,9.045874679826813869e-02,1.988685267095677278e-02,1.593112533660371500e-10
2.405000000000000249e+00,1.103392374364108031e-01,5.516961871820540428e+09,8.839147401699772637e-10,-2.038518712700623466e-10,-1.019259356350812595e+01,9.045768089697968362e-02,1.988155653943111945e-02,1.592688266751321923e-10
2.410000000000000142e+00,1.103328760361811239e-01,5.516643801809056282e+09,8.838637797359396206e-10,-2.038317365030244821e-10,-1.019158682516717818e+01,9.045661522315683045e-02,1.987626081302429348e-02,1.592264032295868227e-10
2.415000000000000036e+00,1.103265152600803184e-01,5.516325763004015923e+09,8.838128243017255000e-10,-2.038118693274589406e-10,-1.019059346635185648e+01,9.045554976140603165e-02,1.987096549867428674e-02,1.591839830849804957e-10
2.419999999999999929e+00,1.103201550998622466e-01,5.516007754993112564e+09,8.837618738012761550e-10,-2.037922631320618106e-10,-1.018961315661726985e+01,9.045448448784067230e-02,1.986567061202157425e-02,1.591415663666072150e-10
2.425000000000000266e+00,1.103137955474838700e-01,5.515689777374193192e+09,8.837109281701593856e-10,-2.037729114834060994e-10,-1.018864557416236494e+01,9.045341938863638021e-02,1.986037615884748975e-02,1.590991531207805905e-10
2.430000000000000160e+00,1.103074365951007274e-01,5.515371829755036354e+09,8.836599873455344875e-10,-2.037538080965073384e-10,-1.018769040482584387e+01,9.045235445150322240e-02,1.985508214359750501e-02,1.590567433831127639e-10
2.435000000000000053e+00,1.103010782350619529e-01,5.515053911753097534e+09,8.836090512661109962e-10,-2.037349468483761101e-10,-1.018674734243541025e+01,9.045128965419634015e-02,1.984978858086561271e-02,1.590143372705144960e-10
2.439999999999999947e+00,1.102947204599053349e-01,5.514736022995266914e+09,8.835581198721103267e-10,-2.037163217621361806e-10,-1.018581608809472527e+01,9.045022499017368878e-02,1.984449546973164613e-02,1.589719347756144703e-10
2.444999999999999840e+00,1.102883632623530008e-01,5.514418163117650032e+09,8.835071931052298942e-10,-2.036979270055421914e-10,-1.018489635027071927e+01,9.044916043740469647e-02,1.983920282494830434e-02,1.589295360165948242e-10
2.450000000000000178e+00,1.102820066353067813e-01,5.514100331765338898e+09,8.834562709086073389e-10,-2.036797568986029565e-10,-1.018398784493911080e+01,9.044809598693664965e-02,1.983391064837013162e-02,1.588871410083120835e-10
2.455000000000000071e+00,1.102756505718433255e-01,5.513782528592165947e+09,8.834053532267805109e-10,-2.036618058996054185e-10,-1.018309029500233009e+01,9.044703161945068237e-02,1.982861895239264316e-02,1.588447498500652483e-10
2.459999999999999964e+00,1.102692950652103127e-01,5.513464753260515213e+09,8.833544400056571747e-10,-2.036440686013030004e-10,-1.018220343005668838e+01,9.044596732254563121e-02,1.982332774266468145e-02,1.588023625871065780e-10
2.464999999999999858e+00,1.102629401088219968e-01,5.513147005441100121e+09,8.833035311924800612e-10,-2.036265397268921989e-10,-1.018132698634872213e+01,9.044490308244504395e-02,1.981803702637695286e-02,1.587599792770399742e-10
2.470000000000000195e+00,1.102565856962552382e-01,5.512829284812762260e+09,8.832526267357937799e-10,-2.036092141327654420e-10,-1.018046070662967395e+01,9.044383889031284984e-02,1.981274680594238835e-02,1.587175999391951226e-10
2.475000000000000089e+00,1.102502318212454646e-01,5.512511591062273026e+09,8.832017265854136967e-10,-2.035920868057582313e-10,-1.017960434027190786e+01,9.044277472821377062e-02,1.980745709303169400e-02,1.586752246670647065e-10
2.479999999999999982e+00,1.102438784776823555e-01,5.512193923884118080e+09,8.831508306923907784e-10,-2.035751528570081535e-10,-1.017875764284690376e+01,9.044171058659869478e-02,1.980216789108366071e-02,1.586328534881964769e-10
2.484999999999999876e+00,1.102375256596065528e-01,5.511876282980327606e+09,8.830999390089852265e-10,-2.035584075113669683e-10,-1.017792037557228468e+01,9.044064645159360927e-02,1.979687920801294354e-02,1.585904864659938020e-10
2.490000000000000213e+00,1.102311733612057060e-01,5.511558668060285568e+09,8.830490514886351478e-10,-2.035418461124828066e-10,-1.017709230561740696e+01,9.043958231142863735e-02,1.979159104977706862e-02,1.585481236481817460e-10
2.495000000000000107e+00,1.102248215768111134e-01,5.511241078840556145e+09,8.829981680859290504e-10,-2.035254641234354446e-10,-1.017627320617611986e+01,9.043851815449981124e-02,1.978630342231130212e-02,1.585057650823069866e-10
2.500000000000000000e+00,1.102184703008936284e-01,5.510923515044681549e+09,8.829472887565735839e-10,-2.035092571208070735e-10,-1.017546285605931189e+01,9.043745397192254343e-02,1.978101632897108497e-02,1.584634107952496367e-10
2.504999999999999893e+00,1.102121195280605231e-01,5.510605976403026581e+09,8.828964134573684136e-10,-2.034932207881177941e-10,-1.017466103940387256e+01,9.043638975108779510e-02,1.977572977697272805e-02,1.584210608448186610e-10
2.510000000000000231e+00,1.102057692530522270e-01,5.510288462652611732e+09,8.828455421461795441e-10,-2.034773509090493531e-10,-1.017386754546896555e+01,9.043532547721391812e-02,1.977044377583830892e-02,1.583787153072943549e-10
2.515000000000000124e+00,1.101994194707390656e-01,5.509970973536952972e+09,8.827946747819137798e-10,-2.034616433769742642e-10,-1.017308216885430738e+01,9.043426114573298313e-02,1.976515832500608250e-02,1.583363741781765975e-10
2.520000000000000018e+00,1.101930701761178050e-01,5.509653508805890083e+09,8.827438113244910148e-10,-2.034460941894500932e-10,-1.017230470945651177e+01,9.043319674407389319e-02,1.975987343204391178e-02,1.582940375180906965e-10
2.524999999999999911e+00,1.101867213643086263e-01,5.509336068215431213e+09,8.826929517348193136e-10,-2.034306994418667115e-10,-1.017153497211984359e+01,9.043213226416772776e-02,1.975458910014089853e-02,1.582517053525841511e-10
2.530000000000000249e+00,1.101803730305518786e-01,5.509018651527593613e+09,8.826420959747697861e-10,-2.034154553227876148e-10,-1.017077276614145376e+01,9.043106769635408937e-02,1.974930533419778922e-02,1.582093777209162715e-10
2.535000000000000142e+00,1.101740251702058027e-01,5.508701258510290146e+09,8.825912440071579753e-10,-2.034003581122558569e-10,-1.017001790560607333e+01,9.043000302058988582e-02,1.974402214961591684e-02,1.581670547464653629e-10
2.540000000000000036e+00,1.101676777787427980e-01,5.508383888937139511e+09,8.825403957957135622e-10,-2.033854041902643796e-10,-1.016927020950242877e+01,9.042893824204902009e-02,1.973873953669377790e-02,1.581247363515137741e-10
2.544999999999999929e+00,1.101613308517471607e-01,5.508066542587358475e+09,8.824895513050630987e-10,-2.033705900200271114e-10,-1.016852950101019815e+01,9.042787334695358281e-02,1.973345750479357785e-02,1.580824226110610409e-10
2.550000000000000266e+00,1.101549843849119054e-01,5.507749219245594978e+09,8.824387105007034337e-10,-2.033559121579316055e-10,-1.016779560790746473e+01,9.042680832434088489e-02,1.972817606057102047e-02,1.580401135784252608e-10
2.555000000000000160e+00,1.101486383740363645e-01,5.507431918701818466e+09,8.823878733489840328e-10,-2.033413672378689294e-10,-1.016706836187222507e+01,9.042574317140636420e-02,1.972289520263000029e-02,1.579978092424224093e-10
2.560000000000000053e+00,1.101422928150236069e-01,5.507114640751180649e+09,8.823370398170845406e-10,-2.033269519824568519e-10,-1.016634759913722519e+01,9.042467787542328439e-02,1.971761493960032252e-02,1.579555096721847779e-10
2.564999999999999947e+00,1.101359477038775514e-01,5.506797385193877220e+09,8.822862098729927572e-10,-2.033126631913931401e-10,-1.016563315957318991e+01,9.042361241418307716e-02,1.971233528969447424e-02,1.579132150136105350e-10
2.569999999999999840e+00,1.101296030367010237e-01,5.506480151835051537e+09,8.822353834854891286e-10,-2.032984977450554492e-10,-1.016492488725634757e+01,9.042254680476444206e-02,1.970705623193658163e-02,1.578709250986643756e-10
2.575000000000000178e+00,1.101232588096925508e-01,5.506162940484627724e+09,8.821845606241202766e-10,-2.032844526034425315e-10,-1.016422263019194361e+01,9.042148102856603642e-02,1.970177778112651434e-02,1.578286400459063295e-10
2.580000000000000071e+00,1.101169150191447926e-01,5.505845750957240105e+09,8.821337412591873155e-10,-2.032705247957980829e-10,-1.016352623981947545e+01,9.042041507512539600e-02,1.969649994401939663e-02,1.577863599094509142e-10
2.584999999999999964e+00,1.101105716614416974e-01,5.505528583072084427e+09,8.820829253617220699e-10,-2.032567114343750278e-10,-1.016283557171118446e+01,9.041934894544909063e-02,1.969122271599260676e-02,1.577440846522668565e-10
2.589999999999999858e+00,1.101042287330561975e-01,5.505211436652810097e+09,8.820321129034703248e-10,-2.032430096911421136e-10,-1.016215048453886993e+01,9.041828262297883778e-02,1.968594611007735973e-02,1.577018143787456679e-10
2.595000000000000195e+00,1.100978862305486139e-01,5.504894311527430534e+09,8.819813038568765228e-10,-2.032294168143010529e-10,-1.016147084072872531e+01,9.041721609753448907e-02,1.968067013301412482e-02,1.576595491428845097e-10
2.600000000000000089e+00,1.100915441505637832e-01,5.504577207528188705e+09,8.819304981950631875e-10,-2.032159301198161941e-10,-1.016079650598112494e+01,9.041614937685402142e-02,1.967539477370976175e-02,1.576172888558174818e-10
2.604999999999999982e+00,1.100852024898294479e-01,5.504260124491472244e+09,8.818796958918167586e-10,-2.032025469871793567e-10,-1.016012734937248752e+01,9.041508244204432554e-02,1.967012004778512235e-02,1.575750336426814236e-10
2.609999999999999876e+00,1.100788612451540083e-01,5.503943062257699966e+09,8.818288969215693935e-10,-2.031892648680919187e-10,-1.015946324339893181e+01,9.041401529214911081e-02,1.966484595300489746e-02,1.575327834855695292e-10
2.615000000000000213e+00,1.100725204134243851e-01,5.503626020671218872e+09,8.817781012593827342e-10,-2.031760812676183342e-10,-1.015880406337964814e+01,9.041294792300354211e-02,1.965957249042084298e-02,1.574905383929073053e-10
2.620000000000000107e+00,1.100661799916045624e-01,5.503308999580227852e+09,8.817273088809356026e-10,-2.031629937530799785e-10,-1.015814968767517712e+01,9.041188032528096885e-02,1.965429966632359360e-02,1.574482984150882750e-10
2.625000000000000000e+00,1.100598399767333396e-01,5.502991998836667061e+09,8.816765197625062165e-10,-2.031499999606196542e-10,-1.015749999802210368e+01,9.041081249201018966e-02,1.964902748472314997e-02,1.574060635842361007e-10
2.629999999999999893e+00,1.100535003659222494e-01,5.502675018296112061e+09,8.816257338809552324e-10,-2.031370975782609316e-10,-1.015685487890732475e+01,9.040974441643614967e-02,1.964375594948609971e-02,1.573638339313255687e-10
2.635000000000000231e+00,1.100471611563543922e-01,5.502358057817719460e+09,8.815749512137170596e-10,-2.031242843492962811e-10,-1.015621421745163389e+01,9.040867609341218802e-02,1.963848506294220420e-02,1.573216094750200965e-10
2.640000000000000124e+00,1.100408223452821466e-01,5.502041117264107704e+09,8.815241717387806289e-10,-2.031115580788515781e-10,-1.015557790393359028e+01,9.040760752131353495e-02,1.963321482396861162e-02,1.572793902063246380e-10
2.645000000000000018e+00,1.100344839300256283e-01,5.501724196501281738e+09,8.814733954346777082e-10,-2.030989166220276420e-10,-1.015494583110557869e+01,9.040653869399423170e-02,1.962794523603139663e-02,1.572371761530055782e-10
2.649999999999999911e+00,1.100281459079710811e-01,5.501407295398553848e+09,8.814226222804697714e-10,-2.030863578887706752e-10,-1.015431789442664012e+01,9.040546960374902519e-02,1.962267630422205589e-02,1.571949673558502626e-10
2.655000000000000249e+00,1.100218082765690164e-01,5.501090413828451157e+09,8.813718522557334189e-10,-2.030738798364607257e-10,-1.015369399181508925e+01,9.040440024517108764e-02,1.961740803139792877e-02,1.571527638377484849e-10
2.660000000000000142e+00,1.100154710333332286e-01,5.500773551666661263e+09,8.813210853405515890e-10,-2.030614804747821254e-10,-1.015307402376492973e+01,9.040333061402555659e-02,1.961214041930767205e-02,1.571105656127085745e-10
2.665000000000000036e+00,1.100091341758384078e-01,5.500456708791920662e+09,8.812703215154956705e-10,-2.030491578735585460e-10,-1.015245789366599638e+01,9.040226070392064217e-02,1.960687347191776564e-02,1.570683727125054856e-10
2.669999999999999929e+00,1.100027977017189601e-01,5.500139885085947990e+09,8.812195607616150587e-10,-2.030369101326833284e-10,-1.015184550661069807e+01,9.040119051352350776e-02,1.960160718819545234e-02,1.570261851288659645e-10
2.675000000000000266e+00,1.099964616086679808e-01,5.499823080433399200e+09,8.811688030604294016e-10,-2.030247354062599224e-10,-1.015123677031078842e+01,9.040012003732099399e-02,1.959634157134698684e-02,1.569840028874749257e-10
2.680000000000000160e+00,1.099901258944351867e-01,5.499506294721759796e+09,8.811180483939120553e-10,-2.030126319002725457e-10,-1.015063159502460621e+01,9.039904926811939689e-02,1.959107662631578983e-02,1.569418260279335117e-10
2.685000000000000053e+00,1.099837905568256252e-01,5.499189527841280937e+09,8.810672967444792281e-10,-2.030005978554337668e-10,-1.015002989277127199e+01,9.039797820324713129e-02,1.958581235357849393e-02,1.568996545540600399e-10
2.689999999999999947e+00,1.099774555936988280e-01,5.498872779684941292e+09,8.810165480949841895e-10,-2.029886315575606587e-10,-1.014943157785455696e+01,9.039690683836922036e-02,1.958054875532960759e-02,1.568574884834343732e-10
2.694999999999999840e+00,1.099711210029668540e-01,5.498556050148343086e+09,8.809658024287007273e-10,-2.029767313439275459e-10,-1.014883656718302518e+01,9.039583517009712466e-02,1.957528583286972934e-02,1.568153278264755492e-10
2.700000000000000178e+00,1.099647867825929576e-01,5.498239339129648209e+09,8.809150597293123937e-10,-2.029648955812431480e-10,-1.014824477907677647e+01,9.039476319522675440e-02,1.957002358736620318e-02,1.567731725925349482e-10
2.705000000000000071e+00,1.099584529305911856e-01,5.497922646529559135e+09,8.808643199809100239e-10,-2.029531226806854141e-10,-1.014765613402414601e+01,9.039369090903354165e-02,1.956476202155764399e-02,1.567310228035512870e-10
2.709999999999999964e+00,1.099521194450239353e-01,5.497605972251196861e+09,8.808135831679719873e-10,-2.029414110972662484e-10,-1.014707055487087928e+01,9.039261829589850805e-02,1.955950114912542726e-02,1.566888785691245493e-10
2.714999999999999858e+00,1.099457863240017180e-01,5.497289316200085640e+09,8.807628492753613957e-10,-2.029297593158554665e-10,-1.014648796580149792e+01,9.039154537020256674e-02,1.955424095379915128e-02,1.566467397589143608e-10
2.720000000000000195e+00,1.099394535656814526e-01,5.496972678284072876e+09,8.807121182883140058e-10,-2.029181658655803555e-10,-1.014590829328517430e+01,9.039047212036599444e-02,1.954898144531545812e-02,1.566046064509198723e-10
2.725000000000000089e+00,1.099331211682654935e-01,5.496656058413274765e+09,8.806613901924287065e-10,-2.029066293079672127e-10,-1.014533146540634334e+01,9.038939854694438836e-02,1.954372262132110516e-02,1.565624786262895087e-10
2.729999999999999982e+00,1.099267891300005351e-01,5.496339456500026703e+09,8.806106649736601777e-10,-2.028951482439293676e-10,-1.014475741218484472e+01,9.038832464268882483e-02,1.953846448731171026e-02,1.565203563290480450e-10
2.734999999999999876e+00,1.099204574491761954e-01,5.496022872458809853e+09,8.805599426183066897e-10,-2.028837213040263026e-10,-1.014418606521212496e+01,9.038725040435575953e-02,1.953320704482043590e-02,1.564782395714774591e-10
2.740000000000000213e+00,1.099141261241247391e-01,5.495706306206236839e+09,8.805092231130081381e-10,-2.028723471548164004e-10,-1.014361735773854889e+01,9.038617581207057661e-02,1.952795031205416254e-02,1.564361284994309152e-10
2.745000000000000107e+00,1.099077951532189540e-01,5.495389757660947800e+09,8.804585064447292939e-10,-2.028610244980099113e-10,-1.014305122490623035e+01,9.038510089234549905e-02,1.952269426087345494e-02,1.563940228874867555e-10
2.750000000000000000e+00,1.099014645348721786e-01,5.495073226743608475e+09,8.804077926007592861e-10,-2.028497520636926891e-10,-1.014248760318150744e+01,9.038402562612612989e-02,1.951743890874604870e-02,1.563519228755768754e-10
2.754999999999999893e+00,1.098951342675363735e-01,5.494756713376818657e+09,8.803570815686973334e-10,-2.028385286137143230e-10,-1.014192643068963662e+01,9.038052038701026303e-02,1.951461388052611046e-02,1.563292919045550119e-10
2.760000000000000231e+00,1.098888043497022182e-01,5.494440217485111237e+09,8.803063733364523297e-10,-2.028273529450762698e-10,-1.014136764725844841e+01,9.037692181474304975e-02,1.951188253495916847e-02,1.563074114143213393e-10
2.765000000000000124e+00,1.098824747798968077e-01,5.494123738994840622e+09,8.802556678922247506e-10,-2.028162238820967986e-10,-1.014081119411275722e+01,9.037332331018438358e-02,1.950915146971242409e-02,1.562855331697000161e-10
2.770000000000000018e+00,1.098761455566841239e-01,5.493807277834206581e+09,8.802049652245110985e-10,-2.028051402723875848e-10,-1.014025701361242682e+01,9.036972489414453469e-02,1.950642066253958917e-02,1.562636569924786241e-10
2.774999999999999911e+00,1.098698166786632457e-01,5.493490833933162689e+09,8.801542653220887040e-10,-2.027941009972298632e-10,-1.013970504987810273e+01,9.036612655198594801e-02,1.950369012667729773e-02,1.562417829886943248e-10
2.780000000000000249e+00,1.098634881444679051e-01,5.493174407223395348e+09,8.801035681740124166e-10,-2.027831049696686042e-10,-1.013915524848562200e+01,9.036252827637607232e-02,1.950095986809183279e-02,1.562199112061422862e-10
2.785000000000000142e+00,1.098571599527650849e-01,5.492857997638254166e+09,8.800528737696037481e-10,-2.027721511228658109e-10,-1.013860755614587106e+01,9.035893007513259856e-02,1.949822987763248638e-02,1.561980415715172453e-10
2.790000000000000036e+00,1.098508321022550749e-01,5.492541605112753868e+09,8.800021820984508728e-10,-2.027612384156062328e-10,-1.013806192077754531e+01,9.035533193792065487e-02,1.949550016433442001e-02,1.561761741571988500e-10
2.794999999999999929e+00,1.098445045916699031e-01,5.492225229583495140e+09,8.799514931503961162e-10,-2.027503658420382450e-10,-1.013751829210377764e+01,9.035173386502398651e-02,1.949277072664591659e-02,1.561543089507564367e-10
2.800000000000000266e+00,1.098381774197725452e-01,5.491908870988627434e+09,8.799008069155298545e-10,-2.027395324075334092e-10,-1.013697662037156988e+01,9.034813585219118870e-02,1.949004156758135653e-02,1.561324459763378892e-10
2.805000000000000160e+00,1.098318505853571880e-01,5.491592529267859459e+09,8.798501233841924794e-10,-2.027287371488035062e-10,-1.013643685742863454e+01,9.034453789706685389e-02,1.948731268829033414e-02,1.561105852431524676e-10
2.810000000000000053e+00,1.098255240872468980e-01,5.491276204362344742e+09,8.797994425469556827e-10,-2.027179791330535028e-10,-1.013589895663608331e+01,9.034093999705372635e-02,1.948458409019317161e-02,1.560887267625782223e-10
2.814999999999999947e+00,1.098191979242940236e-01,5.490959896214701653e+09,8.797487643946259725e-10,-2.027072574395585852e-10,-1.013536287199531216e+01,9.033734215592219285e-02,1.948185576837183075e-02,1.560668704952172902e-10
2.819999999999999840e+00,1.098128720953792242e-01,5.490643604768960953e+09,8.796980889182359870e-10,-2.026965711727931702e-10,-1.013482855864276644e+01,9.033374436637785221e-02,1.947912772900137202e-02,1.560450164905373986e-10
2.825000000000000178e+00,1.098065465994106649e-01,5.490327329970533371e+09,8.796474161090396355e-10,-2.026859194647602448e-10,-1.013429597324284259e+01,9.033014662435651099e-02,1.947639997505415388e-02,1.560231647723497425e-10
2.830000000000000071e+00,1.098002214353231837e-01,5.490011071766159058e+09,8.795967459585036193e-10,-2.026753014635564225e-10,-1.013376507315842900e+01,9.032654893029408438e-02,1.947367250502909930e-02,1.560013153286293390e-10
2.834999999999999964e+00,1.097938966020781254e-01,5.489694830103906631e+09,8.795460784583078457e-10,-2.026647163388776567e-10,-1.013323581694567110e+01,9.032295128138567719e-02,1.947094532069244821e-02,1.559794681735253710e-10
2.839999999999999858e+00,1.097875720986621756e-01,5.489378604933108330e+09,8.794954136003342607e-10,-2.026541632864661639e-10,-1.013270816433941945e+01,9.031935367450272256e-02,1.946821842415945303e-02,1.559576233239828658e-10
2.845000000000000195e+00,1.097812479240868194e-01,5.489062396204340935e+09,8.794447513766644711e-10,-2.026436415141343804e-10,-1.013218207570025697e+01,9.031575611191472452e-02,1.946549181217209490e-02,1.559357807539022332e-10
2.850000000000000089e+00,1.097749240773882723e-01,5.488746203869413376e+09,8.793940917795773664e-10,-2.026331502500235327e-10,-1.013165751249471214e+01,9.031215858808226693e-02,1.946276548930600536e-02,1.559139404999383018e-10
2.854999999999999982e+00,1.097686005576261198e-01,5.488430027881305695e+09,8.793434348015396058e-10,-2.026226887489563857e-10,-1.013113443745533004e+01,9.030856110108245738e-02,1.946003945654366241e-02,1.558921025699615657e-10
2.859999999999999876e+00,1.097622773638830540e-01,5.488113868194152832e+09,8.792927804352027236e-10,-2.026122562797317477e-10,-1.013061281398404390e+01,9.030496364954392063e-02,1.945731371433913337e-02,1.558702669676095260e-10
2.865000000000000213e+00,1.097559544952644572e-01,5.487797724763222694e+09,8.792421286733998201e-10,-2.026018521259715033e-10,-1.013009260629769415e+01,9.030136623238979587e-02,1.945458826287466136e-02,1.558484336943421305e-10
2.870000000000000107e+00,1.097496319508975970e-01,5.487481597544879913e+09,8.791914795091397717e-10,-2.025914755905675372e-10,-1.012957377951533999e+01,9.029776884811989424e-02,1.945186310277770281e-02,1.558266027551858715e-10
2.875000000000000000e+00,1.097433097299314042e-01,5.487165486496570587e+09,8.791408329356047490e-10,-2.025811259980110738e-10,-1.012905629989109002e+01,9.029417149640300844e-02,1.944913823352839577e-02,1.558047741459761273e-10
2.879999999999999893e+00,1.097369878315352792e-01,5.486849391576764107e+09,8.790901889461407042e-10,-2.025708026865576230e-10,-1.012854013433388900e+01,9.029057416653593626e-02,1.944641366499934299e-02,1.557829479458012388e-10
2.885000000000000231e+00,1.097306662548994949e-01,5.486533312744975090e+09,8.790395475342613006e-10,-2.025605050050506068e-10,-1.012802525026199874e+01,9.028697686797421129e-02,1.944368938692528359e-02,1.557611240724273557e-10
2.890000000000000124e+00,1.097243449992341274e-01,5.486217249961706161e+09,8.789889086936381929e-10,-2.025502323258386112e-10,-1.012751161630148999e+01,9.028337959469767693e-02,1.944096540453645050e-02,1.557393025677532699e-10
2.895000000000000018e+00,1.097180240637685156e-01,5.485901203188426018e+09,8.789382724180982357e-10,-2.025399840411754964e-10,-1.012699920205341186e+01,9.027978234867067853e-02,1.943824171509783705e-02,1.557174834098691898e-10
2.899999999999999911e+00,1.097117034477507885e-01,5.485585172387539864e+09,8.788876387016177963e-10,-2.025297595471267713e-10,-1.012648797735164408e+01,9.027618512420522434e-02,1.943551832354556419e-02,1.556956666383177609e-10
2.905000000000000249e+00,1.097053831504479077e-01,5.485269157522395134e+09,8.788370075383246161e-10,-2.025195582560633284e-10,-1.012597791281586979e+01,9.027258792286144140e-02,1.943279522758646627e-02,1.556738522347287495e-10
2.910000000000000142e+00,1.096990631711446812e-01,5.484953158557233810e+09,8.787863789224896422e-10,-2.025093796004730933e-10,-1.012546898004075047e+01,9.026899072739695551e-02,1.943007244374772569e-02,1.556520403314994176e-10
2.915000000000000036e+00,1.096927435091434727e-01,5.484637175457173347e+09,8.787357528485241322e-10,-2.024992230283023426e-10,-1.012496115140675101e+01,9.026539356113663648e-02,1.942734994800683623e-02,1.556302307361883413e-10
2.919999999999999929e+00,1.096864241637636739e-01,5.484321208188183784e+09,8.786851293109757251e-10,-2.024890879976617481e-10,-1.012445439989096485e+01,9.026179640963559458e-02,1.942462775412807929e-02,1.556084235590595235e-10
2.925000000000000266e+00,1.096801051343413019e-01,5.484005256717064857e+09,8.786345083045252360e-10,-2.024789739757675862e-10,-1.012394869877607562e+01,9.025819927917287655e-02,1.942190585516842538e-02,1.555866187444931846e-10
2.930000000000000160e+00,1.096737864202291107e-01,5.483689321011455536e+09,8.785838898239878967e-10,-2.024688804450827260e-10,-1.012344402221788187e+01,9.025460216262981561e-02,1.941918425759929512e-02,1.555648163443311118e-10
2.935000000000000053e+00,1.096674680207953972e-01,5.483373401039770126e+09,8.785332738643030164e-10,-2.024588069060694870e-10,-1.012294034530350473e+01,9.025100505557771824e-02,1.941646296521767900e-02,1.555430163889905973e-10
2.939999999999999947e+00,1.096611499354240016e-01,5.483057496771200180e+09,8.784826604205347048e-10,-2.024487528685075508e-10,-1.012243764344020747e+01,9.024740794803624844e-02,1.941374198738775314e-02,1.555212189534868932e-10
2.944999999999999840e+00,1.096548321635139739e-01,5.482741608175698280e+09,8.784320494878686675e-10,-2.024387178550938516e-10,-1.012193589274829719e+01,9.024381086378957528e-02,1.941102129972439860e-02,1.554994238424736981e-10
2.950000000000000178e+00,1.096485147044788527e-01,5.482425735223942757e+09,8.783814410616071389e-10,-2.024287014010190598e-10,-1.012143507004657295e+01,9.024021378475007016e-02,1.940830091972878257e-02,1.554776311961508104e-10
2.955000000000000071e+00,1.096421975577467206e-01,5.482109877887335777e+09,8.783308351371681588e-10,-2.024187030442267026e-10,-1.012093515219748951e+01,9.023661671921447136e-02,1.940558083853224924e-02,1.554558409434724886e-10
2.959999999999999964e+00,1.096358807227599264e-01,5.481794036137996674e+09,8.782802317100849519e-10,-2.024087223442596473e-10,-1.012043611721310299e+01,9.023301965654456636e-02,1.940286106621536000e-02,1.554340531651928864e-10
2.964999999999999858e+00,1.096295641989740999e-01,5.481478209948704720e+09,8.782296307759960016e-10,-2.023987588701898821e-10,-1.011993794352747500e+01,9.022942259964002176e-02,1.940014159933407811e-02,1.554122678337222473e-10
2.970000000000000195e+00,1.096232479858584435e-01,5.481162399292922020e+09,8.781790323306497031e-10,-2.023888121989244498e-10,-1.011944060992391314e+01,9.022582554766879481e-02,1.939742243818964873e-02,1.553904849514738191e-10
2.975000000000000089e+00,1.096169320828950244e-01,5.480846604144751549e+09,8.781284363698968149e-10,-2.023788819200758875e-10,-1.011894409600063227e+01,9.022222849916090859e-02,1.939470358373411585e-02,1.553687045260743104e-10
2.979999999999999982e+00,1.096106164895786217e-01,5.480530824478931427e+09,8.780778428896898389e-10,-2.023689676329976111e-10,-1.011844838166143745e+01,9.021863145047331889e-02,1.939198503910530280e-02,1.553469265826604477e-10
2.984999999999999876e+00,1.096043012054162963e-01,5.480215060270814896e+09,8.780272518860801250e-10,-2.023590689400076519e-10,-1.011795344701386057e+01,9.021503440956543662e-02,1.938926679585085966e-02,1.553251510535214490e-10
2.990000000000000213e+00,1.095979862299277380e-01,5.479899311496386528e+09,8.779766633552197325e-10,-2.023491854614234913e-10,-1.011745927306765225e+01,9.021143736988131157e-02,1.938654886004642641e-02,1.553033779873285957e-10
2.995000000000000107e+00,1.095916715626436139e-01,5.479583578132181168e+09,8.779260772933493322e-10,-2.023393168292093137e-10,-1.011696584145829547e+01,9.020784032777520722e-02,1.938383123486840665e-02,1.552816074095276178e-10
3.000000000000000000e+00,1.095853572031066370e-01,5.479267860155331612e+09,8.778754936968051344e-10,-2.023294626749057870e-10,-1.011647313374851365e+01,9.020424328429252347e-02,1.938111391881411349e-02,1.552598393080807110e-10
3.004999999999999893e+00,1.095790431508704699e-01,5.478952157543523788e+09,8.778249125620119612e-10,-2.023196226461472053e-10,-1.011598113233048934e+01,9.020064623983857499e-02,1.937839691103189488e-02,1.552380736761653929e-10
3.010000000000000231e+00,1.095727294054997525e-01,5.478636470274987221e+09,8.777743338854819020e-10,-2.023097964003087412e-10,-1.011548982000385877e+01,9.019704919098328610e-02,1.937568021451646638e-02,1.552163105377719434e-10
3.015000000000000124e+00,1.095664159665696302e-01,5.478320798328481674e+09,8.777237576638119358e-10,-2.022999835983654577e-10,-1.011499917990295216e+01,9.019345214197277416e-02,1.937296382459685606e-02,1.551945498554817619e-10
3.020000000000000018e+00,1.095601028336658234e-01,5.478005141683291435e+09,8.776731838936827937e-10,-2.022901839087039560e-10,-1.011450919543858618e+01,9.018985508856521005e-02,1.937024774510061331e-02,1.551727916599569344e-10
3.024999999999999911e+00,1.095537900063842385e-01,5.477689500319211960e+09,8.776226125718576145e-10,-2.022803970102987490e-10,-1.011401985051634256e+01,9.018625802936053315e-02,1.936753197702370533e-02,1.551510359591760314e-10
3.030000000000000249e+00,1.095474774843305660e-01,5.477373874216527939e+09,8.775720436951776022e-10,-2.022706225954651186e-10,-1.011353112978395075e+01,9.018266096396389264e-02,1.936481652036667334e-02,1.551292827531433440e-10
3.035000000000000142e+00,1.095411652671199748e-01,5.477058263355998993e+09,8.775214772605599580e-10,-2.022608603554595556e-10,-1.011304301777272485e+01,9.017906389194237093e-02,1.936210137517760388e-02,1.551075320422441057e-10
3.040000000000000036e+00,1.095348533543773761e-01,5.476742667718869209e+09,8.774709132649997417e-10,-2.022511099933970119e-10,-1.011255549966881517e+01,9.017546681345085802e-02,1.935938654092651812e-02,1.550857838222327603e-10
3.044999999999999929e+00,1.095285417457365490e-01,5.476427087286827087e+09,8.774203517055632537e-10,-2.022413712200157361e-10,-1.011206856099306606e+01,9.017186972871195361e-02,1.935667201702459539e-02,1.550640380883922846e-10
3.050000000000000266e+00,1.095222304408403763e-01,5.476111522042018890e+09,8.773697925793897934e-10,-2.022316437511361743e-10,-1.011158218755736016e+01,9.016827263147149385e-02,1.935395780936888244e-02,1.550422948879632475e-10
3.055000000000000160e+00,1.095159194393403868e-01,5.475795971967019081e+09,8.773192358836876261e-10,-2.022219273167665747e-10,-1.011109636584296823e+01,9.016467552694074072e-02,1.935124391239964603e-02,1.550205541764072465e-10
3.060000000000000053e+00,1.095096087408963664e-01,5.475480437044817924e+09,8.772686816157315019e-10,-2.022122216428917787e-10,-1.011061108215653803e+01,9.016107841230727726e-02,1.934853032858908917e-02,1.549988159735288983e-10
3.064999999999999947e+00,1.095032983451768582e-01,5.475164917258842468e+09,8.772181297728659643e-10,-2.022025264633316827e-10,-1.011012632316851523e+01,9.015748128754380586e-02,1.934581705763305237e-02,1.549770802768915355e-10
3.070000000000000284e+00,1.094969882518583709e-01,5.474849412592918396e+09,8.771675803524998700e-10,-2.021928415250351938e-10,-1.010964207624783739e+01,9.015388415492812946e-02,1.934310409693024146e-02,1.549553470656565140e-10
3.075000000000000178e+00,1.094906784606251571e-01,5.474533923031257629e+09,8.771170333521034938e-10,-2.021831665798216583e-10,-1.010915832898172084e+01,9.015028701102613395e-02,1.934039144959902312e-02,1.549336163648047141e-10
3.080000000000000071e+00,1.094843689711692547e-01,5.474218448558463097e+09,8.770664887692099765e-10,-2.021735013828985546e-10,-1.010867506914655678e+01,9.014668984219946501e-02,1.933767912896978969e-02,1.549118882811243257e-10
3.084999999999999964e+00,1.094780597831902097e-01,5.473902989159510612e+09,8.770159466014122224e-10,-2.021638456941320420e-10,-1.010819228470791131e+01,9.014309266991403502e-02,1.933496711327617468e-02,1.548901626402475886e-10
3.089999999999999858e+00,1.094717508963949648e-01,5.473587544819747925e+09,8.769654068463626929e-10,-2.021541992879995984e-10,-1.010770996440260205e+01,9.013949548274313717e-02,1.933225541365182765e-02,1.548684395313648129e-10
3.095000000000000195e+00,1.094654423104972352e-01,5.473272115524861336e+09,8.769148695017681333e-10,-2.021445619364376026e-10,-1.010722809680737555e+01,9.013589828611431876e-02,1.932954402438291641e-02,1.548467189087031579e-10
3.100000000000000089e+00,1.094591340252181744e-01,5.472956701260909081e+09,8.768643345653946388e-10,-2.021349334168881480e-10,-1.010674667084822431e+01,9.013230107227175603e-02,1.932683295294641834e-02,1.548250008321598577e-10
3.104999999999999982e+00,1.094528260402853753e-01,5.472641302014268875e+09,8.768138020350597967e-10,-2.021253135171694810e-10,-1.010626567585859448e+01,9.012870384596052831e-02,1.932412219432484701e-02,1.548032852615403709e-10
3.109999999999999876e+00,1.094465183554332172e-01,5.472325917771660805e+09,8.767632719086359953e-10,-2.021157020293350132e-10,-1.010578510144841857e+01,9.012510658825764742e-02,1.932141176717556974e-02,1.547815723463067215e-10
3.115000000000000213e+00,1.094402109704023102e-01,5.472010548520115852e+09,8.767127441840452533e-10,-2.021060987435323319e-10,-1.010530493718397338e+01,9.012150932700792316e-02,1.931870164339438700e-02,1.547598618613194238e-10
3.120000000000000107e+00,1.094339038849400925e-01,5.471695194247004509e+09,8.766622188592640802e-10,-2.020965034600734198e-10,-1.010482517300988548e+01,9.011791204638279484e-02,1.931599183855729762e-02,1.547381539313560106e-10
3.125000000000000000e+00,1.094275970987996782e-01,5.471379854939984322e+09,8.766116959323152042e-10,-2.020869159885876220e-10,-1.010434579942375422e+01,9.011431475428806348e-02,1.931328234451161474e-02,1.547164484911062299e-10
3.129999999999999893e+00,1.094212906117403850e-01,5.471064530587018967e+09,8.765611754012699502e-10,-2.020773361370102177e-10,-1.010386680683586746e+01,9.011071743836532311e-02,1.931057317337506185e-02,1.546947456376437849e-10
3.135000000000000231e+00,1.094149844235272756e-01,5.470749221176363945e+09,8.765106572642467926e-10,-2.020677637194174750e-10,-1.010338818596210331e+01,9.010712010460757149e-02,1.930786431891970412e-02,1.546730453210773545e-10
3.140000000000000124e+00,1.094086785339312695e-01,5.470433926696563721e+09,8.764601415194102175e-10,-2.020581985596265408e-10,-1.010290992796944920e+01,9.010352275213245887e-02,1.930515578179881064e-02,1.546513475466402779e-10
3.145000000000000018e+00,1.094023729427284763e-01,5.470118647136424065e+09,8.764096281649668974e-10,-2.020486404812428039e-10,-1.010243202406854834e+01,9.009992538205208179e-02,1.930244756067639456e-02,1.546296523036300527e-10
3.149999999999999911e+00,1.093960676497008205e-01,5.469803382485040665e+09,8.763591171991696201e-10,-2.020390893085069277e-10,-1.010195446542638820e+01,9.009632798808386855e-02,1.929973966161695198e-02,1.546079596406287284e-10
3.155000000000000249e+00,1.093897626546353335e-01,5.469488132731766701e+09,8.763086086203126357e-10,-2.020295448764592458e-10,-1.010147724382113665e+01,9.009273057985589528e-02,1.929703207477943827e-02,1.545862694788007708e-10
3.160000000000000142e+00,1.093834579573242788e-01,5.469172897866213799e+09,8.762581024267315534e-10,-2.020200070224694323e-10,-1.010100035113282502e+01,9.008913315172684122e-02,1.929432480559743757e-02,1.545645818616740266e-10
3.165000000000000036e+00,1.093771535575648185e-01,5.468857677878240585e+09,8.762075986168014803e-10,-2.020104755868717765e-10,-1.010052377934334800e+01,9.008553570177274539e-02,1.929161785579207311e-02,1.545428968030362007e-10
3.169999999999999929e+00,1.093708494551591526e-01,5.468542472757957458e+09,8.761570971889380555e-10,-2.020009504119063922e-10,-1.010004752059467137e+01,9.008193822897646308e-02,1.928891122618268950e-02,1.545212143094509712e-10
3.175000000000000266e+00,1.093645456499143520e-01,5.468227282495718002e+09,8.761065981415955884e-10,-2.019914313499777882e-10,-1.009957156750897411e+01,9.007834073588190382e-02,1.928620491403244819e-02,1.544995343589938126e-10
3.180000000000000160e+00,1.093582421416417899e-01,5.467912107082089424e+09,8.760561014732629235e-10,-2.019819182532787153e-10,-1.009909591267933138e+01,9.007474321991562616e-02,1.928349892172616376e-02,1.544778569707692625e-10
3.185000000000000053e+00,1.093519389301578215e-01,5.467596946507890701e+09,8.760056071824690235e-10,-2.019724109765430229e-10,-1.009862054882978555e+01,9.007114568560917189e-02,1.928079324454864962e-02,1.544561821070044543e-10
3.189999999999999947e+00,1.093456360152827711e-01,5.467281800764138222e+09,8.759551152677744907e-10,-2.019629093825513736e-10,-1.009814546912093647e+01,9.006754812855854997e-02,1.927808788672422113e-02,1.544345098015399154e-10
3.195000000000000284e+00,1.093393333968416398e-01,5.466966669842082024e+09,8.759046257277775641e-10,-2.019534133283669577e-10,-1.009767066640779376e+01,9.006395054814808621e-02,1.927538284869355356e-02,1.544128400579058460e-10
3.200000000000000178e+00,1.093330310746637030e-01,5.466651553733184814e+09,8.758541385611103973e-10,-2.019439226805820858e-10,-1.009719613404013216e+01,9.006035294437805816e-02,1.927267813028564480e-02,1.543911728747323316e-10
3.205000000000000071e+00,1.093267290485821913e-01,5.466336452429109573e+09,8.758036537664370936e-10,-2.019344373117182994e-10,-1.009672186557145324e+01,9.005675531758013108e-02,1.926997373100206024e-02,1.543695082480265196e-10
3.209999999999999964e+00,1.093204273184344433e-01,5.466021365921722412e+09,8.757531713424547400e-10,-2.019249570926030742e-10,-1.009624785462801810e+01,9.005315766723931414e-02,1.926726965119512913e-02,1.543478461806108020e-10
3.214999999999999858e+00,1.093141258840616414e-01,5.465706294203082085e+09,8.757026912878907193e-10,-2.019154819012636655e-10,-1.009577409508347046e+01,9.004955999514066556e-02,1.926456588892097588e-02,1.543261866569131160e-10
3.220000000000000195e+00,1.093078247453088264e-01,5.465391237265440941e+09,8.756522136015038468e-10,-2.019060116182684280e-10,-1.009530058092786931e+01,9.004596229721346934e-02,1.926186244809535708e-02,1.543045297083020892e-10
3.225000000000000089e+00,1.093015239020245916e-01,5.465076195101229668e+09,8.756017382820814759e-10,-2.018965461239739578e-10,-1.009482730618037749e+01,9.004236457528733140e-02,1.925915932673726016e-02,1.542828753189080547e-10
3.229999999999999982e+00,1.092952233540614854e-01,5.464761167703074455e+09,8.755512653284420823e-10,-2.018870852987368511e-10,-1.009435426494746935e+01,9.003876682906855611e-02,1.925645652499292926e-02,1.542612234899025329e-10
3.234999999999999876e+00,1.092889231012754842e-01,5.464446155063774109e+09,8.755007947394319561e-10,-2.018776290377367807e-10,-1.009388145190314390e+01,9.003516905805483694e-02,1.925375404322064721e-02,1.542395742241557112e-10
3.240000000000000213e+00,1.092826231435257700e-01,5.464131157176288605e+09,8.754503265139230295e-10,-2.018681772291653975e-10,-1.009340886144491378e+01,9.003157126441677094e-02,1.925105187910899907e-02,1.542179275031511518e-10
3.245000000000000107e+00,1.092763234806752998e-01,5.463816174033764839e+09,8.753998606508175305e-10,-2.018587297648142425e-10,-1.009293648821767420e+01,9.002797344726552742e-02,1.924835003340977235e-02,1.541962833329112722e-10
3.250000000000000000e+00,1.092700241125899030e-01,5.463501205629495621e+09,8.753493971490406414e-10,-2.018492865421923292e-10,-1.009246432711370289e+01,9.002437559423986935e-02,1.924564851835003365e-02,1.541746418113857083e-10
3.254999999999999893e+00,1.092637250391390452e-01,5.463186251956952095e+09,8.752989360075464956e-10,-2.018398474585969126e-10,-1.009199237292341422e+01,9.002077772247303600e-02,1.924294731666600922e-02,1.541530028002763757e-10
3.260000000000000231e+00,1.092574262601949120e-01,5.462871313009745598e+09,8.752484772253113537e-10,-2.018304124170427203e-10,-1.009152062084467616e+01,9.001717982439264021e-02,1.924024643580227178e-02,1.541313663592209027e-10
3.265000000000000124e+00,1.092511277756330057e-01,5.462556388781650543e+09,8.751980208013379461e-10,-2.018209813180033810e-10,-1.009104906588618178e+01,9.001358190104224999e-02,1.923754587459075571e-02,1.541097324788620155e-10
3.270000000000000018e+00,1.092448295853317708e-01,5.462241479266588211e+09,8.751475667346522676e-10,-2.018115540689405452e-10,-1.009057770344952587e+01,9.000998395544387853e-02,1.923484562988789226e-02,1.540881011340169500e-10
3.274999999999999911e+00,1.092385316891724967e-01,5.461926584458624840e+09,8.750971150243035776e-10,-2.018021305777393799e-10,-1.009010652889264748e+01,9.000638598326764217e-02,1.923214570590485450e-02,1.540664723584209491e-10
3.280000000000000249e+00,1.092322340870393038e-01,5.461611704351964951e+09,8.750466656693633657e-10,-2.017927107569437333e-10,-1.008963553784997202e+01,9.000278796842312024e-02,1.922944611861618358e-02,1.540448462800442045e-10
3.285000000000000142e+00,1.092259367788190050e-01,5.461296838940950394e+09,8.749962186689251454e-10,-2.017832945163445965e-10,-1.008916472581040580e+01,8.999918993905357822e-02,1.922674683976542676e-02,1.540232226725275265e-10
3.290000000000000036e+00,1.092196397644013273e-01,5.460981988220066071e+09,8.749457740221052811e-10,-2.017738817701798836e-10,-1.008869408851023763e+01,8.999559188011194144e-02,1.922404788428938582e-02,1.540016016555279416e-10
3.294999999999999929e+00,1.092133430436784125e-01,5.460667152183920860e+09,8.748953317280399893e-10,-2.017644724384049811e-10,-1.008822362191858701e+01,8.999199379561145795e-02,1.922134924806695455e-02,1.539799831960317151e-10
3.300000000000000266e+00,1.092070466165450393e-01,5.460352330827252388e+09,8.748448917858860628e-10,-2.017550664407635172e-10,-1.008775332204822917e+01,8.998839568746344608e-02,1.921865092908159323e-02,1.539583672778845784e-10
3.305000000000000160e+00,1.092007504828983316e-01,5.460037524144916534e+09,8.747944541948195265e-10,-2.017456636950932961e-10,-1.008728318473731633e+01,8.998479754699126310e-02,1.921595293590706854e-02,1.539367539697700002e-10
3.310000000000000053e+00,1.091944546426382029e-01,5.459722732131910324e+09,8.747440189540387387e-10,-2.017362641213497041e-10,-1.008681320607138332e+01,8.998119937292385628e-02,1.921325526971434661e-02,1.539151432810684671e-10
3.314999999999999947e+00,1.091881590956666898e-01,5.459407954783334732e+09,8.746935860627587052e-10,-2.017268676547347210e-10,-1.008634338274714537e+01,8.997760117759917575e-02,1.921055791806751400e-02,1.538935351121572930e-10
3.320000000000000284e+00,1.091818638418878828e-01,5.459093192094393730e+09,8.746431555202110785e-10,-2.017174742175330737e-10,-1.008587371087924112e+01,8.997400294904298046e-02,1.920786089284490239e-02,1.538719295581923887e-10
3.325000000000000178e+00,1.091755688812086345e-01,5.458778444060431480e+09,8.745927273256498452e-10,-2.017080837301236652e-10,-1.008540418650954962e+01,8.997040469738466772e-02,1.920516418382396673e-02,1.538503265372822015e-10
3.330000000000000071e+00,1.091692742135379202e-01,5.458463710676896095e+09,8.745423014783458455e-10,-2.016986961291907828e-10,-1.008493480646575335e+01,8.996680641262014277e-02,1.920246780091777739e-02,1.538287261288391205e-10
3.334999999999999964e+00,1.091629798387866723e-01,5.458148991939333916e+09,8.744918779775854293e-10,-2.016893113461247576e-10,-1.008446556729904842e+01,8.996320810337493645e-02,1.919977173541173587e-02,1.538071282630515576e-10
3.339999999999999858e+00,1.091566857568680299e-01,5.457834287843401909e+09,8.744414568226728344e-10,-2.016799293150687780e-10,-1.008399646576435771e+01,8.995960976389137664e-02,1.919707599297665324e-02,1.537855329853477034e-10
3.345000000000000195e+00,1.091503919676970885e-01,5.457519598384854317e+09,8.743910380129277047e-10,-2.016705499705895489e-10,-1.008352749854384456e+01,8.995601139349651554e-02,1.919438057420057298e-02,1.537639403004382997e-10
3.350000000000000089e+00,1.091440984711910950e-01,5.457204923559555054e+09,8.743406215476874685e-10,-2.016611732506419069e-10,-1.008305866253795102e+01,8.995241299295796134e-02,1.919168547823313364e-02,1.537423502015112041e-10
3.354999999999999982e+00,1.091378052672690030e-01,5.456890263363450050e+09,8.742902074263025822e-10,-2.016517990936042050e-10,-1.008258995469077490e+01,8.994881456780857987e-02,1.918899069946042313e-02,1.537207626435940283e-10
3.359999999999999876e+00,1.091315123558518341e-01,5.456575617792592049e+09,8.742397956481404596e-10,-2.016424274376430381e-10,-1.008212137187365443e+01,8.994521611100707303e-02,1.918629624484476104e-02,1.536991776824610795e-10
3.365000000000000213e+00,1.091252197368625110e-01,5.456260986843125343e+09,8.741893862125836102e-10,-2.016330582266424734e-10,-1.008165291132172570e+01,8.994161762620281331e-02,1.918360211065969767e-02,1.536775952882602367e-10
3.370000000000000107e+00,1.091189274102255247e-01,5.455946370511276245e+09,8.741389791190272616e-10,-2.016236914008866883e-10,-1.008118457005184609e+01,8.993801911126930726e-02,1.918090829895621741e-02,1.536560154774216848e-10
3.375000000000000000e+00,1.091126353758674478e-01,5.455631768793372154e+09,8.740885743668830816e-10,-2.016143269074361234e-10,-1.008071634535735939e+01,8.993442056646730465e-02,1.917821480940014311e-02,1.536344382472683572e-10
3.379999999999999893e+00,1.091063436337161990e-01,5.455317181685810089e+09,8.740381719555736982e-10,-2.016049646916571536e-10,-1.008024823457526509e+01,8.993082199053785419e-02,1.917552164317834484e-02,1.536128636073081265e-10
3.385000000000000231e+00,1.091000521837016679e-01,5.455002609185083389e+09,8.739877718845373523e-10,-2.015956046976456046e-10,-1.007978023488249164e+01,8.992722338755709810e-02,1.917282879614456981e-02,1.535912915243258652e-10
3.390000000000000124e+00,1.090937610257552842e-01,5.454688051287764549e+09,8.739373741532248994e-10,-2.015862468760618069e-10,-1.007931234381976537e+01,8.992362475395143662e-02,1.917013627180384761e-02,1.535697220263999867e-10
3.395000000000000018e+00,1.090874701598100044e-01,5.454373507990500450e+09,8.738869787610991890e-10,-2.015768911779896081e-10,-1.007884455891326070e+01,8.992002608966677413e-02,1.916744407014323026e-02,1.535481551134266797e-10
3.399999999999999911e+00,1.090811795858003946e-01,5.454058979290019989e+09,8.738365857076358922e-10,-2.015675375509129653e-10,-1.007837687757273670e+01,8.991642739501985726e-02,1.916475219078053738e-02,1.535265907823444196e-10
3.405000000000000249e+00,1.090748893036625894e-01,5.453744465183129311e+09,8.737861949923236044e-10,-2.015581859499391323e-10,-1.007790929749899078e+01,8.991282867057757977e-02,1.916206063308500962e-02,1.535050290281002444e-10
3.410000000000000142e+00,1.090685993133340276e-01,5.453429965666701317e+09,8.737358066146610541e-10,-2.015488363261519564e-10,-1.007744181630550884e+01,8.990922991706054579e-02,1.915936939627348179e-02,1.534834698444202734e-10
3.415000000000000036e+00,1.090623096147538412e-01,5.453115480737691879e+09,8.736854205741606185e-10,-2.015394886338116586e-10,-1.007697443167853635e+01,8.990563113525597283e-02,1.915667847949786839e-02,1.534619132245106655e-10
3.419999999999999929e+00,1.090560202078623142e-01,5.452801010393115997e+09,8.736350368703440838e-10,-2.015301428326841737e-10,-1.007650714163901284e+01,8.990203231571546050e-02,1.915398789214685371e-02,1.534403592435829989e-10
3.425000000000000266e+00,1.090497310926011598e-01,5.452486554630058289e+09,8.735846555027442996e-10,-2.015207988734298326e-10,-1.007603994368400890e+01,8.989843347006046259e-02,1.915129762254069723e-02,1.534188078080722894e-10
3.430000000000000160e+00,1.090434422689137012e-01,5.452172113445685387e+09,8.735342764709073507e-10,-2.015114567166616033e-10,-1.007557283581991214e+01,8.989483459441804936e-02,1.914860767449565182e-02,1.533972589485500469e-10
3.435000000000000053e+00,1.090371537367441357e-01,5.451857686837206841e+09,8.734838997743861458e-10,-2.015021163223571789e-10,-1.007510581611131784e+01,8.989123568750435889e-02,1.914591804923977680e-02,1.533757126748541372e-10
3.439999999999999947e+00,1.090308654960382012e-01,5.451543274801910400e+09,8.734335254127461051e-10,-2.014927776483766705e-10,-1.007463888241909444e+01,8.988763675413398435e-02,1.914322874190421686e-02,1.533541689479807455e-10
3.445000000000000284e+00,1.090245775467428013e-01,5.451228877337140083e+09,8.733831533855617474e-10,-2.014834406557565623e-10,-1.007417203279328533e+01,8.988403778998582672e-02,1.914053975675697461e-02,1.533326278021203485e-10
3.450000000000000178e+00,1.090182898888061303e-01,5.450914494440306664e+09,8.733327836924181383e-10,-2.014741053048980642e-10,-1.007370526524027810e+01,8.988043878097386197e-02,1.913785110783226828e-02,1.533110893496993542e-10
3.455000000000000071e+00,1.090120025221774924e-01,5.450600126108874321e+09,8.732824163329091321e-10,-2.014647715627668911e-10,-1.007323857814481016e+01,8.987683975221488764e-02,1.913516276996260479e-02,1.532895533891039913e-10
3.459999999999999964e+00,1.090057154468072192e-01,5.450285772340360641e+09,8.732320513066368549e-10,-2.014554393893407363e-10,-1.007277196945506148e+01,8.987324069262356274e-02,1.913247475418365651e-02,1.532680200087397305e-10
3.464999999999999858e+00,1.089994286626470160e-01,5.449971433132350922e+09,8.731816886132145999e-10,-2.014461087507382820e-10,-1.007230543752666563e+01,8.986964159921856377e-02,1.912978706342845225e-02,1.532464892321026889e-10
3.470000000000000195e+00,1.089931421696493929e-01,5.449657108482469559e+09,8.731313282522615536e-10,-2.014367796132899684e-10,-1.007183898068615235e+01,8.986604248134363870e-02,1.912709968830575424e-02,1.532249609839608157e-10
3.475000000000000089e+00,1.089868559677681370e-01,5.449342798388406754e+09,8.730809702234077597e-10,-2.014274519390910713e-10,-1.007137259693990927e+01,8.986244332924475664e-02,1.912441263852338036e-02,1.532034353420822456e-10
3.479999999999999982e+00,1.089805700569581870e-01,5.449028502847908974e+09,8.730306145262921537e-10,-2.014181256972248879e-10,-1.007090628486184869e+01,8.985884413413515459e-02,1.912172592282303241e-02,1.531819123764957535e-10
3.484999999999999876e+00,1.089742844371751201e-01,5.448714221858756065e+09,8.729802611605590480e-10,-2.014088008582570234e-10,-1.007044004289491568e+01,8.985524491884731846e-02,1.911903951832780169e-02,1.531603919039370705e-10
3.490000000000000213e+00,1.089679991083758459e-01,5.448399955418792725e+09,8.729299101258630946e-10,-2.013994773878826435e-10,-1.006997386936563998e+01,8.985164566797985974e-02,1.911635344039598616e-02,1.531388740474398001e-10
3.495000000000000107e+00,1.089617140705180509e-01,5.448085703525902748e+09,8.728795614218652530e-10,-2.013901552585731773e-10,-1.006950776293524541e+01,8.984804638641789853e-02,1.911366768410015238e-02,1.531173587675307803e-10
3.500000000000000000e+00,1.089554293235602961e-01,5.447771466178014755e+09,8.728292150482336170e-10,-2.013808344383531310e-10,-1.006904172193026170e+01,8.984444707648740758e-02,1.911098224707288851e-02,1.530958460452449566e-10
3.504999999999999893e+00,1.089491448674623775e-01,5.447457243373118401e+09,8.727788710046461029e-10,-2.013715148950352528e-10,-1.006857574477908202e+01,8.984084773322230377e-02,1.910829713424007370e-02,1.530743359200430320e-10
3.510000000000000231e+00,1.089428607021847156e-01,5.447143035109235764e+09,8.727285292907859008e-10,-2.013621966042673453e-10,-1.006810983023024164e+01,8.983724835867938630e-02,1.910561234350532933e-02,1.530528283751310945e-10
3.515000000000000124e+00,1.089365768276887719e-01,5.446828841384438515e+09,8.726781899063438518e-10,-2.013528795380973213e-10,-1.006764397691586055e+01,8.983364895084422486e-02,1.910292787684454707e-02,1.530313234263378138e-10
3.520000000000000018e+00,1.089302932439366323e-01,5.446514662196831703e+09,8.726278528510165875e-10,-2.013435636711141923e-10,-1.006717818354081828e+01,8.983004950842979341e-02,1.910024373550683885e-02,1.530098210836696713e-10
3.524999999999999911e+00,1.089240099508913956e-01,5.446200497544569969e+09,8.725775181245083907e-10,-2.013342489743070801e-10,-1.006671244869357906e+01,8.982645003765732383e-02,1.909755991323407176e-02,1.529883212969934732e-10
3.530000000000000249e+00,1.089177269485169242e-01,5.445886347425846100e+09,8.725271857265296449e-10,-2.013249354212062048e-10,-1.006624677106447052e+01,8.982285053777647188e-02,1.909487641074045228e-02,1.529668240720306726e-10
3.535000000000000142e+00,1.089114442367779267e-01,5.445572211838896751e+09,8.724768556567977644e-10,-2.013156229904239846e-10,-1.006578114953299519e+01,8.981925100565692210e-02,1.909219323112100464e-02,1.529453294335751554e-10
3.540000000000000036e+00,1.089051618156396672e-01,5.445258090781983376e+09,8.724265279150344031e-10,-2.013063116557023982e-10,-1.006531558278948069e+01,8.981565144002182088e-02,1.908951037561784636e-02,1.529238373915773874e-10
3.544999999999999929e+00,1.088988796850684643e-01,5.444943984253422737e+09,8.723762025009696932e-10,-2.012970013926892483e-10,-1.006485006964066997e+01,8.981205184303450717e-02,1.908682784203395710e-02,1.529023479284372399e-10
3.550000000000000266e+00,1.088925978450311222e-01,5.444629892251556396e+09,8.723258794143381097e-10,-2.012876921797851948e-10,-1.006438460899516940e+01,8.980845221239541765e-02,1.908414563263570451e-02,1.528808610623103708e-10
3.555000000000000160e+00,1.088863162954952779e-01,5.444315814774764061e+09,8.722755586548798146e-10,-2.012783839932733151e-10,-1.006391919965972193e+01,8.980485255298986669e-02,1.908146374250541122e-02,1.528593767538018124e-10
3.560000000000000053e+00,1.088800350364292763e-01,5.444001751821463585e+09,8.722252402223414838e-10,-2.012690768098602032e-10,-1.006345384048472624e+01,8.980125286105111737e-02,1.907878217537815890e-02,1.528378950328328588e-10
3.564999999999999947e+00,1.088737540678021420e-01,5.443687703390107155e+09,8.721749241164751699e-10,-2.012597706075230024e-10,-1.006298853037878871e+01,8.979765313698599705e-02,1.907610093081614500e-02,1.528164158958963676e-10
3.570000000000000284e+00,1.088674733895835522e-01,5.443373669479177475e+09,8.721246103370376818e-10,-2.012504653699563286e-10,-1.006252326849789824e+01,8.979405338079748944e-02,1.907342000878606281e-02,1.527949393427255213e-10
3.575000000000000178e+00,1.088611930017436974e-01,5.443059650087184906e+09,8.720742988837902745e-10,-2.012411610738667757e-10,-1.006205805369245354e+01,8.979045359262731452e-02,1.907073940911638288e-02,1.527734653719461662e-10
3.580000000000000071e+00,1.088549129042535729e-01,5.442745645212678909e+09,8.720239897565007170e-10,-2.012318576982902781e-10,-1.006159288491471671e+01,8.978685377320132222e-02,1.906805913105225070e-02,1.527519939775113017e-10
3.584999999999999964e+00,1.088486330970847710e-01,5.442431654854238510e+09,8.719736829549413279e-10,-2.012225552248038694e-10,-1.006112776123336516e+01,8.978325392348089629e-02,1.906537917360387469e-02,1.527305251514917814e-10
3.589999999999999858e+00,1.088423535802093278e-01,5.442117679010466576e+09,8.719233784788881480e-10,-2.012132536358316159e-10,-1.006066268180438783e+01,8.977965404332151345e-02,1.906269953688781438e-02,1.527090588948213887e-10
3.595000000000000195e+00,1.088360743536000708e-01,5.441803717680003166e+09,8.718730763281233186e-10,-2.012039529108329685e-10,-1.006019764553639106e+01,8.977605412227039616e-02,1.906002023132967460e-02,1.526875952910183787e-10
3.600000000000000089e+00,1.088297954172302295e-01,5.441489770861511230e+09,8.718227765024327033e-10,-2.011946530315967190e-10,-1.005973265158536378e+01,8.977245417516861725e-02,1.905734124206161229e-02,1.526661342209782558e-10
3.604999999999999982e+00,1.088235167710737555e-01,5.441175838553688049e+09,8.717724790016074392e-10,-2.011853539809704502e-10,-1.005926769904908724e+01,8.976885419584511305e-02,1.905466257522864248e-02,1.526446757339279859e-10
3.609999999999999876e+00,1.088172384151050304e-01,5.440861920755251884e+09,8.717221838254423852e-10,-2.011760557424370195e-10,-1.005880278711265419e+01,8.976525418816611035e-02,1.905198422693892002e-02,1.526232197986904336e-10
3.615000000000000213e+00,1.088109603492989630e-01,5.440548017464947701e+09,8.716718909737362264e-10,-2.011667583003263175e-10,-1.005833791503391694e+01,8.976165414904943574e-02,1.904930620024952725e-02,1.526017664397555736e-10
3.620000000000000107e+00,1.088046825736309065e-01,5.440234128681545258e+09,8.716216004462920938e-10,-2.011574616364271358e-10,-1.005787308180879336e+01,8.975805407796888513e-02,1.904662849566202132e-02,1.525803156611413064e-10
3.625000000000000000e+00,1.087984050880769493e-01,5.439920254403847694e+09,8.715713122429179781e-10,-2.011481657335870572e-10,-1.005740828668058384e+01,8.975445395927417191e-02,1.904395112880277741e-02,1.525588675880286480e-10
3.629999999999999893e+00,1.087921278926135549e-01,5.439606394630678177e+09,8.715210263634254889e-10,-2.011388705801593786e-10,-1.005694352899445221e+01,8.975085382171879567e-02,1.904127407089475921e-02,1.525374219898882038e-10
3.635000000000000231e+00,1.087858509872174362e-01,5.439292549360872269e+09,8.714707428076280970e-10,-2.011295761585681665e-10,-1.005647880793549120e+01,8.974725364988994647e-02,1.903859733732748971e-02,1.525159789900035926e-10
3.640000000000000124e+00,1.087795743718661806e-01,5.438978718593309402e+09,8.714204615753460973e-10,-2.011202824518727619e-10,-1.005601412263058592e+01,8.974365345205036204e-02,1.903592091981581857e-02,1.524945385220034447e-10
3.645000000000000018e+00,1.087732980465375976e-01,5.438664902326879501e+09,8.713701826664017495e-10,-2.011109894513910771e-10,-1.005554947255586740e+01,8.974005322135181206e-02,1.903324482518578553e-02,1.524731006405703957e-10
3.649999999999999911e+00,1.087670220112098435e-01,5.438351100560492516e+09,8.713199060806205184e-10,-2.011016971399706948e-10,-1.005508485698373988e+01,8.973645294296669905e-02,1.903056906824314443e-02,1.524516654643115730e-10
3.655000000000000249e+00,1.087607462658617130e-01,5.438037313293086052e+09,8.712696318178319014e-10,-2.010924055019415056e-10,-1.005462027509929612e+01,8.973285264516708826e-02,1.902789362069462475e-02,1.524302327665729231e-10
3.660000000000000142e+00,1.087544708104723895e-01,5.437723540523619652e+09,8.712193598778695319e-10,-2.010831145258685647e-10,-1.005415572629135568e+01,8.972925231562348114e-02,1.902521849484890837e-02,1.524088026459578387e-10
3.665000000000000036e+00,1.087481956450213755e-01,5.437409782251069069e+09,8.711690902605690077e-10,-2.010738241996816526e-10,-1.005369120997784194e+01,8.972565194909012942e-02,1.902254369593124605e-02,1.523873751443252002e-10
3.669999999999999929e+00,1.087419207694886175e-01,5.437096038474431038e+09,8.711188229657697523e-10,-2.010645345091929674e-10,-1.005322672547481488e+01,8.972205155617889172e-02,1.901986921330972580e-02,1.523659501765040199e-10
3.675000000000000266e+00,1.087356461838544508e-01,5.436782309192722321e+09,8.710685579933142913e-10,-2.010552454421205313e-10,-1.005276227212743834e+01,8.971845112712865944e-02,1.901719505672579136e-02,1.523445278205318091e-10
3.680000000000000160e+00,1.087293718880996546e-01,5.436468594404982567e+09,8.710182953430485622e-10,-2.010459569872411579e-10,-1.005229784933908377e+01,8.971485066579813761e-02,1.901452122230151698e-02,1.523231080453430245e-10
3.685000000000000053e+00,1.087230978822052718e-01,5.436154894110263824e+09,8.709680350148208808e-10,-2.010366691307905617e-10,-1.005183345652767457e+01,8.971125017350518871e-02,1.901184770870008311e-02,1.523016908402285465e-10
3.689999999999999947e+00,1.087168241661528589e-01,5.435841208307642937e+09,8.709177770084831818e-10,-2.010273818632396221e-10,-1.005136909318389371e+01,8.970764964728143720e-02,1.900917451887142173e-02,1.522802762288199169e-10
3.695000000000000284e+00,1.087105507399241111e-01,5.435527536996205330e+09,8.708675213238890542e-10,-2.010180951733651526e-10,-1.005090475866745692e+01,8.970404908624154960e-02,1.900650165368256150e-02,1.522588642180627906e-10
3.700000000000000178e+00,1.087042776035012925e-01,5.435213880175065041e+09,8.708172679608964297e-10,-2.010088090503674830e-10,-1.005044045251270290e+01,8.970044849915287388e-02,1.900382910434841865e-02,1.522374547375808994e-10
3.705000000000000071e+00,1.086980047568667646e-01,5.434900237843338013e+09,8.707670169193638605e-10,-2.009995234823881520e-10,-1.004997617409389932e+01,8.969684788012621812e-02,1.900115687674054643e-02,1.522160478344106022e-10
3.709999999999999964e+00,1.086917322000035407e-01,5.434586610000177383e+09,8.707167681991554821e-10,-2.009902384594745227e-10,-1.004951192297448870e+01,8.969324722633760516e-02,1.899848497366593558e-02,1.521946435310383388e-10
3.714999999999999858e+00,1.086854599328945375e-01,5.434272996644726753e+09,8.706665218001340860e-10,-2.009809539727327489e-10,-1.004904769864515401e+01,8.968964654047234530e-02,1.899581339242219225e-02,1.521732418058155258e-10
3.720000000000000195e+00,1.086791879555233931e-01,5.433959397776169777e+09,8.706162777221689776e-10,-2.009716700107278860e-10,-1.004858350053837057e+01,8.968604582117668811e-02,1.899314213434670495e-02,1.521518426694558841e-10
3.725000000000000089e+00,1.086729162678737176e-01,5.433645813393686295e+09,8.705660359651287386e-10,-2.009623865643543297e-10,-1.004811932820302900e+01,8.968244507162521917e-02,1.899047119624849844e-02,1.521304460963968445e-10
3.729999999999999982e+00,1.086666448699297322e-01,5.433332243496486664e+09,8.705157965288869138e-10,-2.009531036226006517e-10,-1.004765518114436418e+01,8.967884429155568993e-02,1.898780057837404223e-02,1.521090520886128612e-10
3.734999999999999876e+00,1.086603737616756854e-01,5.433018688083784103e+09,8.704655594133172547e-10,-2.009438211784788302e-10,-1.004719105892581865e+01,8.967524347921608519e-02,1.898513028245960022e-02,1.520876606600129504e-10
3.740000000000000213e+00,1.086541029430963118e-01,5.432705147154815674e+09,8.704153246182976487e-10,-2.009345392226715029e-10,-1.004672696112538688e+01,8.967164263401347646e-02,1.898246030908283533e-02,1.520662718152246706e-10
3.745000000000000107e+00,1.086478324141763874e-01,5.432391620708819389e+09,8.703650921437060868e-10,-2.009252577469200984e-10,-1.004626288733561523e+01,8.966804175636004792e-02,1.897979065781633945e-02,1.520448855508241145e-10
3.750000000000000000e+00,1.086415621749011601e-01,5.432078108745058060e+09,8.703148619894242822e-10,-2.009159767425425290e-10,-1.004579883713449817e+01,8.966444084669170089e-02,1.897712132820945918e-02,1.520235018632012073e-10
3.754999999999999893e+00,1.086352922252559472e-01,5.431764611262797356e+09,8.702646341553346716e-10,-2.009066962006449489e-10,-1.004533481002727058e+01,8.966083990626325106e-02,1.897445231899269613e-02,1.520021207421860478e-10
3.760000000000000231e+00,1.086290225652266073e-01,5.431451128261330605e+09,8.702144086413240350e-10,-2.008974161138158196e-10,-1.004487080569379032e+01,8.965723893537012879e-02,1.897178362985647848e-02,1.519807421852987744e-10
3.765000000000000124e+00,1.086227531947988600e-01,5.431137659739942551e+09,8.701641854472778076e-10,-2.008881364752788777e-10,-1.004440682375570759e+01,8.965363792794918407e-02,1.896911526684967597e-02,1.519593662409961185e-10
3.770000000000000018e+00,1.086164841139589804e-01,5.430824205697949409e+09,8.701139645730863881e-10,-2.008788572740226948e-10,-1.004394286368915346e+01,8.965003689120906727e-02,1.896644722274991313e-02,1.519379928514205185e-10
3.774999999999999911e+00,1.086102153226934236e-01,5.430510766134671211e+09,8.700637460186407954e-10,-2.008695785013651832e-10,-1.004347892507212237e+01,8.964643582237530328e-02,1.896377950031812032e-02,1.519166220386894140e-10
3.780000000000000249e+00,1.086039468209890058e-01,5.430197341049449921e+09,8.700135297838356674e-10,-2.008603001537064529e-10,-1.004301500768633559e+01,8.964283472408471343e-02,1.896111209690429233e-02,1.518952537815739900e-10
3.785000000000000142e+00,1.085976786088323487e-01,5.429883930441617012e+09,8.699633158685639877e-10,-2.008510222234232074e-10,-1.004255111113889143e+01,8.963923359557109116e-02,1.895844501326125753e-02,1.518738880861050396e-10
3.790000000000000036e+00,1.085914106862107958e-01,5.429570534310540199e+09,8.699131042727242197e-10,-2.008417447033156666e-10,-1.004208723516785540e+01,8.963563243524681756e-02,1.895577825096397828e-02,1.518525249648993675e-10
3.794999999999999929e+00,1.085851430531113854e-01,5.429257152655569077e+09,8.698628949962123455e-10,-2.008324675870310833e-10,-1.004162337935122196e+01,8.963203122905895326e-02,1.895311182405243211e-02,1.518311645304296265e-10
3.800000000000000266e+00,1.085788757095218909e-01,5.428943785476094246e+09,8.698126880389306545e-10,-2.008231908656756118e-10,-1.004115954329608940e+01,8.962843000260720117e-02,1.895044570691468977e-02,1.518098065775216272e-10
3.805000000000000160e+00,1.085726086554298642e-01,5.428630432771492958e+09,8.697624834007793679e-10,-2.008139145358611201e-10,-1.004069572679873090e+01,8.962482874272693911e-02,1.894777991270292505e-02,1.517884512115359232e-10
3.810000000000000053e+00,1.085663418908233424e-01,5.428317094541167259e+09,8.697122810816626363e-10,-2.008046385901760699e-10,-1.004023192950990051e+01,8.962122745608130936e-02,1.894511443474203305e-02,1.517670983789990104e-10
3.814999999999999947e+00,1.085600754156903214e-01,5.428003770784516335e+09,8.696620810814842998e-10,-2.007953630212089231e-10,-1.003976815108035225e+01,8.961762613781629194e-02,1.894244927787402943e-02,1.517457481186996882e-10
3.820000000000000284e+00,1.085538092300192686e-01,5.427690461500963211e+09,8.696118834001519210e-10,-2.007860878236657237e-10,-1.003930439117539208e+01,8.961402478595890952e-02,1.893978444406035910e-02,1.517244004463509245e-10
3.825000000000000178e+00,1.085475433337985685e-01,5.427377166689928055e+09,8.695616880375725455e-10,-2.007768129926760321e-10,-1.003884064962039702e+01,8.961042338645003325e-02,1.893711994734853521e-02,1.517030554744856526e-10
3.830000000000000071e+00,1.085412777270169243e-01,5.427063886350846291e+09,8.695114949936557004e-10,-2.007675385227341344e-10,-1.003837692615343258e+01,8.960682196966808510e-02,1.893445575734883923e-02,1.516817129596554160e-10
3.834999999999999964e+00,1.085350124096630953e-01,5.426750620483154297e+09,8.694613042683111197e-10,-2.007582644066402503e-10,-1.003791322032338940e+01,8.960322051812347199e-02,1.893179189153962327e-02,1.516603730418772319e-10
3.839999999999999858e+00,1.085287473817262566e-01,5.426437369086313248e+09,8.694111158614524663e-10,-2.007489906384651493e-10,-1.003744953192654066e+01,8.959961904049981718e-02,1.892912834122643939e-02,1.516390356515008901e-10
3.845000000000000195e+00,1.085224826431955003e-01,5.426124132159774780e+09,8.693609297729918524e-10,-2.007397172154559744e-10,-1.003698586080281530e+01,8.959601752682271048e-02,1.892646511637278983e-02,1.516177008683428575e-10
3.850000000000000089e+00,1.085162181940601961e-01,5.425810909703009605e+09,8.693107460028444918e-10,-2.007304441321070113e-10,-1.003652220660296734e+01,8.959241597917168287e-02,1.892380221488851322e-02,1.515963686756591113e-10
3.854999999999999982e+00,1.085099540343097829e-01,5.425497701715489388e+09,8.692605645509258055e-10,-2.007211713827007876e-10,-1.003605856912326999e+01,8.958881439978542971e-02,1.892113963452435321e-02,1.515750390554310730e-10
3.859999999999999876e+00,1.085036901639339912e-01,5.425184508196699142e+09,8.692103854171531787e-10,-2.007118989625786222e-10,-1.003559494813089259e+01,8.958521279028250350e-02,1.891847737365148774e-02,1.515537119946104853e-10
3.865000000000000213e+00,1.084974265829225237e-01,5.424871329146125793e+09,8.691602086014445137e-10,-2.007026268662348009e-10,-1.003513134330569301e+01,8.958161114476444198e-02,1.891581543815808175e-02,1.515323875403667282e-10
3.870000000000000107e+00,1.084911632912654439e-01,5.424558164563272476e+09,8.691100341037200910e-10,-2.006933550892224007e-10,-1.003466775448760018e+01,8.957800947342392517e-02,1.891315381784151872e-02,1.515110656109678430e-10
3.875000000000000000e+00,1.084849002889527736e-01,5.424245014447638512e+09,8.690598619238997776e-10,-2.006840836281532898e-10,-1.003420418138557579e+01,8.957440777086343731e-02,1.891049251808933629e-02,1.514897462495727796e-10
3.879999999999999893e+00,1.084786375759748123e-01,5.423931878798740387e+09,8.690096920619061285e-10,-2.006748124760394464e-10,-1.003374062378134113e+01,8.957080603501155203e-02,1.890783154096326024e-02,1.514684294726977499e-10
3.885000000000000231e+00,1.084723751523219287e-01,5.423618757616096497e+09,8.689595245176619059e-10,-2.006655416299162552e-10,-1.003327708150027320e+01,8.956720426577008398e-02,1.890517088655184474e-02,1.514471152810521388e-10
3.890000000000000124e+00,1.084661130179846444e-01,5.423305650899231911e+09,8.689093592910910091e-10,-2.006562710887249251e-10,-1.003281355444050860e+01,8.956360246599159858e-02,1.890251055199304586e-02,1.514258036517084900e-10
3.895000000000000018e+00,1.084598511729534670e-01,5.422992558647673607e+09,8.688591963821176477e-10,-2.006470008446304012e-10,-1.003235004220914561e+01,8.956000063301244873e-02,1.889985053994101827e-02,1.514044946059289126e-10
3.899999999999999911e+00,1.084535896172193065e-01,5.422679480860965729e+09,8.688090357906689264e-10,-2.006377308927622440e-10,-1.003188654466066509e+01,8.955639877219344347e-02,1.889719084502586299e-02,1.513831881006957496e-10
3.905000000000000249e+00,1.084473283507729896e-01,5.422366417538649559e+09,8.687588775166711226e-10,-2.006284612322734208e-10,-1.003142306160589214e+01,8.955279687946592071e-02,1.889453147130706889e-02,1.513618841685291156e-10
3.910000000000000142e+00,1.084410673736055514e-01,5.422053368680277824e+09,8.687087215600527888e-10,-2.006191918572347007e-10,-1.003095959285565186e+01,8.954919495452140499e-02,1.889187241908414638e-02,1.513405828118283513e-10
3.915000000000000036e+00,1.084348066857081100e-01,5.421740334285405159e+09,8.686585679207424772e-10,-2.006099227667990510e-10,-1.003049613833718468e+01,8.954559299792978766e-02,1.888921368777832233e-02,1.513192840259569802e-10
3.919999999999999929e+00,1.084285462870717975e-01,5.421427314353590012e+09,8.686084165986694637e-10,-2.006006539544019662e-10,-1.003003269771579653e+01,8.954199100935131272e-02,1.888655527772048481e-02,1.512979878135657026e-10
3.925000000000000266e+00,1.084222861776881347e-01,5.421114308884407043e+09,8.685582675937655061e-10,-2.005913854172905892e-10,-1.002956927088962402e+01,8.953838898979944727e-02,1.888389718788868743e-02,1.512766941664678086e-10
3.930000000000000160e+00,1.084160263575483923e-01,5.420801317877419472e+09,8.685081209059607076e-10,-2.005821171533473377e-10,-1.002910585768404417e+01,8.953478694083936984e-02,1.888123941670902251e-02,1.512554030720549200e-10
3.935000000000000053e+00,1.084097668266442577e-01,5.420488341332212448e+09,8.684579765351886869e-10,-2.005728491583370470e-10,-1.002864245790988207e+01,8.953118485818908900e-02,1.887858196845516867e-02,1.512341145645629827e-10
3.939999999999999947e+00,1.084035075849672652e-01,5.420175379248363495e+09,8.684078344813816152e-10,-2.005635814271775194e-10,-1.002817907136341091e+01,8.952758274496779023e-02,1.887592483999947501e-02,1.512128286189367217e-10
3.945000000000000284e+00,1.083972486325094076e-01,5.419862431625470161e+09,8.683576947444750758e-10,-2.005543139592334801e-10,-1.002771569795731921e+01,8.952398060054454765e-02,1.887326803196485991e-02,1.511915452401663109e-10
3.950000000000000178e+00,1.083909899692622886e-01,5.419549498463114738e+09,8.683075573244020671e-10,-2.005450467511167974e-10,-1.002725233756063972e+01,8.952037842611014484e-02,1.887061154315214373e-02,1.511702644186452365e-10
3.955000000000000071e+00,1.083847315952180534e-01,5.419236579760902405e+09,8.682574222210994132e-10,-2.005357797975335153e-10,-1.002678898989688605e+01,8.951677622124623590e-02,1.886795537397181755e-02,1.511489861576618775e-10
3.959999999999999964e+00,1.083784735103686808e-01,5.418923675518433571e+09,8.682072894345031109e-10,-2.005265130984836339e-10,-1.002632565492240246e+01,8.951317398748516452e-02,1.886529952288351630e-02,1.511277104448765603e-10
3.965000000000000302e+00,1.083722157147063159e-01,5.418610785735315323e+09,8.681571589645501912e-10,-2.005172466505790213e-10,-1.002586233252077363e+01,8.950957171141377122e-02,1.886264400329254465e-02,1.511064373876776461e-10
3.970000000000000195e+00,1.083659582082231176e-01,5.418297910411155701e+09,8.681070308111778917e-10,-2.005079804502197876e-10,-1.002539902250282466e+01,8.950596941204649881e-02,1.885998879617661883e-02,1.510851668336798286e-10
3.975000000000000089e+00,1.083597009909114950e-01,5.417985049545575142e+09,8.680569049743252079e-10,-2.004987144929590097e-10,-1.002493572463572491e+01,8.950236708100393901e-02,1.885733390990755598e-02,1.510638988499487147e-10
3.979999999999999982e+00,1.083534440627638706e-01,5.417672203138193130e+09,8.680067814539313419e-10,-2.004894487781614130e-10,-1.002447243891947437e+01,8.949876472308795905e-02,1.885467933967591159e-02,1.510426333979564545e-10
3.984999999999999876e+00,1.083471874237726812e-01,5.417359371188633919e+09,8.679566602499361164e-10,-2.004801833051917228e-10,-1.002400916523765773e+01,8.949516233184134917e-02,1.885202509193133202e-02,1.510213705293704033e-10
3.990000000000000213e+00,1.083409310739303910e-01,5.417046553696519852e+09,8.679065413622789404e-10,-2.004709180687559830e-10,-1.002354590343020391e+01,8.949155991276946942e-02,1.884937116116092160e-02,1.510001102000273884e-10
3.995000000000000107e+00,1.083346750132297698e-01,5.416733750661488533e+09,8.678564247909018079e-10,-2.004616530637719961e-10,-1.002308265317697078e+01,8.948795744618939785e-02,1.884671756704037193e-02,1.509788525675470632e-10
4.000000000000000000e+00,1.083284192416636010e-01,5.416420962083180428e+09,8.678063105357471264e-10,-2.004570206189900934e-10,-1.002285103093614183e+01,8.948435496152339075e-02,1.884406428014021029e-02,1.509575973961733629e-10
