t_ps,E_per_molecule_eV,E_total_eV,E_total_J,P_inst_per_mol_W,P_inst_total_W,E_passive_per_molecule_eV,Ergotropy_per_molecule_eV,Ergotropy_total_J
0.000000000000000000e+00,0.000000000000000000e+00,0.000000000000000000e+00,0.000000000000000000e+00,1.334056352760600391e-30,6.670281763803001732e-20,0.000000000000000000e+00,0.000000000000000000e+00,0.000000000000000000e+00
5.000000000000000104e-03,4.163262415798657843e-26,2.081631207899328928e-15,3.335140881901500839e-34,1.783837196471521713e-25,8.919185982357608257e-15,2.010013449665650960e-28,4.143162281302001100e-26,3.319038898986100464e-34
1.000000000000000021e-02,1.113383604913764953e-20,5.566918024568824697e-10,8.919185982357608412e-29,9.780635647585177643e-23,4.890317823792589808e-12,1.449825885975188195e-22,1.098885346054013141e-20,8.803042124463719104e-29
1.499999999999999944e-02,6.104592656472353643e-18,3.052296328236177034e-07,4.890317857143996708e-26,3.076521447300705913e-21,1.538260723650352771e-10,1.832959177132619425e-19,5.921296738759091749e-18,4.743481638910109845e-26
2.000000000000000042e-02,1.920324991470543324e-16,9.601624957352715856e-06,1.538349915510176679e-24,2.767368639989968153e-19,1.383684319994984116e-08,4.066792833666778078e-17,1.513645708103865516e-16,1.212563892839198790e-24
2.500000000000000139e-02,1.727866107153200221e-14,8.639330535766000761e-04,1.384173351780698740e-22,7.559605486380834762e-18,3.779802743190416714e-07,4.277989061593852432e-16,1.685086216537261751e-14,1.349902881205732403e-22
2.999999999999999889e-02,4.720254949250402341e-13,2.360127474625201005e-02,3.781341093105924507e-21,1.456476950074314208e-16,7.282384750371570369e-06,4.662996902866654745e-14,4.253955258963737119e-13,3.407793858996558757e-21
3.500000000000000333e-02,9.107892761703311431e-12,4.553946380851655595e-01,7.296226483889386952e-20,2.775208981118952427e-15,1.387604490559475980e-04,1.091721616904507792e-12,8.016171144798803034e-12,6.421661051170835377e-20
4.000000000000000083e-02,1.736869458867143626e-10,8.684347294335717393e+00,1.391385831652580642e-18,3.219011012609397450e-14,1.609505506304699128e-03,2.107072379372988925e-11,1.526162220929844734e-10,1.222590725033671544e-18
4.499999999999999833e-02,2.018256537360770976e-09,1.009128268680385503e+02,1.616801732788587675e-17,4.069199636418322369e-13,2.034599818209161318e-02,1.623605828273243695e-10,1.855895954533446606e-09,1.486736566744307247e-17
5.000000000000000278e-02,2.557163340238414088e-08,1.278581670119207047e+03,2.048513676525689442e-16,4.169845693492756712e-12,2.084922846746378455e-01,1.534263107265144473e-09,2.403737029511899517e-08,1.925605651482266821e-16
5.500000000000000028e-02,2.622795538877223022e-07,1.311397769438611431e+04,2.101090864074262490e-15,3.532461818037533783e-11,1.766230909018766670e+00,1.289964622845181296e-08,2.493799076592704727e-07,1.997753305203803760e-15
5.999999999999999778e-02,2.230360882649125861e-06,1.115180441324562998e+05,1.786716045784022874e-14,2.440880163436175206e-10,1.220440081718087555e+01,9.921777134829677013e-08,2.131143111300829276e-06,1.707233848318125074e-14
6.500000000000000222e-02,1.549705524364589798e-05,7.748527621822948568e+05,1.241450990358831608e-13,1.371182517338600633e-09,6.855912586693003163e+01,6.579548418971187169e-07,1.483910040174877884e-05,1.188742996663095255e-13
7.000000000000000666e-02,8.781284212975748080e-05,4.390642106487873942e+06,7.034584191271410545e-13,6.272030088032438096e-09,3.136015044016219804e+02,3.879800464503304955e-06,8.393304166525417077e-05,6.723777908830934228e-13
7.499999999999999722e-02,4.069663823410991357e-04,2.034831911705495790e+07,3.260160143052096243e-12,2.333680012456560645e-08,1.166840006228280345e+03,1.972666069665313281e-05,3.872397216444460198e-04,3.102132168876977142e-12
8.000000000000000167e-02,1.544381339593291907e-03,7.721906697966459394e+07,1.237185848140995594e-11,7.079020590205888404e-08,3.539510295102944383e+03,8.344378943723782340e-05,1.460937550156054003e-03,1.170340003296616249e-11
8.500000000000000611e-02,4.825343507547566642e-03,2.412671753773783445e+08,3.865526309408156916e-11,1.754810598287939560e-07,8.774052991439699326e+03,2.943710077531633230e-04,4.530972499794403210e-03,3.629709134233581251e-11
8.999999999999999667e-02,1.249704761276737228e-02,6.248523806383686066e+08,1.001123883958068143e-10,3.564805055561284865e-07,1.782402527780642777e+04,8.722845114181641910e-04,1.162476310134920830e-02,9.312461908383537032e-11
9.500000000000000111e-02,2.707510661051693718e-02,1.353755330525846958e+09,2.168955158721458900e-10,5.952348753698524027e-07,2.976174376849262262e+04,2.192086146589307307e-03,2.488302046392763117e-02,1.993349698532434361e-10
1.000000000000000056e-01,4.964868637333195306e-02,2.482434318666597843e+09,3.977298260807332631e-10,8.195780487749417057e-07,4.097890243874708540e+04,4.726638448451393228e-03,4.492204792488056070e-02,3.598652776833590824e-10
1.049999999999999961e-01,7.822914489709334451e-02,3.911457244854667187e+09,6.266845402596164366e-10,9.337638456518594994e-07,4.668819228259296506e+04,8.866106634509552872e-03,6.936303826258378991e-02,5.556591958377984622e-10
1.100000000000000006e-01,1.079296415337265141e-01,5.396482076686326027e+09,8.646117489066626671e-10,8.831488918527695482e-07,4.415744459263847239e+04,1.469945682912994489e-02,9.323018470459656926e-02,7.468561175860441201e-10
1.150000000000000050e-01,1.333509631230837267e-01,6.667548156154186249e+09,1.068258986186001964e-09,6.943678105521792828e-07,3.471839052760894992e+04,2.191600939991619063e-02,1.114349537231675291e-01,8.926923953306515574e-10
1.199999999999999956e-01,1.512686714394753107e-01,7.563433571973765373e+09,1.211795654182752248e-09,4.508906299218585555e-07,2.254453149609293905e+04,2.991685874106217446e-02,1.213518126984131362e-01,9.721351939947101486e-10
1.250000000000000000e-01,1.614933427055497139e-01,8.074667135277485847e+09,1.293704301146930499e-09,2.332394732519157348e-07,1.166197366259581759e+04,3.805135753039829566e-02,1.234419851751514252e-01,9.888793215110100719e-10
1.300000000000000044e-01,1.658263343277181501e-01,8.291316716385907173e+09,1.328415390808710484e-09,8.059088677199376265e-08,4.029544338599662296e+03,4.581112215146811856e-02,1.200152121762500246e-01,9.614278433667003170e-10
1.350000000000000089e-01,1.665234302166120894e-01,8.326171510830604553e+09,1.333999744532927242e-09,-7.176396445254771563e-09,-3.588198222627397627e+02,5.289982473770850346e-02,1.136236054789035860e-01,9.102254288456684007e-10
1.400000000000000133e-01,1.653784188923682896e-01,8.268920944618414879e+09,1.324827192586083155e-09,-4.855186434604443806e-08,-2.427593217302230187e+03,5.920309446404683346e-02,1.061753244283214492e-01,8.505581195321302133e-10
1.449999999999999900e-01,1.634930611976338766e-01,8.174653059881693840e+09,1.309723812359905256e-09,-6.360092214066112001e-08,-3.180046107033049338e+03,6.472812211025975870e-02,9.876493908737411787e-02,7.911943883211203640e-10
1.499999999999999944e-01,1.614087615655181995e-01,8.070438078275910378e+09,1.293026731515752578e-09,-6.667645654225553151e-08,-3.333822827112773666e+03,6.954121560284230730e-02,9.186754596267589223e-02,7.359401778216017826e-10
1.549999999999999989e-01,1.593314441120201042e-01,7.966572205601005554e+09,1.276385584088777478e-09,-6.539196971336461102e-08,-3.269598485668233479e+03,7.372475739926892535e-02,8.560668671275117880e-02,6.857851658266410178e-10
1.600000000000000033e-01,1.573273158418899142e-01,7.866365792094495773e+09,1.260330746659070198e-09,-6.261348253058020172e-08,-3.130674126529018395e+03,7.735803725618038695e-02,7.996927858570952730e-02,6.406245479393018182e-10
1.650000000000000078e-01,1.554234179180380426e-01,7.771170895901902199e+09,1.245078842823487351e-09,-5.931291394891507454e-08,-2.965645697445754195e+03,8.051229352934698158e-02,7.491112438869106105e-02,6.001042656111417168e-10
1.700000000000000122e-01,1.536252949354412756e-01,7.681264746772064209e+09,1.230674289684612714e-09,-5.611512365956686699e-08,-2.805756182978351717e+03,8.325245854890328534e-02,7.037283638653799023e-02,5.637485706340807593e-10
1.750000000000000167e-01,1.519209873826812829e-01,7.596049369134063721e+09,1.217021280993703770e-09,-5.332850513220187657e-08,-2.666425256610091310e+03,8.563432880779757450e-02,6.628665857488370838e-02,5.310146775730720099e-10
1.799999999999999933e-01,1.502967914483406275e-01,7.514839572417031288e+09,1.204010037118511822e-09,-5.079808495843751598e-08,-2.539904247921862407e+03,8.770462335868496606e-02,6.259216808965566148e-02,5.014185459232334899e-10
1.849999999999999978e-01,1.487504203003481296e-01,7.437521015017406464e+09,1.191622238514485070e-09,-4.831954755059163507e-08,-2.415977377529576188e+03,8.950348812500814877e-02,5.924693217533998080e-02,4.746202518375625381e-10
1.900000000000000022e-01,1.472809225032320757e-01,7.364046125161603928e+09,1.179850263343216021e-09,-4.598001408793958588e-08,-2.299000704396981746e+03,9.106787977223718134e-02,5.621304273099489435e-02,4.503161179482177670e-10
1.950000000000000067e-01,1.458805735486110311e-01,7.294028677430551529e+09,1.168632231470515302e-09,-4.391805336247617283e-08,-2.195902668123817421e+03,9.242916407879028795e-02,5.345140946982074315e-02,4.281929965345656204e-10
2.000000000000000111e-01,1.445397732172865879e-01,7.226988660864329338e+09,1.157891236661977739e-09,-4.206223277592007536e-08,-2.103111638796006446e+03,9.361366266335441333e-02,5.092611055393217456e-02,4.079631219500545617e-10
2.050000000000000155e-01,1.432552554729811800e-01,7.162762773649059296e+09,1.147601115082555263e-09,-4.026552403929104453e-08,-2.013276201964559732e+03,9.464330193137394931e-02,4.861195354160723070e-02,3.894246804872832049e-10
2.099999999999999922e-01,1.420265968804950707e-01,7.101329844024753571e+09,1.137758474642332416e-09,-3.854437606536782713e-08,-1.927218803268377087e+03,9.553818973703688544e-02,4.648840714345818526e-02,3.724131983856369340e-10
2.149999999999999967e-01,1.408495047431669589e-01,7.042475237158348083e+09,1.128328927049871265e-09,-3.698998486076960867e-08,-1.849499243038459099e+03,9.631623195201005627e-02,4.453327279115690263e-02,3.567508455076977389e-10
2.200000000000000011e-01,1.397178636187685064e-01,6.985893180938425064e+09,1.119263482211947869e-09,-3.558368873247411284e-08,-1.779184436623705551e+03,9.684553003812111649e-02,4.287233358064738986e-02,3.434452555398339859e-10
2.250000000000000056e-01,1.386285455819017132e-01,6.931427279095086098e+09,1.110537082683634255e-09,-3.423426921826401605e-08,-1.711713460913204472e+03,9.707070162013467507e-02,4.155784396176703810e-02,3.329150327748056563e-10
2.300000000000000100e-01,1.375811285989352317e-01,6.879056429946761131e+09,1.102146347602815736e-09,-3.292888447561227486e-08,-1.646444223780592438e+03,9.721875863243953364e-02,4.036236996649569808e-02,3.233382302659138202e-10
2.350000000000000144e-01,1.365732862692377036e-01,6.828664313461885452e+09,1.094072640445828327e-09,-3.172299185834773845e-08,-1.586149592917354312e+03,9.730129745122810536e-02,3.927198881800959829e-02,3.146033142746212926e-10
2.399999999999999911e-01,1.356011351834060241e-01,6.780056759170301437e+09,1.086284851673642176e-09,-3.061963450124703418e-08,-1.530981725062345504e+03,9.732817478142895273e-02,3.827296040197707139e-02,3.066002143502745294e-10
2.449999999999999956e-01,1.346621590032756610e-01,6.733107950163783073e+09,1.078762823195204996e-09,-2.956628714467354207e-08,-1.478314357233670307e+03,9.730746470390878866e-02,3.735469429936687236e-02,2.992440918832930379e-10
2.500000000000000000e-01,1.337557526882900971e-01,6.687787634414505005e+09,1.071501708101305378e-09,-2.854270108165103155e-08,-1.427135054082566057e+03,9.724620383974665050e-02,3.650954884854344662e-02,2.924737304150895651e-10
2.550000000000000044e-01,1.328806637251681855e-01,6.644033186258409500e+09,1.064491472654379205e-09,-2.757925845933823267e-08,-1.378962922966878978e+03,9.715081081161394683e-02,3.572985291355423865e-02,2.862276773717670980e-10
2.600000000000000089e-01,1.320343907688815432e-01,6.601719538444077492e+09,1.057712078871636538e-09,-2.668619829936876877e-08,-1.334309914968442172e+03,9.702693177366497612e-02,3.500745899521656712e-02,2.804406640892454842e-10
2.650000000000000133e-01,1.312150422366844815e-01,6.560752111834223747e+09,1.051148373504694785e-09,-2.583466863915476268e-08,-1.291733431957734865e+03,9.687919226392933958e-02,3.433584997275514195e-02,2.750604826743891203e-10
2.700000000000000178e-01,1.304219175814118337e-01,6.521095879070591927e+09,1.044794744552059169e-09,-2.500634478694136893e-08,-1.250317239347074064e+03,9.671150104532949543e-02,3.371041653608233823e-02,2.700502084825916752e-10
2.750000000000000222e-01,1.296542689576165586e-01,6.482713447880827904e+09,1.038645201111223936e-09,-2.421584801606272363e-08,-1.210792400803140481e+03,9.652744857859685279e-02,3.312682037901970578e-02,2.653750878499019519e-10
2.800000000000000266e-01,1.289104832300316528e-01,6.445524161501583099e+09,1.032686820544027774e-09,-2.347397619668137585e-08,-1.173698809834051644e+03,9.633026963655415276e-02,3.258021359347750001e-02,2.609962847509941025e-10
2.850000000000000311e-01,1.281891386031639435e-01,6.409456930158197403e+09,1.026908213012883384e-09,-2.276575095082251468e-08,-1.138287547541112872e+03,9.612260854588841608e-02,3.206653005727552741e-02,2.568812259561276514e-10
2.899999999999999800e-01,1.274895568185669403e-01,6.374477840928346634e+09,1.021303945068616571e-09,-2.207709631245488729e-08,-1.103854815622747992e+03,9.590663389691329865e-02,3.158292292165364168e-02,2.530071056924823825e-10
2.949999999999999845e-01,1.268111946334446460e-01,6.340559731672232628e+09,1.015869664856655995e-09,-2.141391400602938046e-08,-1.070695700301483157e+03,9.568428180507877745e-02,3.112691282836586859e-02,2.493540621108132017e-10
2.999999999999999889e-01,1.261530054326833739e-01,6.307650271634168625e+09,1.010596988065601780e-09,-2.078483902174464151e-08,-1.039241951087271445e+03,9.545734109370604403e-02,3.069566433897732982e-02,2.458993808450826907e-10
3.049999999999999933e-01,1.255139070197903717e-01,6.275695350989518166e+09,1.005477245345783371e-09,-2.018290173666153768e-08,-1.009145086833086680e+03,9.522731151413640904e-02,3.028659550565396263e-02,2.426223782128409654e-10
3.099999999999999978e-01,1.248932877893001309e-01,6.244664389465006828e+09,1.000505537197270834e-09,-1.959801543966292273e-08,-9.799007719831133727e+02,9.499535941869820255e-02,2.989792837060192832e-02,2.395088112019205266e-10
3.150000000000000022e-01,1.242906951077095978e-01,6.214534755385479927e+09,9.956782376259521814e-10,-1.903174237318524495e-08,-9.515871186592557933e+02,9.476253631547811029e-02,2.952815879223148754e-02,2.365466303097747512e-10
3.200000000000000067e-01,1.237054198620497758e-01,6.185270993102488518e+09,9.909896660106781866e-10,-1.848999857600299248e-08,-9.244999288001272362e+02,9.452980418104656168e-02,2.917561568100321412e-02,2.337224486333366905e-10
3.250000000000000111e-01,1.231366401687207235e-01,6.156832008436036110e+09,9.864332383379507861e-10,-1.797017158041109574e-08,-8.985085790205193916e+02,9.429793467671095109e-02,2.883870549200977240e-02,2.310235004705276537e-10
3.300000000000000155e-01,1.225838099721622831e-01,6.129190498608114243e+09,9.820045802204730523e-10,-1.746543533356741874e-08,-8.732717666784010362e+02,9.406756944389298158e-02,2.851624052826930156e-02,2.284402713195844315e-10
3.350000000000000200e-01,1.220465334374820077e-01,6.102326671874100685e+09,9.777005206711667855e-10,-1.697535190303628503e-08,-8.487675951518467627e+02,9.383923958106610286e-02,2.820729385641590481e-02,2.259653356256065698e-10
3.400000000000000244e-01,1.215242918427126145e-01,6.076214592135630608e+09,9.735169042689546600e-10,-1.650355434772496824e-08,-8.251777173862647032e+02,9.361343089216883628e-02,2.791086095054377825e-02,2.235906462489213663e-10
3.450000000000000289e-01,1.210164625952601658e-01,6.050823129763008118e+09,9.694487434973040880e-10,-1.604949103307959591e-08,-8.024745516539987875e+02,9.339054996357863681e-02,2.762591263168152900e-02,2.213079585570279547e-10
3.500000000000000333e-01,1.205225614034781817e-01,6.026128070173909187e+09,9.654921587524148173e-10,-1.560886576901208503e-08,-7.804432884506095434e+02,9.317086401370383575e-02,2.735169738977434595e-02,2.191112522906762357e-10
3.549999999999999822e-01,1.200422338218668922e-01,6.002111691093344688e+09,9.616443106127981133e-10,-1.518045935777298408e-08,-7.590229678886535112e+02,9.295329969480614629e-02,2.708893412706074588e-02,2.170062864917095765e-10
3.599999999999999867e-01,1.195750716551179649e-01,5.978753582755898476e+09,9.579019290735284378e-10,-1.476627803980008364e-08,-7.383139019900263520e+02,9.273912674743615969e-02,2.683594490768180518e-02,2.149796194119953568e-10
3.649999999999999911e-01,1.191205952380526290e-01,5.956029761902631760e+09,9.542611715928979954e-10,-1.436652537675923221e-08,-7.183262688379472820e+02,9.252885793288742611e-02,2.659173730516520284e-02,2.130233008390090854e-10
3.699999999999999956e-01,1.186783836700428391e-01,5.933919183502141953e+09,9.507186663851490384e-10,-1.397869956599558357e-08,-6.989349782998033334e+02,9.232260883459397771e-02,2.635577483544886135e-02,2.111330330616067948e-10
3.750000000000000000e-01,1.182481134361493963e-01,5.912405671807469368e+09,9.472718218098999439e-10,-1.360147163410845700e-08,-6.800735817054082872e+02,9.212045096377542708e-02,2.612766247237396922e-02,2.093056515713811884e-10
3.800000000000000044e-01,1.178294465837397692e-01,5.891472329186988831e+09,9.439179305680948910e-10,-1.323578656379163280e-08,-6.617893281895812834e+02,9.192245022698157519e-02,2.590699635675819401e-02,2.075379210996055190e-10
3.850000000000000089e-01,1.174220006166940972e-01,5.871100030834704399e+09,9.406539285280041672e-10,-1.288198311991666492e-08,-6.440991559958347352e+02,9.172865546189135078e-02,2.569334515480274639e-02,2.058263862816103529e-10
3.900000000000000133e-01,1.170254164383396633e-01,5.851270821916983604e+09,9.374769390081365883e-10,-1.253867916615345774e-08,-6.269339583076653071e+02,9.153909691395460679e-02,2.548631952438505655e-02,2.041679281431386392e-10
3.950000000000000178e-01,1.166393978187210967e-01,5.831969890936055183e+09,9.343845889449276219e-10,-1.220476687806018163e-08,-6.102383439030236332e+02,9.135375935173327411e-02,2.528563846698782258e-02,2.025602956378973563e-10
4.000000000000000222e-01,1.162636548061287550e-01,5.813182740306437492e+09,9.313745555691064495e-10,-1.188056429601075678e-08,-5.940282148005644558e+02,9.117262563293083988e-02,2.509102917319791515e-02,2.010013033215501650e-10
4.050000000000000266e-01,1.158978713200884275e-01,5.794893566004421234e+09,9.284443067969219764e-10,-1.156631771879673594e-08,-5.783158859398536151e+02,9.099568268959569439e-02,2.490218863049273312e-02,1.994885237961795969e-10
4.100000000000000311e-01,1.155417420361290887e-01,5.777087101806454659e+09,9.255913967097079996e-10,-1.126125646167727950e-08,-5.630628230838774471e+02,9.082289838102183821e-02,2.471884365510725046e-02,1.980197686185599495e-10
4.150000000000000355e-01,1.151949989761345272e-01,5.759749948806726456e+09,9.228136785660832307e-10,-1.096457625901909168e-08,-5.482288129509397550e+02,9.065421226426992329e-02,2.454078671186460392e-02,1.965933752486357900e-10
4.199999999999999845e-01,1.148573870139462522e-01,5.742869350697312355e+09,9.201091085801984579e-10,-1.067628353341349612e-08,-5.338141766706685303e+02,9.048957346964184301e-02,2.436781354430440916e-02,1.952077074117662356e-10
4.249999999999999889e-01,1.145286377705813513e-01,5.726431888529067993e+09,9.174755367993765158e-10,-1.039649053870502670e-08,-5.198245269352628384e+02,9.032893073869756317e-02,2.419970703188378813e-02,1.938610257806484787e-10
4.299999999999999933e-01,1.142084891135475011e-01,5.710424455677374840e+09,9.149108633108458255e-10,-1.012472767658697757e-08,-5.062363838293531444e+02,9.017222787847617438e-02,2.403626123507132673e-02,1.925516805977562896e-10
4.349999999999999978e-01,1.138967019738827552e-01,5.694835098694137573e+09,9.124131729610830609e-10,-9.860437459563714936e-09,-4.930218729781772709e+02,9.001939251622689819e-02,2.387730945765585699e-02,1.912783364792171422e-10
4.400000000000000022e-01,1.135930490147273042e-01,5.679652450736365318e+09,9.099806445810640119e-10,-9.603511304758441736e-09,-4.801755652379360981e+02,8.987034748604447176e-02,2.372270152868283244e-02,1.900397904230585698e-10
4.450000000000000067e-01,1.132972979443293698e-01,5.664864897216468811e+09,9.076114173087037184e-10,-9.353959582971937124e-09,-4.676979791485937312e+02,8.972502225630976658e-02,2.357227568801960327e-02,1.888347465877564108e-10
4.500000000000000111e-01,1.130092207785347302e-01,5.650461038926736832e+09,9.053036647895781318e-10,-9.111456903050089265e-09,-4.555728451524773845e+02,8.958334865698440452e-02,2.342587212155032572e-02,1.876619247210996884e-10
4.550000000000000155e-01,1.127286055349099453e-01,5.636430276745497704e+09,9.030556888571789633e-10,-8.875602320343246694e-09,-4.437801160171657102e+02,8.944524931412328739e-02,2.328335622078665790e-02,1.865202464902146240e-10
4.600000000000000200e-01,1.124552492542974375e-01,5.622762462714871407e+09,9.008658636294062868e-10,-8.646263901282665842e-09,-4.323131950641400181e+02,8.931064207145415768e-02,2.314460718284327978e-02,1.854087441573003437e-10
4.650000000000000244e-01,1.121889481889095652e-01,5.609447409445478439e+09,8.987325569065375386e-10,-8.423398193155656079e-09,-4.211699096577649470e+02,8.917944957231661862e-02,2.300949861659294660e-02,1.843264052178027144e-10
4.700000000000000289e-01,1.119295020916936806e-01,5.596475104584684372e+09,8.966541645328287019e-10,-8.206756603140533937e-09,-4.103378301570191979e+02,8.905159866088505072e-02,2.287790343080862987e-02,1.832722115587501067e-10
4.750000000000000333e-01,1.116767227308056443e-01,5.583836136540282249e+09,8.946291786049673502e-10,-7.996028428307248889e-09,-3.998014214153663488e+02,8.892701280463684299e-02,2.274970992616880128e-02,1.822452683699275771e-10
4.799999999999999822e-01,1.114304292517444145e-01,5.571521462587221146e+09,8.926561503186750634e-10,-7.791083534642011610e-09,-3.895541767320974031e+02,8.880561157985590592e-02,2.262481767188850856e-02,1.812447711120502286e-10
4.849999999999999867e-01,1.111904415449921496e-01,5.559522077249607086e+09,8.907336368376462972e-10,-7.591859657156480636e-09,-3.795929828578373417e+02,8.868731670709306680e-02,2.250312483789908280e-02,1.802699040363347463e-10
4.899999999999999911e-01,1.109565826423226792e-01,5.547829132116133690e+09,8.888602204900967759e-10,-7.398159072850463784e-09,-3.699079536425124388e+02,8.857205548863152089e-02,2.238452715369115831e-02,1.793198318439124797e-10
4.949999999999999956e-01,1.107286847751171310e-01,5.536434238755856514e+09,8.870345573012210248e-10,-7.209727745914721824e-09,-3.604863872957357671e+02,8.845975558110985570e-02,2.226892919400727533e-02,1.783937900941945405e-10
5.000000000000000000e-01,1.105065868308174881e-01,5.525329341540874481e+09,8.852553566171394308e-10,-7.026437554412044934e-09,-3.513218777205765946e+02,8.835024895705106962e-02,2.215633787376641850e-02,1.774918341817889772e-10
5.050000000000000044e-01,1.102901290375472021e-01,5.514506451877360344e+09,8.835213385240151438e-10,-6.848222371651899293e-09,-3.424111185826041037e+02,8.824312730490710410e-02,2.204700173264009799e-02,1.766159551289674137e-10
5.100000000000000089e-01,1.100791544100515745e-01,5.503957720502578735e+09,8.818312454313133827e-10,-6.674923927283876642e-09,-3.337461963641835609e+02,8.813877799970638860e-02,2.194037641034518593e-02,1.757617921290992636e-10
5.150000000000000133e-01,1.098735130549124278e-01,5.493675652745621681e+09,8.801838765603732923e-10,-6.506331118618548649e-09,-3.253165559309272794e+02,8.803713106531652066e-02,2.183638198959590715e-02,1.749287049741449764e-10
5.200000000000000178e-01,1.096730611628685403e-01,5.483653058143426895e+09,8.785780798720041481e-10,-6.342317049349122145e-09,-3.171158524674683576e+02,8.793811433671877564e-02,2.173494682614976470e-02,1.741161197304480479e-10
5.250000000000000222e-01,1.094776567607462225e-01,5.473882838037311554e+09,8.770127180356986171e-10,-6.182813960100470117e-09,-3.091406980050378479e+02,8.784165931537130101e-02,2.163599744537492153e-02,1.733234478013169577e-10
5.300000000000000266e-01,1.092871602684918203e-01,5.464358013424591064e+09,8.754866728919538021e-10,-6.027694407452395688e-09,-3.013847203726036241e+02,8.774769937142114229e-02,2.153946089707067801e-02,1.725501047912166057e-10
5.350000000000000311e-01,1.091014376673243441e-01,5.455071883366217613e+09,8.739988708319726897e-10,-5.876783293923371434e-09,-2.938391646961681545e+02,8.765616985170596176e-02,2.144526781561838236e-02,1.717955350202799402e-10
5.400000000000000355e-01,1.089203603059152037e-01,5.446018015295760155e+09,8.725482812449920635e-10,-5.729958290299835564e-09,-2.864979145150136901e+02,8.756700638328786257e-02,2.135335392262734111e-02,1.710592235618288518e-10
5.450000000000000400e-01,1.087438018006724461e-01,5.437190090033622742e+09,8.711338916868226140e-10,-5.587149420031641299e-09,-2.793574710015527671e+02,8.748014541736293115e-02,2.126365638330951491e-02,1.703406670537172452e-10
5.500000000000000444e-01,1.085716378678602545e-01,5.428581893393013000e+09,8.697547065349764091e-10,-5.448251696423918924e-09,-2.724125848211988341e+02,8.739552583131597607e-02,2.117611203654427843e-02,1.696393595195869555e-10
5.550000000000000488e-01,1.084037486766406960e-01,5.420187433832035065e+09,8.684097658386106876e-10,-5.313119767876683575e-09,-2.656559883938462008e+02,8.731308879290773650e-02,2.109065988373295952e-02,1.689548123067905175e-10
5.600000000000000533e-01,1.082400190154112624e-01,5.412000950770563126e+09,8.670981466510379672e-10,-5.181639942270116177e-09,-2.590819971135060769e+02,8.723277608252728854e-02,2.100724293288397382e-02,1.682865688591416605e-10
5.650000000000000577e-01,1.080803361494380305e-01,5.404016807471901894e+09,8.658189458674757536e-10,-5.053741398464389232e-09,-2.526870699232385959e+02,8.715452967842736431e-02,2.092580647101066615e-02,1.676341908772964314e-10
5.700000000000000622e-01,1.079245892874263063e-01,5.396229464371315002e+09,8.645712759518055427e-10,-4.929334813532209797e-09,-2.464667406766238855e+02,8.707829420831804390e-02,2.084629507910826240e-02,1.669972344060821797e-10
5.750000000000000666e-01,1.077726712697408690e-01,5.388633563487043381e+09,8.633542784607095875e-10,-4.808298217364292751e-09,-2.404149108682177030e+02,8.700401666970163095e-02,2.076865460003923802e-02,1.663752655989974107e-10
5.799999999999999600e-01,1.076244789178623790e-01,5.381223945893118858e+09,8.621671268431234740e-10,-4.690528319202758668e-09,-2.345264159601356369e+02,8.693164466413971780e-02,2.069283425372266116e-02,1.657678776627463566e-10
5.849999999999999645e-01,1.074799115190576693e-01,5.373995575952883720e+09,8.610090143011082387e-10,-4.575956172752104845e-09,-2.287978086375951534e+02,8.686112628256827117e-02,2.061878523648939809e-02,1.651746796368373869e-10
5.899999999999999689e-01,1.073388701980967225e-01,5.366943509904835701e+09,8.598791487567475085e-10,-4.464504109141367858e-09,-2.232252054570562905e+02,8.679241104822500719e-02,2.054645914987171529e-02,1.645952838067998160e-10
5.949999999999999734e-01,1.072012590899559387e-01,5.360062954497797012e+09,8.587767622465374961e-10,-4.356068214227124045e-09,-2.178034107113489881e+02,8.672545117431744444e-02,2.047580791563849423e-02,1.640293050235411796e-10
5.999999999999999778e-01,1.070669858052160361e-01,5.353349290260802269e+09,8.577011146496340540e-10,-4.250555044965594254e-09,-2.125277522483083885e+02,8.666019971631029606e-02,2.040678608890574008e-02,1.634763792334051116e-10
6.049999999999999822e-01,1.069359603111094542e-01,5.346798015555472374e+09,8.566514847240545451e-10,-4.147899402676388710e-09,-2.073949701338278828e+02,8.659661016128110400e-02,2.033935014982835021e-02,1.629361578039968917e-10
6.099999999999999867e-01,1.068080942875984790e-01,5.340404714379923820e+09,8.556271649482956876e-10,-4.048033509298198308e-09,-2.024016754649201175e+02,8.653463704710652460e-02,2.027345724049195441e-02,1.624082974055716469e-10
6.149999999999999911e-01,1.066833019322893789e-01,5.334165096614468575e+09,8.546274679694053665e-10,-3.950868062079207875e-09,-1.975434031039476395e+02,8.647423669314510675e-02,2.020906523914427211e-02,1.618924606056928651e-10
6.199999999999999956e-01,1.065615004989838438e-01,5.328075024949192047e+09,8.536517309172562358e-10,-3.856318139860618168e-09,-1.928159069930261467e+02,8.641536752358176809e-02,2.014613297540207570e-02,1.613883175932305180e-10
6.250000000000000000e-01,1.064426094856499028e-01,5.322130474282495499e+09,8.526993088994751650e-10,-3.764322501104092614e-09,-1.882161250552017009e+02,8.635798797101111590e-02,2.008462151463878687e-02,1.608955564674397399e-10
6.300000000000000044e-01,1.063265499684854509e-01,5.316327498424272537e+09,8.517695696667041093e-10,-3.674822167049509499e-09,-1.837411083524639253e+02,8.630205734358140091e-02,2.002449262490405002e-02,1.604138709566329726e-10
6.350000000000000089e-01,1.062132451266232236e-01,5.310662256331161499e+09,8.508618978159504458e-10,-3.587740640001844424e-09,-1.793870320001005894e+02,8.624753654339530062e-02,1.996570858322792297e-02,1.599429588665050961e-10
6.400000000000000133e-01,1.061026208108716284e-01,5.305131040543581009e+09,8.499756993467031639e-10,-3.503000715901369595e-09,-1.751500357950717444e+02,8.619438782014217371e-02,1.990823299072945474e-02,1.594825286098733253e-10
6.450000000000000178e-01,1.059946050190617994e-01,5.299730250953089714e+09,8.491103974579996353e-10,-3.420544386513867338e-09,-1.710272193256823812e+02,8.614257406472251855e-02,1.985203095433928089e-02,1.590323006624355756e-10
6.500000000000000222e-01,1.058891272225914032e-01,5.294456361129570007e+09,8.482654271534462286e-10,-3.340319985289338819e-09,-1.670159992644476006e+02,8.609205884357262750e-02,1.979706837901877570e-02,1.585920018928206804e-10
6.550000000000000266e-01,1.057861186440639673e-01,5.289305932203198433e+09,8.474402374653551892e-10,-3.262262632218976713e-09,-1.631131316109385807e+02,8.604280698193970955e-02,1.974331166212425770e-02,1.581613631141759385e-10
6.600000000000000311e-01,1.056855128043687198e-01,5.284275640218436241e+09,8.466342958373368453e-10,-3.186302858605213811e-09,-1.593151429302815814e+02,8.599478458947751314e-02,1.969072821489120662e-02,1.577401232617161099e-10
6.650000000000000355e-01,1.055872452620043034e-01,5.279362263100214958e+09,8.458470860360523730e-10,-3.112385348684873411e-09,-1.556192674342455575e+02,8.594795852657742541e-02,1.963928673542687797e-02,1.573280315796354100e-10
6.700000000000000400e-01,1.054912529903983404e-01,5.274562649519917488e+09,8.450781031629942738e-10,-3.040463850408947394e-09,-1.520231925204425352e+02,8.590227345363929401e-02,1.958897953675904635e-02,1.569250264884974359e-10
6.750000000000000444e-01,1.053974744348753351e-01,5.269873721743766785e+09,8.443268541108480184e-10,-2.970483653263133827e-09,-1.485241826631536242e+02,8.585771678968080745e-02,1.953975764519452762e-02,1.565307156657676708e-10
6.800000000000000488e-01,1.053058499836245637e-01,5.265292499181228638e+09,8.435928613363628069e-10,-2.902383352684688187e-09,-1.451191676342277788e+02,8.581426333468332446e-02,1.949158664894123927e-02,1.561448234426000623e-10
6.850000000000000533e-01,1.052163219145418882e-01,5.260816095727094650e+09,8.428756624345057538e-10,-2.836110532244072888e-09,-1.418055266122246394e+02,8.577188338231132858e-02,1.944443853223055962e-02,1.557671253879452872e-10
6.900000000000000577e-01,1.051288338873927891e-01,5.256441694369639397e+09,8.421748060702405008e-10,-2.771622639349546281e-09,-1.385811319674685365e+02,8.573054778668423581e-02,1.939828610070855330e-02,1.553974036510110796e-10
6.950000000000000622e-01,1.050433308359970813e-01,5.252166541799854279e+09,8.414898511148310269e-10,-2.708873215472784514e-09,-1.354436607736570295e+02,8.569022817610300047e-02,1.935310265989408085e-02,1.550354443854277229e-10
7.000000000000000666e-01,1.049597593198334095e-01,5.247987965991670609e+09,8.408203694625040267e-10,-2.647808919043430066e-09,-1.323904459521581884e+02,8.565089716043104706e-02,1.930886215940236239e-02,1.546810389046062372e-10
7.049999999999999600e-01,1.048780676020406172e-01,5.243903380102030754e+09,8.401659466553094170e-10,-2.588380976796037422e-09,-1.294190488397871377e+02,8.561252814852317317e-02,1.926553945351744401e-02,1.543339857691538845e-10
7.099999999999999645e-01,1.047982052862850705e-01,5.239910264314253807e+09,8.395261789741061378e-10,-2.530549533519097112e-09,-1.265274766759539489e+02,8.557509511159117066e-02,1.922311017469389982e-02,1.539940897735110968e-10
7.149999999999999689e-01,1.047201231232722796e-01,5.236006156163614273e+09,8.389006718885497617e-10,-2.474274343292753186e-09,-1.237137171646318166e+02,8.553857266114962832e-02,1.918155046212265125e-02,1.536611597715240423e-10
7.199999999999999734e-01,1.046437732286214228e-01,5.232188661431071281e+09,8.382890418024599225e-10,-2.419509517236338272e-09,-1.209754758618219057e+02,8.550154328191182651e-02,1.914222994670959632e-02,1.533461677163658978e-10
7.249999999999999778e-01,1.045691092171965320e-01,5.228455460859827042e+09,8.376909171299316281e-10,-2.366210651894982731e-09,-1.183105325947544770e+02,8.546493258862712661e-02,1.910417662856940535e-02,1.530413270305139876e-10
7.299999999999999822e-01,1.044960859760625388e-01,5.224804298803127289e+09,8.371059364765124345e-10,-2.314340350785029350e-09,-1.157170175392529927e+02,8.542921552672917695e-02,1.906687044933336184e-02,1.527424715871349626e-10
7.349999999999999867e-01,1.044246594541883844e-01,5.221232972709419250e+09,8.365337469545391135e-10,-2.263862922716348901e-09,-1.131931461358180968e+02,8.539436788558947555e-02,1.903029156859890880e-02,1.524494424470818947e-10
7.399999999999999911e-01,1.043547867663078416e-01,5.217739338315392494e+09,8.359740050151542733e-10,-2.214738842519372889e-09,-1.107369421259500086e+02,8.536036618898182327e-02,1.899442057732601830e-02,1.521620841268026864e-10
7.449999999999999956e-01,1.042864263283569543e-01,5.214321316417847633e+09,8.354263775332795668e-10,-2.166928390546615161e-09,-1.083464195273554651e+02,8.532718768145707011e-02,1.895923864689988414e-02,1.518802457924638446e-10
7.500000000000000000e-01,1.042195377341747914e-01,5.210976886708739281e+09,8.348905408198806662e-10,-2.120396817333883291e-09,-1.060198408667056356e+02,8.529481017842807655e-02,1.892472755574671484e-02,1.516037814731665975e-10
7.550000000000000044e-01,1.041540815685884774e-01,5.207704078429424286e+09,8.343661791246126731e-10,-2.075111951122261253e-09,-1.037555975560972001e+02,8.526321202861647519e-02,1.889086953997200224e-02,1.513325488644273470e-10
7.600000000000000089e-01,1.040900194334402895e-01,5.204500971672014236e+09,8.338529848443196771e-10,-2.031039430838632714e-09,-1.015519715419359272e+02,8.523237220592598529e-02,1.885764722751430422e-02,1.510664088006914935e-10
7.650000000000000133e-01,1.040273140582068101e-01,5.201365702910340309e+09,8.333506594091932426e-10,-1.988144050460423381e-09,-9.940720252302708104e+01,8.520227032443415671e-02,1.882504373377265339e-02,1.508052260213933117e-10
7.700000000000000178e-01,1.039659292421174497e-01,5.198296462105872154e+09,8.328589128190893893e-10,-1.946393939733694693e-09,-9.731969698668399360e+01,8.517288653637913876e-02,1.879304270573831093e-02,1.505488695244902813e-10
7.750000000000000222e-01,1.039058297038335799e-01,5.195291485191679001e+09,8.323774624393265003e-10,-1.905759922690105398e-09,-9.528799613448791206e+01,8.514420147470797007e-02,1.876162822912560979e-02,1.502972118224992482e-10
7.800000000000000266e-01,1.038469810636053203e-01,5.192349053180266380e+09,8.319060328577445839e-10,-1.866211809504380993e-09,-9.331059047521557659e+01,8.511619631108691131e-02,1.873078475251840902e-02,1.500501283348423349e-10
7.850000000000000311e-01,1.037893499243947165e-01,5.189467496219736099e+09,8.314443565345743446e-10,-1.827718447702749344e-09,-9.138592238514684141e+01,8.508885278513159123e-02,1.870049713926312529e-02,1.498074978035560954e-10
7.900000000000000355e-01,1.037329038508363471e-01,5.186645192541817665e+09,8.309921736338930330e-10,-1.790250895251910878e-09,-8.951254476260510273e+01,8.506215313545838208e-02,1.867075071537796505e-02,1.495692026770868018e-10
7.950000000000000400e-01,1.036776112523119520e-01,5.183880562615597725e+09,8.305492310869483850e-10,-1.753782704673794368e-09,-8.768913523371156771e+01,8.503575301564904321e-02,1.864185823666290875e-02,1.493377484056087536e-10
8.000000000000000444e-01,1.036234413441778079e-01,5.181172067208889961e+09,8.301152822815560234e-10,-1.718287161818522283e-09,-8.591435809091490228e+01,8.500940884638888417e-02,1.861403249778892377e-02,1.491148396623703275e-10
8.050000000000000488e-01,1.035703642031817751e-01,5.178518210159089088e+09,8.296900875060393315e-10,-1.683736670132444512e-09,-8.418683350661012810e+01,8.498365793187966089e-02,1.858670627130211417e-02,1.488959324545075465e-10
8.100000000000000533e-01,1.035183507671214587e-01,5.175917538356073380e+09,8.292734139464899343e-10,-1.650105068506623799e-09,-8.250525342536275275e+01,8.495848439435962907e-02,1.855986637276182960e-02,1.486809211630066728e-10
8.150000000000000577e-01,1.034673727455927839e-01,5.173368637279639244e+09,8.288650349717858641e-10,-1.617368414277903834e-09,-8.086842071390128694e+01,8.493387275165209527e-02,1.853349999394068859e-02,1.484697031826545545e-10
8.200000000000000622e-01,1.034174025707768479e-01,5.170870128538842201e+09,8.284647297393508699e-10,-1.585502998236631755e-09,-7.927514991183124948e+01,8.490980792681057654e-02,1.850759464396627141e-02,1.482621784505315372e-10
8.250000000000000666e-01,1.033684134320820014e-01,5.168420671604100227e+09,8.280722834726676193e-10,-1.554484368861008299e-09,-7.772421844305063132e+01,8.487488434043023722e-02,1.849352909165176417e-02,1.481495009542184900e-10
8.300000000000000711e-01,1.033203792878332888e-01,5.166018964391664505e+09,8.276874875549202309e-10,-1.524288922628434291e-09,-7.621444613144558389e+01,8.483053884534159927e-02,1.848984044249168956e-02,1.481199516167420185e-10
8.349999999999999645e-01,1.032732748006551377e-01,5.163663740032756805e+09,8.273101390113532285e-10,-1.494894964655555877e-09,-7.474474823275522795e+01,8.478733198869581322e-02,1.848594281195932443e-02,1.480887281539074140e-10
8.399999999999999689e-01,1.032270752829606564e-01,5.161353764148033142e+09,8.269400400725925563e-10,-1.466281417331738419e-09,-7.331407086655963212e+01,8.474523290061006242e-02,1.848184238235059396e-02,1.480558800913650748e-10
8.449999999999999734e-01,1.031817567129352520e-01,5.159087835646762848e+09,8.265769983026875545e-10,-1.438426649590784375e-09,-7.192133247955644038e+01,8.470421157400433165e-02,1.847754513893092032e-02,1.480214553763769914e-10
8.499999999999999778e-01,1.031372957530969775e-01,5.156864787654849052e+09,8.262208267477969838e-10,-1.411309414680167451e-09,-7.056547073402907699e+01,8.466423885067855815e-02,1.847305690241841936e-02,1.479855006380360569e-10
8.549999999999999822e-01,1.030936697077492609e-01,5.154683485387462616e+09,8.258713435953472904e-10,-1.384910017672283579e-09,-6.924550088359683286e+01,8.462528634892677037e-02,1.846838335882249049e-02,1.479480614262991631e-10
8.599999999999999867e-01,1.030508564686708622e-01,5.152542823433543205e+09,8.255283717389610389e-10,-1.359209651579508613e-09,-6.796048257895745337e+01,8.458732642891353404e-02,1.846353003975732820e-02,1.479091820542813907e-10
8.649999999999999911e-01,1.030088345140049849e-01,5.150441725700249672e+09,8.251917387695576900e-10,-1.334189211600610530e-09,-6.670946058005210944e+01,8.455033221034649604e-02,1.845850230365848887e-02,1.478689054477839981e-10
8.699999999999999956e-01,1.029675829279583232e-01,5.148379146397915840e+09,8.248612771331605326e-10,-1.309829655956573196e-09,-6.549148279783548787e+01,8.451427756998952656e-02,1.845330535796879667e-02,1.478272733230230678e-10
8.750000000000000000e-01,1.029270813771684667e-01,5.146354068858423233e+09,8.245368239415792371e-10,-1.286113101656039133e-09,-6.430565508278959896e+01,8.447913709496968071e-02,1.844794428219878601e-02,1.477843263713639852e-10
8.800000000000000044e-01,1.028873100620106423e-01,5.144365503100532532e+09,8.242182205823326744e-10,-1.263022669874527197e-09,-6.315113349372404628e+01,8.444488603780596347e-02,1.844242402420467886e-02,1.477401042295049126e-10
8.850000000000000089e-01,1.028482497026157599e-01,5.142412485130787849e+09,8.239053126066420438e-10,-1.240541470035397614e-09,-6.202707350175478496e+01,8.441150032139549397e-02,1.843674938122026596e-02,1.476946453275253387e-10
8.900000000000000133e-01,1.028098815535859328e-01,5.140494077679296494e+09,8.235979498473149673e-10,-1.218652533066408601e-09,-6.093262665331712924e+01,8.437895654306654114e-02,1.843092501051939169e-02,1.476479869743018603e-10
8.950000000000000178e-01,1.027721873941782882e-01,5.138609369708914757e+09,8.232959863401090472e-10,-1.197339665866224757e-09,-5.986698329330829438e+01,8.434723194215314190e-02,1.842495545202514629e-02,1.476001655386279853e-10
9.000000000000000222e-01,1.027351494896887873e-01,5.136757474484438896e+09,8.229992800143818268e-10,-1.176587636457137253e-09,-5.882938182288489770e+01,8.431630435961991188e-02,1.841884513006887547e-02,1.475512164633052064e-10
9.050000000000000266e-01,1.026987505700798220e-01,5.134937528503991127e+09,8.227076925218803272e-10,-1.156381449653097552e-09,-5.781907248265633825e+01,8.428615223158494874e-02,1.841259833849487326e-02,1.475011741458185265e-10
9.100000000000000311e-01,1.026629738365733013e-01,5.133148691828664780e+09,8.224210892895552879e-10,-1.136706045668030605e-09,-5.683530228340532631e+01,8.425675459254206023e-02,1.840621924403124110e-02,1.474500719653399771e-10
9.150000000000000355e-01,1.026278029590895063e-01,5.131390147954475403e+09,8.221393394990462614e-10,-1.117546837395821314e-09,-5.587734186978195794e+01,8.422809105480227876e-02,1.839971190428722758e-02,1.473979424269032005e-10
9.200000000000000400e-01,1.025932220493058905e-01,5.129661102465294838e+09,8.218623158708574724e-10,-1.098890042643317985e-09,-5.494450213215895928e+01,8.420014177490947604e-02,1.839308027439641446e-02,1.473448172146211999e-10
9.250000000000000444e-01,1.025592156373595770e-01,5.127960781867979050e+09,8.215898944777246760e-10,-1.080722275514015273e-09,-5.403611377572815400e+01,8.417288744085245356e-02,1.838632819650712347e-02,1.472907271074953541e-10
9.300000000000000488e-01,1.025257686704099530e-01,5.126288433520497322e+09,8.213219547331002861e-10,-1.063030178025590368e-09,-5.315150890128279570e+01,8.414630927158274487e-02,1.837945939882720814e-02,1.472357019717631695e-10
9.350000000000000533e-01,1.024928665123338717e-01,5.124643325616693497e+09,8.210583793887119520e-10,-1.045800677838523682e-09,-5.229003389191348106e+01,8.412030621721808266e-02,1.837256029511578903e-02,1.471804340579532893e-10
9.400000000000000577e-01,1.024604949262019060e-01,5.123024746310094833e+09,8.207990543941811161e-10,-1.029021321292936564e-09,-5.145106606463377830e+01,8.409493951235577636e-02,1.836555541384612966e-02,1.471243187724823411e-10
9.450000000000000622e-01,1.024286400531872337e-01,5.121432002659361839e+09,8.205438687280654804e-10,-1.012680103882570204e-09,-5.063400519412243739e+01,8.407019592778228190e-02,1.835844412540495185e-02,1.470673510715918794e-10
9.500000000000000666e-01,1.023972884056228022e-01,5.119864420281140327e+09,8.202927143422397954e-10,-9.967651466392836305e-10,-4.983825733196863439e+01,8.404605863984429548e-02,1.835122976577850673e-02,1.470095576794780672e-10
9.550000000000000711e-01,1.023664268661086812e-01,5.118321343305434227e+09,8.200454861547458146e-10,-9.812647708184897685e-10,-4.906323854091169778e+01,8.402251128745090447e-02,1.834391557865777678e-02,1.469509645809703884e-10
9.599999999999999645e-01,1.023360426759076930e-01,5.116802133795384407e+09,8.198020819568306349e-10,-9.661677647221571203e-10,-4.830838823610974941e+01,8.399953795298668868e-02,1.833650472292100431e-02,1.468915970814733682e-10
9.649999999999999689e-01,1.023061234173990308e-01,5.115306170869951248e+09,8.195624022723847228e-10,-9.514633409357161492e-10,-4.757316704676486552e+01,8.397712314486391327e-02,1.832900027253511754e-02,1.468314798061769775e-10
9.699999999999999734e-01,1.022766570051430318e-01,5.113832850257151604e+09,8.193263502863628736e-10,-9.371408956220479767e-10,-4.685704478107800242e+01,8.395525179306242980e-02,1.832140521208060202e-02,1.467706366642067802e-10
9.749999999999999778e-01,1.022476316833583199e-01,5.112381584167916298e+09,8.190938318245739147e-10,-9.231900025583724345e-10,-4.615950012793473434e+01,8.393390924078222848e-02,1.831372244257609139e-02,1.467090908952840803e-10
9.799999999999999822e-01,1.022190360173588358e-01,5.110951800867941856e+09,8.188647552850836510e-10,-9.096006005058652268e-10,-4.548003002529731020e+01,8.391308123051959000e-02,1.830595478683924582e-02,1.466468651126714590e-10
9.849999999999999867e-01,1.021908588793363909e-01,5.109542943966819763e+09,8.186390315243208836e-10,-8.963629994736783344e-10,-4.481814997366745956e+01,8.389275388642304654e-02,1.829810499291334436e-02,1.465839813306224786e-10
9.899999999999999911e-01,1.021630894394065792e-01,5.108154471970329285e+09,8.184165737853468921e-10,-8.834677102173487209e-10,-4.417338551087595988e+01,8.387291370897836940e-02,1.829017573042820977e-02,1.465204609352297964e-10
9.949999999999999956e-01,1.021357171620332210e-01,5.106785858101660728e+09,8.181972976692120306e-10,-8.709054159193105321e-10,-4.354527079596300609e+01,8.385354756827473333e-02,1.828216959375848771e-02,1.464563247097255942e-10
1.000000000000000000e+00,1.021087317988420284e-01,5.105436589942101479e+09,8.179811210773873700e-10,-8.586670996355899230e-10,-4.293335498176747933e+01,8.383464269314037931e-02,1.827408910570164913e-02,1.463915928639456753e-10
1.005000000000000115e+00,1.020821233770900643e-01,5.104106168854503632e+09,8.177679641193943688e-10,-8.467440665088205823e-10,-4.233720332544180565e+01,8.381618665456780359e-02,1.826593672252226075e-02,1.463262850747385290e-10
1.010000000000000009e+00,1.020558821910934194e-01,5.102794109554671288e+09,8.175577490441329597e-10,-8.351278231376230333e-10,-4.175639115690137260e+01,8.379816735982167919e-02,1.825771483127174022e-02,1.462604204644941781e-10
1.015000000000000124e+00,1.020299987982255657e-01,5.101499939911278725e+09,8.173504002078254051e-10,-8.238100346400810208e-10,-4.119050173202413134e+01,8.378057304633181046e-02,1.824942575189375527e-02,1.461940176180102880e-10
1.020000000000000018e+00,1.020044640130250424e-01,5.100223200651251793e+09,8.171458440268128224e-10,-8.127826159369999290e-10,-4.063913079685880803e+01,8.376339227395916687e-02,1.824107173906587553e-02,1.461270945972454499e-10
1.024999999999999911e+00,1.019792688974962142e-01,5.098963444874811172e+09,8.169440088998568679e-10,-8.020377699842211637e-10,-4.010188849922269583e+01,8.374661390957675866e-02,1.823265498791945549e-02,1.460596689871405149e-10
1.030000000000000027e+00,1.019544047528308656e-01,5.097720237641543388e+09,8.167448251418207383e-10,-7.915679006940352843e-10,-3.957839503468130715e+01,8.373022712037488102e-02,1.822417763245598454e-02,1.459917578829320989e-10
1.034999999999999920e+00,1.019298631151438900e-01,5.096493155757194519e+09,8.165482249495099198e-10,-7.813655512212085001e-10,-3.906827756106213201e+01,8.371422136637915457e-02,1.821564174876473541e-02,1.459233779159287716e-10
1.040000000000000036e+00,1.019056357510466915e-01,5.095281787552334785e+09,8.163541423662102316e-10,-7.714234657650476004e-10,-3.857117328827735037e+01,8.369858636446039779e-02,1.820704938658629368e-02,1.458545455063629537e-10
1.044999999999999929e+00,1.018817146495256259e-01,5.094085732476281166e+09,8.161625132166271759e-10,-7.617346500674576632e-10,-3.808673250337596983e+01,8.368331216220650792e-02,1.819840248731911803e-02,1.457852762065508585e-10
1.050000000000000044e+00,1.018580920137394097e-01,5.092904600686970711e+09,8.159732750411764672e-10,-7.522923121132242086e-10,-3.761461560563475359e+01,8.366838907448931328e-02,1.818970293925009640e-02,1.457155851433381147e-10
1.054999999999999938e+00,1.018347602565986276e-01,5.091738012829931259e+09,8.157863670605707764e-10,-7.430897851527177439e-10,-3.715448925763485022e+01,8.365380766197516582e-02,1.818095259462346180e-02,1.456454871548369095e-10
1.060000000000000053e+00,1.018117119973677154e-01,5.090585599868385315e+09,8.156017301486000083e-10,-7.341205605710072817e-10,-3.670602802853682078e+01,8.363955874204567764e-02,1.817215325532203773e-02,1.455749966757200002e-10
1.064999999999999947e+00,1.017889400551931223e-01,5.089447002759655952e+09,8.154193067802853786e-10,-7.253783580757632065e-10,-3.626891790378431324e+01,8.362563338164182014e-02,1.816330667355130213e-02,1.455041277427008111e-10
1.070000000000000062e+00,1.017664374413242423e-01,5.088321872066211700e+09,8.152390409695621085e-10,-7.168570981640278074e-10,-3.584285490821639542e+01,8.361202288688100726e-02,1.815441455444323504e-02,1.454328940153923438e-10
1.074999999999999956e+00,1.017441973543602857e-01,5.087209867718014717e+09,8.150608782312033697e-10,-7.085508245327267607e-10,-3.542754122662881855e+01,8.359871880142732969e-02,1.814547855293295597e-02,1.453613087512865668e-10
1.080000000000000071e+00,1.017222131773138777e-01,5.086110658865694046e+09,8.148847655572958890e-10,-7.004537083733379304e-10,-3.502268541866214946e+01,8.358571289833797990e-02,1.813650027897589778e-02,1.452893848475483096e-10
1.084999999999999964e+00,1.017004784725897837e-01,5.085023923629488945e+09,8.147106513770167396e-10,-6.925601082365801902e-10,-3.462800541185424663e+01,8.357253837455412560e-02,1.812794009803565809e-02,1.452208102381219881e-10
1.090000000000000080e+00,1.016789869753121772e-01,5.083949348765608788e+09,8.145384855031774145e-10,-6.848645714948158069e-10,-3.424322857476363424e+01,8.355856993533877786e-02,1.812041703997339936e-02,1.451605438989041020e-10
1.094999999999999973e+00,1.016577325882121463e-01,5.082886629410607338e+09,8.143682190912691836e-10,-6.773617766032025578e-10,-3.386808883014600724e+01,8.354492187389185587e-02,1.811281071432029044e-02,1.450996105127440742e-10
1.100000000000000089e+00,1.016367093785585651e-01,5.081835468927927971e+09,8.141998046148758744e-10,-6.700465121536277365e-10,-3.350232560769654810e+01,8.353158557363736525e-02,1.810512380492119988e-02,1.450380315796095958e-10
1.104999999999999982e+00,1.016159115743529573e-01,5.080795578717647552e+09,8.140331958351921622e-10,-6.629137139029652002e-10,-3.314568569514085539e+01,8.351855265325300315e-02,1.809735892109995414e-02,1.449758280024889561e-10
1.110000000000000098e+00,1.015953335589494660e-01,5.079766677947473526e+09,8.138683477579244621e-10,-6.559584848987899544e-10,-3.279792424490733538e+01,8.350581495650184760e-02,1.808951860244761844e-02,1.449130201257495529e-10
1.114999999999999991e+00,1.015749698659933198e-01,5.078748493299666405e+09,8.137052165927430526e-10,-6.491760649675573278e-10,-3.245880324837344233e+01,8.349336454991293510e-02,1.808160531608038468e-02,1.448496277131708715e-10
1.120000000000000107e+00,1.015548151759452927e-01,5.077740758797265053e+09,8.135437597254407265e-10,-6.425617980989640625e-10,-3.212808990495977923e+01,8.348119371373523279e-02,1.807362146221005994e-02,1.447856699925693523e-10
1.125000000000000000e+00,1.015348643130559586e-01,5.076743215652797699e+09,8.133839356936935044e-10,-6.361111444604753968e-10,-3.180555722302233335e+01,8.346929493914530263e-02,1.806556937391065598e-02,1.447211656539282917e-10
1.130000000000000115e+00,1.015151122411401402e-01,5.075755612057006836e+09,8.132257041532104391e-10,-6.298197067762603831e-10,-3.149098533880896866e+01,8.345766091914960660e-02,1.805745132199053360e-02,1.446561328884282036e-10
1.135000000000000009e+00,1.014955540589047717e-01,5.074777702945238113e+09,8.130690258403052443e-10,-6.236832198140307047e-10,-3.118416099071328063e+01,8.344628454653317540e-02,1.804926951237159627e-02,1.445905893674517348e-10
1.140000000000000124e+00,1.014761849963795454e-01,5.073809249818977356e+09,8.129138625433033485e-10,-6.176975205423758782e-10,-3.088487602713576052e+01,8.343515890521531475e-02,1.804102609116423062e-02,1.445245522832384288e-10
1.145000000000000018e+00,1.014570004121073815e-01,5.072850020605368614e+09,8.127601770800340009e-10,-6.118585455854292472e-10,-3.059292727925640065e+01,8.342427726748498362e-02,1.803272314462239789e-02,1.444580383485250317e-10
1.150000000000000133e+00,1.014379957897339757e-01,5.071899789486699104e+09,8.126079332705107704e-10,-6.061623506307221442e-10,-3.030811753151647281e+01,8.341363308738010407e-02,1.802436270235387161e-02,1.443910638222623305e-10
1.155000000000000027e+00,1.014191667339868069e-01,5.070958336699340820e+09,8.124570959047187540e-10,-6.006051096765951171e-10,-3.003025548384175636e+01,8.340321999754382598e-02,1.801594673644298095e-02,1.443236445025874784e-10
1.159999999999999920e+00,1.014005089673118420e-01,5.070025448365592003e+09,8.123076307156724778e-10,-5.951830951029949882e-10,-2.975915475515648723e+01,8.339303180174879870e-02,1.800747716556304334e-02,1.442557957597682721e-10
1.165000000000000036e+00,1.013820183270962849e-01,5.069100916354814529e+09,8.121595043571672193e-10,-5.898926724103414600e-10,-2.949463362053211313e+01,8.338306247243404412e-02,1.799895585466224079e-02,1.441875325336867130e-10
1.169999999999999929e+00,1.013636907626337680e-01,5.068184538131688118e+09,8.120126843794672392e-10,-5.847303080785105586e-10,-2.923651540392893367e+01,8.337330614486256064e-02,1.799038461777120734e-02,1.441188693563302555e-10
1.175000000000000044e+00,1.013455223318564524e-01,5.067276116592823029e+09,8.118671392031279963e-10,-5.796925694867900199e-10,-2.898462847435439471e+01,8.336375711437347957e-02,1.798176521748297285e-02,1.440498203476257114e-10
1.179999999999999938e+00,1.013275091983052711e-01,5.066375459915263176e+09,8.117228380947237731e-10,-5.747761160471383978e-10,-2.873880580237891991e+01,8.335440982987626923e-02,1.797309936842900191e-02,1.439803992432855095e-10
1.185000000000000053e+00,1.013096476284155306e-01,5.065482381420776367e+09,8.115797511451043030e-10,-5.699776950376299968e-10,-2.849888475188345183e+01,8.334525889069610560e-02,1.796438873771942502e-02,1.439106193983340964e-10
1.189999999999999947e+00,1.012919339887470849e-01,5.064596699437354088e+09,8.114378492472049266e-10,-5.652941425536728715e-10,-2.826470712768787052e+01,8.333629904247472076e-02,1.795563494627236412e-02,1.438404937977571112e-10
1.195000000000000062e+00,1.012743647432106514e-01,5.063718237160532951e+09,8.112971040738275898e-10,-5.607223814744944788e-10,-2.803611907371669076e+01,8.332752517416044946e-02,1.794683956905020195e-02,1.437700350583943104e-10
1.199999999999999956e+00,1.012569364504248282e-01,5.062846822521241188e+09,8.111574880564677083e-10,-5.562594177698662693e-10,-2.781297088852443267e+01,8.331893231230100283e-02,1.793800413812382533e-02,1.436992554534864891e-10
1.205000000000000071e+00,1.012396457611729889e-01,5.061982288058649063e+09,8.110189743649424673e-10,-5.519023376170152932e-10,-2.759511688083875924e+01,8.331051561758753832e-02,1.792913014358545054e-02,1.436281669199883519e-10
1.209999999999999964e+00,1.012224894159403088e-01,5.061124470797015190e+09,8.108815368876592545e-10,-5.476483067871605885e-10,-2.738241533935070038e+01,8.330227038366429249e-02,1.792021903227601631e-02,1.435567810483736154e-10
1.215000000000000080e+00,1.012054642424087270e-01,5.060273212120436668e+09,8.107451502115488795e-10,-5.434945696356381493e-10,-2.717472848178294953e+01,8.329419202989790660e-02,1.791127221251082036e-02,1.434851091204915750e-10
1.219999999999999973e+00,1.011885671530572822e-01,5.059428357652864456e+09,8.106097896028413791e-10,-5.394384440423613736e-10,-2.697192220210854430e+01,8.328627610068328746e-02,1.790229105237399476e-02,1.434131620959044337e-10
1.225000000000000089e+00,1.011717951429726980e-01,5.058589757148634911e+09,8.104754309895277203e-10,-5.354773178779996079e-10,-2.677386589390516747e+01,8.327851826005218394e-02,1.789327688292051410e-02,1.433409506375379915e-10
1.229999999999999982e+00,1.011551452876702645e-01,5.057757264383513451e+09,8.103420509439024637e-10,-5.316086509206019477e-10,-2.658043254603398964e+01,8.327091429122016053e-02,1.788423099645010395e-02,1.432684850978544691e-10
1.235000000000000098e+00,1.011386147407848796e-01,5.056930737039243698e+09,8.102096266640673846e-10,-5.278299757843688651e-10,-2.639149878922034986e+01,8.326346008993151804e-02,1.787515465085336153e-02,1.431957755536684101e-10
1.239999999999999991e+00,1.011222007318339500e-01,5.056110036591697693e+09,8.100781359560102950e-10,-5.241388909686880846e-10,-2.620694454842305277e+01,8.325615166422117852e-02,1.786604906761277145e-02,1.431228317901333434e-10
1.245000000000000107e+00,1.011059005643422937e-01,5.055295028217114449e+09,8.099475572185831332e-10,-5.205330550991575753e-10,-2.602665275498293340e+01,8.324898512875547607e-02,1.785691543558681760e-02,1.430496633310556520e-10
1.250000000000000000e+00,1.010897116139643642e-01,5.054485580698218346e+09,8.098178694284606153e-10,-5.170101909975788622e-10,-2.585050954986945726e+01,8.324195670533462987e-02,1.784775490862973435e-02,1.429762794198268193e-10
1.255000000000000115e+00,1.010736313263553010e-01,5.053681566317765236e+09,8.096890521230843909e-10,-5.135680880542845532e-10,-2.567840440271538682e+01,8.323506271653979827e-02,1.783856860981550274e-02,1.429026890532612940e-10
1.260000000000000009e+00,1.010576572151449110e-01,5.052882860757246017e+09,8.095610853844334499e-10,-5.102045956782443162e-10,-2.551022978390392382e+01,8.322829958561543673e-02,1.782935762952947423e-02,1.428289009663087446e-10
1.265000000000000124e+00,1.010417868602177249e-01,5.052089343010886192e+09,8.094339498252452572e-10,-5.069176171279121662e-10,-2.534588085640280042e+01,8.322166383125076394e-02,1.782012302896696099e-02,1.427549236600808520e-10
1.270000000000000018e+00,1.010260179060718383e-01,5.051300895303591728e+09,8.093076265758694756e-10,-5.037051114106978495e-10,-2.518525557052635122e+01,8.321515206775167983e-02,1.781086583832015846e-02,1.426807653873268703e-10
1.275000000000000133e+00,1.010103480599805204e-01,5.050517402999026299e+09,8.091820972695401176e-10,-5.005650962846398502e-10,-2.502825481421314180e+01,8.320876100039056866e-02,1.780158705958995169e-02,1.426064341749589187e-10
1.280000000000000027e+00,1.009947750901636632e-01,5.049738754508183479e+09,8.090573440277273145e-10,-4.974956449282953583e-10,-2.487478224645019509e+01,8.320248742363779704e-02,1.779228766652586613e-02,1.425319378235706394e-10
1.284999999999999920e+00,1.009792968241572664e-01,5.048964841207862854e+09,8.089333494470757209e-10,-4.944948808231789609e-10,-2.472474404115928337e+01,8.319632821889223762e-02,1.778296860526502876e-02,1.424572839125559725e-10
1.290000000000000036e+00,1.009639111473043388e-01,5.048195557365217209e+09,8.088100965873156836e-10,-4.915609757069075246e-10,-2.457804878531896975e+01,8.319028035176433133e-02,1.777363079554000747e-02,1.423824798097851529e-10
1.294999999999999929e+00,1.009486160012520173e-01,5.047430800062601089e+09,8.086875689592224905e-10,-4.886921513538752094e-10,-2.443460756770218723e+01,8.318434087014217604e-02,1.776427513110984124e-02,1.423075326750573621e-10
1.300000000000000044e+00,1.009334093823314044e-01,5.046670469116570473e+09,8.085657505116387336e-10,-4.858866807121834416e-10,-2.429433403561415616e+01,8.317850690181836926e-02,1.775490248051303510e-02,1.422324494661331238e-10
1.304999999999999938e+00,1.009182893399837716e-01,5.045914466999188423e+09,8.084446256188663193e-10,-4.831428840019954011e-10,-2.415714420008589514e+01,8.317269798858437091e-02,1.774559135139940069e-02,1.421578590986230013e-10
1.310000000000000053e+00,1.009032539753838137e-01,5.045162698769190788e+09,8.083241790696377723e-10,-4.804591240496550311e-10,-2.402295620247605257e+01,8.316695182320971158e-02,1.773630215217410211e-02,1.420834444088862979e-10
1.314999999999999947e+00,1.008883014401571465e-01,5.044415072007857323e+09,8.082043960568416184e-10,-4.778338065905013166e-10,-2.389169032951758709e+01,8.316130573858133979e-02,1.772699570157580673e-02,1.420088915204159476e-10
1.320000000000000062e+00,1.008734299349846181e-01,5.043671496749231339e+09,8.080852621663425217e-10,-4.752653831396747014e-10,-2.376326915697427467e+01,8.315575708812858458e-02,1.771767284685603350e-02,1.419342072204449774e-10
1.324999999999999956e+00,1.008586377081407415e-01,5.042931885407036781e+09,8.079667633652719225e-10,-4.727523488406534016e-10,-2.363761744202929549e+01,8.315030329644716722e-02,1.770833441169357425e-02,1.418593981073679046e-10
1.330000000000000071e+00,1.008439230542320098e-01,5.042196152711600304e+09,8.078488859919221652e-10,-4.702932375425096745e-10,-2.351466187712503597e+01,8.314494185774036483e-02,1.769898119649164492e-02,1.417844705931213626e-10
1.334999999999999964e+00,1.008292843130429300e-01,5.041464215652146339e+09,8.077316167465005833e-10,-4.678866212974075228e-10,-2.339433106487558689e+01,8.313967033509855886e-02,1.768961397794437118e-02,1.417094308997113128e-10
1.340000000000000080e+00,1.008147198683055218e-01,5.040735993415276527e+09,8.076149426812733324e-10,-4.655311118683213407e-10,-2.327655559343111236e+01,8.313448635631152939e-02,1.768023351199399240e-02,1.416342850829026694e-10
1.344999999999999973e+00,1.008002281464512317e-01,5.040011407322561264e+09,8.074988511905663275e-10,-4.632253598184754952e-10,-2.316126799094490707e+01,8.312938761345196881e-02,1.767084053299926294e-02,1.415590390255576268e-10
1.350000000000000089e+00,1.007858076154372479e-01,5.039290380771862030e+09,8.073833300013639217e-10,-4.609680519533048261e-10,-2.304840259767661337e+01,8.312437186117391241e-02,1.766143575426333545e-02,1.414836984418643876e-10
1.354999999999999982e+00,1.007714567836581893e-01,5.038572839182909012e+09,8.072683671645895957e-10,-4.587579098432291853e-10,-2.293789549215580337e+01,8.311943691561524128e-02,1.765201986804294798e-02,1.414082688774108593e-10
1.360000000000000098e+00,1.007571741988645825e-01,5.037858709943228722e+09,8.071539510464423775e-10,-4.565936893131043283e-10,-2.282968446562881581e+01,8.311458065080847002e-02,1.764259354805611246e-02,1.413327557292732781e-10
1.364999999999999991e+00,1.007429584471063178e-01,5.037147922355316162e+09,8.070400703199333380e-10,-4.544741800557631318e-10,-2.272370900279202033e+01,8.310980099844342273e-02,1.763315744866289503e-02,1.412571642394537201e-10
1.370000000000000107e+00,1.007288081516753142e-01,5.036440407583765984e+09,8.069267139564145373e-10,-4.523982054071283462e-10,-2.261991027036856394e+01,8.310509594639041431e-02,1.762371220528489990e-02,1.411814994982403933e-10
1.375000000000000000e+00,1.007147219720631176e-01,5.035736098603156090e+09,8.068138712172296704e-10,-4.503646205699845053e-10,-2.251823102848720737e+01,8.310046353743343051e-02,1.761425843462968710e-02,1.411057664460055142e-10
1.380000000000000115e+00,1.007006986030142826e-01,5.035034930150713921e+09,8.067015316461295450e-10,-4.483723107098478610e-10,-2.241861553551279940e+01,8.309590186624261909e-02,1.760479673677166346e-02,1.410299698898750398e-10
1.385000000000000009e+00,1.006867367736027918e-01,5.034336838680139542e+09,8.065896850618746050e-10,-4.464201909786833053e-10,-2.232100954891939182e+01,8.309140907931317210e-02,1.759532769428961974e-02,1.409541144968196154e-10
1.390000000000000124e+00,1.006728352462841203e-01,5.033641762314206123e+09,8.064783215506402753e-10,-4.445072066521237085e-10,-2.222536033262440469e+01,8.308698337319887772e-02,1.758585187308524256e-02,1.408782048002115579e-10
1.395000000000000018e+00,1.006589928159629527e-01,5.032949640798147202e+09,8.063674314585484513e-10,-4.426323318040751144e-10,-2.213161659020988736e+01,8.308262299413091134e-02,1.757636982183204133e-02,1.408022451954101927e-10
1.400000000000000133e+00,1.006452083091280841e-01,5.032260415456403732e+09,8.062570053847382071e-10,-4.407945677113301843e-10,-2.203972838555637281e+01,8.307832623368498204e-02,1.756688207544310210e-02,1.407262399675418100e-10
1.405000000000000027e+00,1.006314805830195169e-01,5.031574029150976181e+09,8.061470341746928260e-10,-4.389929425503304020e-10,-2.194964712750515901e+01,8.307409143136054719e-02,1.755738915165896974e-02,1.406501932641654037e-10
1.409999999999999920e+00,1.006178085247825538e-01,5.030890426239128113e+09,8.060375089134631230e-10,-4.372265108802642178e-10,-2.186132554401410744e+01,8.306991697059441793e-02,1.754789155418813584e-02,1.405741091204308532e-10
1.415000000000000036e+00,1.006041910506669940e-01,5.030209552533349991e+09,8.059284209192528667e-10,-4.354943527085779491e-10,-2.177471763540233951e+01,8.306580127954182879e-02,1.753838977112516517e-02,1.404979914464067226e-10
1.419999999999999929e+00,1.005906271052394996e-01,5.029531355261975288e+09,8.058197617371089416e-10,-4.337955732986993016e-10,-2.168977866493514739e+01,8.306174282702374900e-02,1.752888427821575057e-02,1.404218440532361516e-10
1.425000000000000044e+00,1.005771156605949346e-01,5.028855783029747009e+09,8.057115231326033425e-10,-4.321293022630768411e-10,-2.160646511318918783e+01,8.305774012466157763e-02,1.751937553593335695e-02,1.403456706297182346e-10
1.429999999999999938e+00,1.005636557156253247e-01,5.028182785781266212e+09,8.056036970859771500e-10,-4.304946921386823344e-10,-2.152473460693727247e+01,8.305379172370601359e-02,1.750986399191931109e-02,1.402694747618554106e-10
1.435000000000000053e+00,1.005502462953200282e-01,5.027512314766001701e+09,8.054962757865341064e-10,-4.288909180784789980e-10,-2.144454590389796067e+01,8.304989621466116190e-02,1.750035008065886633e-02,1.401932599302582610e-10
1.439999999999999947e+00,1.005368864500539305e-01,5.026844322502696991e+09,8.053892516269381364e-10,-4.273171781955286335e-10,-2.136585890979040414e+01,8.304605222586668167e-02,1.749083422418724887e-02,1.401170295158016160e-10
1.445000000000000062e+00,1.005235752548662154e-01,5.026178762743310928e+09,8.052826171974362139e-10,-4.257726926416315386e-10,-2.128863463208836038e+01,8.304225842279960856e-02,1.748131683206660680e-02,1.400407867994400929e-10
1.449999999999999956e+00,1.005103118088061243e-01,5.025515590440306664e+09,8.051763652806172428e-10,-4.242567019736117104e-10,-2.121283509866043460e+01,8.303851350696017652e-02,1.747179830184594773e-02,1.399645349658922814e-10
1.455000000000000071e+00,1.004970952343135493e-01,5.024854761715677261e+09,8.050704888464494899e-10,-4.227684670078389368e-10,-2.113842335039225873e+01,8.303481621492790621e-02,1.746227901938564309e-02,1.398882771062405463e-10
1.459999999999999964e+00,1.004839246765738825e-01,5.024196233828694344e+09,8.049649810471133945e-10,-4.213072688835445089e-10,-2.106536344416963402e+01,8.303116531710798276e-02,1.745275935946589974e-02,1.398120162228053441e-10
1.465000000000000080e+00,1.004707993028948199e-01,5.023539965144741058e+09,8.048598352120077756e-10,-4.198724083580898095e-10,-2.099362041792483069e+01,8.302755961709328003e-02,1.744323968580153983e-02,1.397357552292636394e-10
1.469999999999999973e+00,1.004577183021050507e-01,5.022885915105252266e+09,8.047550448429341933e-10,-4.184632050600950112e-10,-2.092316025299078319e+01,8.302399795140145977e-02,1.743372035070359094e-02,1.396594969479378721e-10
1.475000000000000089e+00,1.004446808839777189e-01,5.022234044198885918e+09,8.046506036094777653e-10,-4.170789968005895326e-10,-2.085394984003505670e+01,8.302047918698370055e-02,1.742420169699401833e-02,1.395832441251348066e-10
1.479999999999999982e+00,1.004316862786720638e-01,5.021584313933603287e+09,8.045465053445338778e-10,-4.157191390294286441e-10,-2.078595695146941580e+01,8.301700222165478427e-02,1.741468405701727951e-02,1.395069994232270358e-10
1.485000000000000098e+00,1.004187337361909238e-01,5.020936686809546471e+09,8.044427440399631089e-10,-4.143830046601694060e-10,-2.071915023299516179e+01,8.301356598300309309e-02,1.740516775318783071e-02,1.394307654250391055e-10
1.489999999999999991e+00,1.004058225258331882e-01,5.020291126291659355e+09,8.043393138422039660e-10,-4.130699840374599003e-10,-2.065349920188600663e+01,8.301014413696525263e-02,1.739567838886793560e-02,1.393547472361148502e-10
1.495000000000000107e+00,1.003929519356533545e-01,5.019647596782668114e+09,8.042362090479443533e-10,-4.117794839290700231e-10,-2.058897419646382332e+01,8.300670799604425998e-02,1.738624393960909453e-02,1.392791689653289714e-10
1.500000000000000000e+00,1.003801212719769853e-01,5.019006063598849297e+09,8.041334241002394062e-10,-4.105109264747235976e-10,-2.052554632372630294e+01,8.300331208068978395e-02,1.737680919128720136e-02,1.392035882987839427e-10
1.505000000000000115e+00,1.003673298589257828e-01,5.018366492946289062e+09,8.040309535847069774e-10,-4.092637494592664990e-10,-2.046318747295299545e+01,8.299995535828827431e-02,1.736737450063750854e-02,1.391280080942441533e-10
1.510000000000000009e+00,1.003545770379160040e-01,5.017728851895800591e+09,8.039287922255098143e-10,-4.080374063713236864e-10,-2.040187031857203692e+01,8.299663682424308908e-02,1.735794021367291495e-02,1.390524311235785492e-10
1.515000000000000124e+00,1.003418621671799266e-01,5.017093108358996391e+09,8.038269348815213693e-10,-4.068313654448814230e-10,-2.034156827225524466e+01,8.299335550007221063e-02,1.734850666710771594e-02,1.389768600841659807e-10
1.520000000000000018e+00,1.003291846213240079e-01,5.016459231066200256e+09,8.037253765427872255e-10,-4.056451088507943278e-10,-2.028225544252200052e+01,8.299011043478932148e-02,1.733907418653468646e-02,1.389012975842921561e-10
1.525000000000000133e+00,1.003165437909009083e-01,5.015827189545045853e+09,8.036241123270961219e-10,-4.044781326836563651e-10,-2.022390663417172618e+01,8.298690070249332973e-02,1.732964308840757861e-02,1.388257461590310954e-10
1.530000000000000027e+00,1.003039390819683435e-01,5.015196954098417282e+09,8.035231374764454114e-10,-4.033299468446985395e-10,-2.016649734224483836e+01,8.298372540259368879e-02,1.732021367937465472e-02,1.387502082649061967e-10
1.535000000000000142e+00,1.002913699156685878e-01,5.014568495783429146e+09,8.034224473536737114e-10,-4.022000744567008873e-10,-2.011000372284615878e+01,8.298058365735522246e-02,1.731078625831336537e-02,1.386746862961898043e-10
1.540000000000000036e+00,1.002788357278236453e-01,5.013941786391181946e+09,8.033220374392170121e-10,-4.010880515514373193e-10,-2.005440257755981293e+01,8.297747461485230347e-02,1.730136111297134183e-02,1.385991825579945841e-10
1.544999999999999929e+00,1.002663359685344313e-01,5.013316798426721573e+09,8.032219033278980780e-10,-3.999934265803023356e-10,-1.999967132901656441e+01,8.297439744475966494e-02,1.729193852377476637e-02,1.385236992967819087e-10
1.550000000000000044e+00,1.002538701018063777e-01,5.012693505090318680e+09,8.031220407259267807e-10,-3.989157599334080693e-10,-1.994578799666487612e+01,8.297135133904021131e-02,1.728251876276616639e-02,1.384482386918527026e-10
1.554999999999999938e+00,1.002414376051787431e-01,5.012071880258936882e+09,8.030224454479314517e-10,-3.978546239770654950e-10,-1.989273119885183405e+01,8.296833551178013633e-02,1.727310209339860680e-02,1.383728028536986641e-10
1.560000000000000053e+00,1.002290379693476924e-01,5.011451898467384338e+09,8.029231134139383282e-10,-3.968096028744252018e-10,-1.984048014372820035e+01,8.296456090298089114e-02,1.726447706636680124e-02,1.383037087698087593e-10
1.564999999999999947e+00,1.002166706978070004e-01,5.010833534890350342e+09,8.028240406464942060e-10,-3.957802918682522454e-10,-1.978901459340704605e+01,8.295770533621305010e-02,1.725896536159395034e-02,1.382595551468059255e-10
1.570000000000000062e+00,1.002043353065158043e-01,5.010216765325790405e+09,8.027252232680042616e-10,-3.947662967911293462e-10,-1.973831483957474120e+01,8.295088211805386191e-02,1.725345318846194242e-02,1.382153977718326015e-10
1.574999999999999956e+00,1.001920313235698662e-01,5.009601566178493500e+09,8.026266574980986198e-10,-3.937672342071231501e-10,-1.968836171035945881e+01,8.294409053517121100e-02,1.724794078839865519e-02,1.381712385789392938e-10
1.580000000000000071e+00,1.001797582888605126e-01,5.008987914443025589e+09,8.025283396509005892e-10,-3.927827312408953308e-10,-1.963913656203658320e+01,8.293732989207462658e-02,1.724242839678588601e-02,1.381270794537421373e-10
1.584999999999999964e+00,1.001675157537565697e-01,5.008375787687828064e+09,8.024302661324782226e-10,-3.918124249263342540e-10,-1.959062124631600454e+01,8.293059951298414889e-02,1.723691624077242079e-02,1.380829222159034422e-10
1.590000000000000080e+00,1.001553032808038673e-01,5.007765164040193558e+09,8.023324334384374279e-10,-3.908559619774325646e-10,-1.954279809887520969e+01,8.292389873609373740e-02,1.723140454471012994e-02,1.380387686626798847e-10
1.594999999999999973e+00,1.001431204434216626e-01,5.007156022171083450e+09,8.022348381514895402e-10,-3.899129986483149926e-10,-1.949564993240346666e+01,8.291722692302747055e-02,1.722589352039419208e-02,1.379946204907378856e-10
1.600000000000000089e+00,1.001309668256107482e-01,5.006548341280537605e+09,8.021374769391133994e-10,-3.889832004107305583e-10,-1.944916002053651027e+01,8.291058344827169357e-02,1.722038337733905466e-02,1.379504793784731784e-10
1.604999999999999982e+00,1.001188420216699015e-01,5.005942101083495140e+09,8.020403465512841187e-10,-3.880662417418708187e-10,-1.940331208711722866e+01,8.290396770541716420e-02,1.721487431625273734e-02,1.379063469337343122e-10
1.610000000000000098e+00,1.001067456359174962e-01,5.005337281795874596e+09,8.019434438182422820e-10,-3.871618059905386624e-10,-1.935809029951633420e+01,8.289737909824544670e-02,1.720936653767204949e-02,1.378622247629981894e-10
1.614999999999999991e+00,1.000946772824161668e-01,5.004733864120808601e+09,8.018467656482889908e-10,-3.862695849582905167e-10,-1.931347924791043624e+01,8.289081705522063914e-02,1.720386022719552765e-02,1.378181143530730285e-10
1.620000000000000107e+00,1.000826365847204413e-01,5.004131829236021996e+09,8.017503090257632005e-10,-3.853892785269536094e-10,-1.926946392636455130e+01,8.288428101424927252e-02,1.719835557047116881e-02,1.377740171911632411e-10
1.625000000000000000e+00,1.000706231756248871e-01,5.003531158781244278e+09,8.016540710090252609e-10,-3.845205947602699221e-10,-1.922602973801258486e+01,8.287777042916441572e-02,1.719285274646047135e-02,1.377299347109084605e-10
1.630000000000000115e+00,1.000586366969053176e-01,5.002931834845266342e+09,8.015580487283831747e-10,-3.836632497296191616e-10,-1.918316248648625333e+01,8.287128476445561331e-02,1.718735193244970427e-02,1.376858683325282971e-10
1.635000000000000009e+00,1.000466767990776523e-01,5.002333839953882217e+09,8.014622393841605101e-10,-3.828169670098223980e-10,-1.914084835047833622e+01,8.286482350795529306e-02,1.718185329112235926e-02,1.376418193592612120e-10
1.640000000000000124e+00,1.000347431411708204e-01,5.001737157058541298e+09,8.013666402448782577e-10,-3.819814774745836078e-10,-1.909907387373095844e+01,8.285838615388506356e-02,1.717635698728575688e-02,1.375977891113593759e-10
1.645000000000000018e+00,1.000228353904983186e-01,5.001141769524915695e+09,8.012712486454232464e-10,-3.811565192998778059e-10,-1.905782596499193460e+01,8.285197221115801758e-02,1.717086317934030104e-02,1.375537788577499017e-10
1.650000000000000133e+00,1.000109532224308234e-01,5.000547661121541023e+09,8.011760619852282419e-10,-3.803418377496517097e-10,-1.901709188749373425e+01,8.284558119742720106e-02,1.716537202500362236e-02,1.375097898618903257e-10
1.655000000000000027e+00,9.999909632018119665e-02,4.999954816009059906e+09,8.010810777265484131e-10,-3.795371848533159447e-10,-1.897685924266988877e+01,8.283921265406714307e-02,1.715988366611405358e-02,1.374658232600309631e-10
1.660000000000000142e+00,9.998726437459726224e-02,4.999363218729863167e+09,8.009862933928016972e-10,-3.787423193235828483e-10,-1.893711596616776660e+01,8.283286612659263026e-02,1.715439824800463198e-02,1.374218802164177728e-10
1.665000000000000036e+00,9.997545708395179365e-02,4.998772854197589874e+09,8.008917065668867284e-10,-3.779570063394142773e-10,-1.889785031697829254e+01,8.282654117252066794e-02,1.714891591143112570e-02,1.373779618586288051e-10
1.669999999999999929e+00,9.996367415374902976e-02,4.998183707687451363e+09,8.007973148896319769e-10,-3.771810172544305158e-10,-1.885905086270940956e+01,8.282023735707073897e-02,1.714343679667829079e-02,1.373340693104688228e-10
1.675000000000000044e+00,9.995191529653271734e-02,4.997595764826636314e+09,8.007031160582595718e-10,-3.764141296375678566e-10,-1.882070648185617756e+01,8.281395427001878029e-02,1.713796102651393705e-02,1.372902035554164122e-10
1.679999999999999938e+00,9.994018023169015663e-02,4.997009011584507942e+09,8.006091078248133476e-10,-3.756561271168010224e-10,-1.878280635586997960e+01,8.280769150228284303e-02,1.713248872940731360e-02,1.372463656226237129e-10
1.685000000000000053e+00,9.992846868526994442e-02,4.996423434263497353e+09,8.005152879947010415e-10,-3.749067990058133944e-10,-1.874533995028468780e+01,8.280144865099027529e-02,1.712702003427966913e-02,1.372025565448638217e-10
1.689999999999999947e+00,9.991678038980943144e-02,4.995839019490471840e+09,8.004216544253104202e-10,-3.741659401496252575e-10,-1.870829700751346536e+01,8.279522533716976440e-02,1.712155505263966704e-02,1.371587772154195769e-10
1.695000000000000062e+00,9.990511508416194397e-02,4.995255754208097458e+09,8.003282050246260278e-10,-3.734333509893918211e-10,-1.867166754946811125e+01,8.278902118053936554e-02,1.711609390362257843e-02,1.371150285886697130e-10
1.699999999999999956e+00,9.989347251332036937e-02,4.994673625666018486e+09,8.002349377498157401e-10,-3.727088373849498162e-10,-1.863544186924991664e+01,8.278283581733358876e-02,1.711063669598678061e-02,1.370713115358649058e-10
1.705000000000000071e+00,9.988185242825524390e-02,4.994092621412762642e+09,8.001418506059335389e-10,-3.719922102747337674e-10,-1.859961051374557428e+01,8.277666888331158823e-02,1.710518354494365567e-02,1.370276269799500444e-10
1.709999999999999964e+00,9.987025458575977954e-02,4.993512729287988663e+09,8.000489416446782243e-10,-3.712832856389300596e-10,-1.856416428193915635e+01,8.277052003975438055e-02,1.709973454600539899e-02,1.369839756860622321e-10
1.715000000000000080e+00,9.985867874829014446e-02,4.992933937414506912e+09,7.999562089631140763e-10,-3.705818844151971596e-10,-1.852909422075026669e+01,8.276438894303406180e-02,1.709428980525608266e-02,1.369403585040285290e-10
1.719999999999999973e+00,9.984712468381569395e-02,4.992356234190784454e+09,7.998636507024706158e-10,-3.698878322926248520e-10,-1.849439161464397330e+01,8.275827526688583902e-02,1.708884941692985493e-02,1.368967761887476881e-10
1.725000000000000089e+00,9.983559216567226835e-02,4.991779608283613205e+09,7.997712650469676977e-10,-3.692009596319013838e-10,-1.846004798161447980e+01,8.275217868132370147e-02,1.708341348434856688e-02,1.368532295679189901e-10
1.729999999999999982e+00,9.982408097241725342e-02,4.991204048620862961e+09,7.996790502226545633e-10,-3.685211013537168732e-10,-1.842605506765539758e+01,8.274609888395342838e-02,1.707798208846382504e-02,1.368097192900363187e-10
1.735000000000000098e+00,9.981259088768998367e-02,4.990629544384499550e+09,7.995870044962910783e-10,-3.678480967325107877e-10,-1.839240483661706094e+01,8.274003556396092307e-02,1.707255532372906059e-02,1.367662461117550226e-10
1.739999999999999991e+00,9.980112170007947314e-02,4.990056085003973961e+09,7.994951261742884246e-10,-3.671817892664523859e-10,-1.835908946332347114e+01,8.273398843028667571e-02,1.706713326979279743e-02,1.367228106711301731e-10
1.745000000000000107e+00,9.978967320299315935e-02,4.989483660149658203e+09,7.994034136016578571e-10,-3.665220267121690692e-10,-1.832610133562411647e+01,8.272795717916422986e-02,1.706171602382892949e-02,1.366794137466104845e-10
1.750000000000000000e+00,9.977824519452233032e-02,4.988912259726116180e+09,7.993118651609321638e-10,-3.658686609259277032e-10,-1.829343304630310740e+01,8.272194154457040982e-02,1.705630364995192050e-02,1.366360558518094080e-10
1.755000000000000115e+00,9.976683747732086049e-02,4.988341873866043091e+09,7.992204792711948659e-10,-3.652215476029602290e-10,-1.826107738012797199e+01,8.271594124454205443e-02,1.705089623277880606e-02,1.365927376645841366e-10
1.760000000000000009e+00,9.975544985848681934e-02,4.987772492924341202e+09,7.991292543871309244e-10,-3.645805462617935532e-10,-1.822902731309295632e+01,8.270995601760262883e-02,1.704549384088419051e-02,1.365494597342778002e-10
1.765000000000000124e+00,9.974408214944219253e-02,4.987204107472109795e+09,7.990381889980639022e-10,-3.639455202378968012e-10,-1.819727601192425936e+01,8.270398558787860066e-02,1.704009656156359187e-02,1.365062227602046311e-10
1.770000000000000018e+00,9.973273416581507345e-02,4.986636708290753365e+09,7.989472816270118404e-10,-3.633163364924636289e-10,-1.816581682463584002e+01,8.269802971821377247e-02,1.703470444760130098e-02,1.364630271652134129e-10
1.775000000000000133e+00,9.972140572733101394e-02,4.986070286366550446e+09,7.988565308298175818e-10,-3.626928654705342044e-10,-1.813464327351539396e+01,8.269208815547891833e-02,1.702931757185209560e-02,1.364198735329352046e-10
1.780000000000000027e+00,9.971009665770431962e-02,4.985504832885215759e+09,7.987659351942767156e-10,-3.620749810804546587e-10,-1.810374905403295998e+01,8.268616065702875939e-02,1.702393600067556023e-02,1.363767623949689231e-10
1.785000000000000142e+00,9.969880678453051093e-02,4.984940339226525307e+09,7.986754933392772056e-10,-3.614625605865156601e-10,-1.807312802934029605e+01,8.268024698172229958e-02,1.701855980280821135e-02,1.363336943019547951e-10
1.790000000000000036e+00,9.968753593918451561e-02,4.984376796959225655e+09,7.985852039139832741e-10,-3.608554844683449443e-10,-1.804277422341692727e+01,8.267434691353553466e-02,1.701318902564898095e-02,1.362906696336001030e-10
1.794999999999999929e+00,9.967628395672173403e-02,4.983814197836086273e+09,7.984950655970430654e-10,-3.602536364111664363e-10,-1.801268182053172495e+01,8.266846022328593058e-02,1.700782373343580345e-02,1.362476889045074251e-10
1.800000000000000044e+00,9.966505067577685617e-02,4.983252533788843155e+09,7.984050770957779059e-10,-3.596569032119913508e-10,-1.798284516058629379e+01,8.266258669197786013e-02,1.700246398379899604e-02,1.362047525763465013e-10
1.804999999999999938e+00,9.965383593847083887e-02,4.982691796923542023e+09,7.983152371454371177e-10,-3.590651745962355595e-10,-1.795325872983084992e+01,8.265672610418910160e-02,1.699710983428173727e-02,1.361618611100890603e-10
1.810000000000000053e+00,9.964263959032118589e-02,4.982131979516058922e+09,7.982255445084796120e-10,-3.584783432026847561e-10,-1.792391716013662517e+01,8.265087826115022351e-02,1.699176132917096238e-02,1.361190148605124792e-10
1.814999999999999947e+00,9.963146148014985493e-02,4.981573074007493019e+09,7.981359979738357340e-10,-3.578963045648597316e-10,-1.789481522822461557e+01,8.264504296165925412e-02,1.698641851849060080e-02,1.360762142283526776e-10
1.820000000000000062e+00,9.962030145999462016e-02,4.981015072999731064e+09,7.980465963561973351e-10,-3.573189569765498940e-10,-1.786594784881162923e+01,8.263922000315615524e-02,1.698108145683846493e-02,1.360334596509863414e-10
1.824999999999999956e+00,9.960915938502540312e-02,4.980457969251270294e+09,7.979573384953475500e-10,-3.567462013713228311e-10,-1.783731006857124157e+01,8.263340919494040204e-02,1.697575019008500108e-02,1.359907514958762312e-10
1.830000000000000071e+00,9.959803511346322635e-02,4.979901755673161507e+09,7.978682232555115629e-10,-3.561779413043131027e-10,-1.780889706523157656e+01,8.262761035353738404e-02,1.697042475992584232e-02,1.359480900970412127e-10
1.834999999999999964e+00,9.958692850649766837e-02,4.979346425324883461e+09,7.977792495246953802e-10,-3.556140829050001535e-10,-1.778070414526155218e+01,8.262182329986654528e-02,1.696510520663112309e-02,1.359054757770806393e-10
1.840000000000000080e+00,9.957583942820864842e-02,4.978791971410432816e+09,7.976904162140591381e-10,-3.550545347522709533e-10,-1.775272673759900499e+01,8.261604784808640467e-02,1.695979158012224375e-02,1.358629089359089885e-10
1.844999999999999973e+00,9.956476774549183340e-02,4.978238387274591446e+09,7.976017222573192572e-10,-3.544992078354564818e-10,-1.772496039177349303e+01,8.261028383508925432e-02,1.695448391040257907e-02,1.358203898138797947e-10
1.850000000000000089e+00,9.955371332798268469e-02,4.977685666399134636e+09,7.975131666101411890e-10,-3.539480155073213995e-10,-1.769740077535971068e+01,8.260453108335276406e-02,1.694918224462992062e-02,1.357779187887686410e-10
1.854999999999999982e+00,9.954267604798507085e-02,4.977133802399253845e+09,7.974247482495656626e-10,-3.534008733731027320e-10,-1.767004366866603959e+01,8.259878943662876671e-02,1.694388661135630414e-02,1.357354960893025472e-10
1.860000000000000098e+00,9.953165578040187866e-02,4.976582789020093918e+09,7.973364661734545772e-10,-3.528576992371467943e-10,-1.764288496185326949e+01,8.259305872859661057e-02,1.693859705180526809e-02,1.356931220457184320e-10
1.864999999999999991e+00,9.952065240266726176e-02,4.976032620133362770e+09,7.972483193999471306e-10,-3.523184131018503994e-10,-1.761592065509466920e+01,8.258733880777663350e-02,1.693331359489062826e-02,1.356507968896415235e-10
1.870000000000000107e+00,9.950966579467709905e-02,4.975483289733855247e+09,7.971603069669034370e-10,-3.517829370867692120e-10,-1.758914685432682745e+01,8.258162951484755709e-02,1.692803627982954195e-02,1.356085209352358972e-10
1.875000000000000000e+00,9.949869583872657242e-02,4.974934791936328888e+09,7.970724279314037725e-10,-3.512511952882220375e-10,-1.756255976441025268e+01,8.257593071197244505e-02,1.692276512675412736e-02,1.355662943437775516e-10
1.880000000000000115e+00,9.948774241944903507e-02,4.974387120972452164e+09,7.969846813692594012e-10,-3.507231138085134585e-10,-1.753615569042449351e+01,8.257024224483407171e-02,1.691750017461496336e-02,1.355241174272950664e-10
1.885000000000000009e+00,9.947680542375199331e-02,4.973840271187600136e+09,7.968970663744996200e-10,-3.501986207161232866e-10,-1.750993103582004551e+01,8.256456397533452896e-02,1.691224144841746435e-02,1.354819903861038752e-10
1.890000000000000124e+00,9.946588474075840347e-02,4.973294237037919998e+09,7.968095820589011956e-10,-3.496776459451213996e-10,-1.748388229726697318e+01,8.255889576218963799e-02,1.690698897856876548e-02,1.354399134637920216e-10
1.895000000000000018e+00,9.945498026174898198e-02,4.972749013087449074e+09,7.967222275515271089e-10,-3.491601212418046660e-10,-1.745800606207922101e+01,8.255323748180098953e-02,1.690174277994799246e-02,1.353978867795543705e-10
1.900000000000000133e+00,9.944409188010668033e-02,4.972204594005333900e+09,7.966350019982801866e-10,-3.486459801452151871e-10,-1.743229900725418702e+01,8.254758899204438227e-02,1.689650288806229805e-02,1.353559106178346567e-10
1.905000000000000027e+00,9.943321949126047998e-02,4.971660974563023567e+09,7.965479045614544599e-10,-3.481351579394946938e-10,-1.740675789699889719e+01,8.254195016698602505e-02,1.689126932427445493e-02,1.353139851497674757e-10
1.910000000000000142e+00,9.942236299263247645e-02,4.971118149631624222e+09,7.964609344193103036e-10,-3.476275915634637797e-10,-1.738137957817525603e+01,8.253632088362625185e-02,1.688604210900622460e-02,1.352721105389492487e-10
1.915000000000000036e+00,9.941152228358772491e-02,4.970576114179386139e+09,7.963740907656728397e-10,-3.471232196182451969e-10,-1.735616098092577886e+01,8.253070102148551968e-02,1.688082126210220524e-02,1.352302869443527156e-10
1.919999999999999929e+00,9.940069726538042216e-02,4.970034863269021034e+09,7.962873728095009767e-10,-3.466219823257592425e-10,-1.733109911627252586e+01,8.252509045909324492e-02,1.687560680628717724e-02,1.351885145480233720e-10
1.925000000000000044e+00,9.938988784110679153e-02,4.969494392055339813e+09,7.962007797745100081e-10,-3.461238214061157389e-10,-1.730619107031088788e+01,8.251948907916660525e-02,1.687039876194018628e-02,1.351467935132154708e-10
1.929999999999999938e+00,9.937909391565849515e-02,4.968954695782924652e+09,7.961143108987979337e-10,-3.456286800973075500e-10,-1.728143400489352643e+01,8.251389677188777916e-02,1.686519714377071599e-02,1.351051239577648967e-10
1.935000000000000053e+00,9.936831539567456129e-02,4.968415769783727646e+09,7.960279654344611310e-10,-3.451365031533047570e-10,-1.725682515767402947e+01,8.250831342724708473e-02,1.686000196842747656e-02,1.350635060150425295e-10
1.939999999999999947e+00,9.935755218949490764e-02,4.967877609474745750e+09,7.959417426472213996e-10,-3.446472367445282872e-10,-1.723236183721746784e+01,8.250273893355487831e-02,1.685481325594002933e-02,1.350219398455028739e-10
1.945000000000000062e+00,9.934680420711826387e-02,4.967340210355913162e+09,7.958556418160888858e-10,-3.441608283911460692e-10,-1.720804141955159139e+01,8.249717318640552299e-02,1.684963102071274088e-02,1.349804255645375996e-10
1.949999999999999956e+00,9.933607136016013583e-02,4.966803568008007050e+09,7.957696622330258332e-10,-3.436772269948367689e-10,-1.718386134975298773e+01,8.249161608549286651e-02,1.684445527466726933e-02,1.349389632676497489e-10
1.955000000000000071e+00,9.932535356180852149e-02,4.966267678090426445e+09,7.956838032025914120e-10,-3.431963827966498997e-10,-1.715981913982250262e+01,8.248606753059371799e-02,1.683928603121480350e-02,1.348975530622747547e-10
1.959999999999999964e+00,9.931465072678467843e-02,4.965732536339234352e+09,7.955980640416277010e-10,-3.427182472842557154e-10,-1.713591236421780195e+01,8.248052741979615410e-02,1.683412330698852433e-02,1.348561950816591093e-10
1.965000000000000080e+00,9.930396277130443261e-02,4.965198138565221786e+09,7.955124440789491841e-10,-3.422427732029566380e-10,-1.711213866015896201e+01,8.247499565802879351e-02,1.682896711327563910e-02,1.348148894162232956e-10
1.969999999999999973e+00,9.929328961303852952e-02,4.964664480651926041e+09,7.954269426550260440e-10,-3.417699145296409949e-10,-1.708849572649342008e+01,8.246947215827873934e-02,1.682381745475979018e-02,1.347736361034874248e-10
1.975000000000000089e+00,9.928263117107526126e-02,4.964131558553763390e+09,7.953415591216842056e-10,-3.412996264043851083e-10,-1.706498132021806668e+01,8.246395682434792818e-02,1.681867434672733308e-02,1.347324352659087365e-10
1.979999999999999982e+00,9.927198736588539740e-02,4.963599368294269562e+09,7.952562928418238878e-10,-3.408318651044070323e-10,-1.704159325522778090e+01,8.245844956555800631e-02,1.681353780032739109e-02,1.346912869928015144e-10
1.985000000000000098e+00,9.926135811928611663e-02,4.963067905964305878e+09,7.951711431891319516e-10,-3.403665880557132554e-10,-1.701832940278109163e+01,8.245295029529212116e-02,1.680840782399399547e-02,1.346501913517298194e-10
1.989999999999999991e+00,9.925074335440549345e-02,4.962537167720274925e+09,7.950861095477963158e-10,-3.399037537663948563e-10,-1.699518768829875626e+01,8.244745893410113102e-02,1.680328442030436242e-02,1.346091483633394075e-10
1.995000000000000107e+00,9.924014299565034336e-02,4.962007149782517433e+09,7.950011913122487037e-10,-3.394433217726291536e-10,-1.697216608865710441e+01,8.244197404864102297e-02,1.679816894700932040e-02,1.345681689044135707e-10
2.000000000000000000e+00,9.922955696867438724e-02,4.961477848433719635e+09,7.949163878869098721e-10,-3.389852526609143203e-10,-1.694926263304660097e+01,8.243648787153853852e-02,1.679306909713584872e-02,1.345273146028926705e-10
2.004999999999999893e+00,9.921898520034443114e-02,4.960949260017221451e+09,7.948316986859181920e-10,-3.385295080413878462e-10,-1.692647540205507539e+01,8.243100970933399385e-02,1.678797549101043729e-02,1.344865103193079828e-10
2.010000000000000231e+00,9.920842761871026538e-02,4.960421380935513496e+09,7.947471231328892494e-10,-3.380760504724406056e-10,-1.690380252362228930e+01,8.242553948180146584e-02,1.678288813690879955e-02,1.344457561199553456e-10
2.015000000000000124e+00,9.919788415297561834e-02,4.959894207648780823e+09,7.946626606606820635e-10,-3.376248434573287256e-10,-1.688124217287986539e+01,8.242007709911663982e-02,1.677780705385897853e-02,1.344050521572661802e-10
2.020000000000000018e+00,9.918735473346824982e-02,4.959367736673412323e+09,7.945783107111605486e-10,-3.371758514420560032e-10,-1.685879257210763171e+01,8.241462247758592208e-02,1.677273225588232775e-02,1.343643985435638592e-10
2.024999999999999911e+00,9.917683929161096035e-02,4.958841964580548286e+09,7.944940727349609726e-10,-3.367290397668812698e-10,-1.683645198834710754e+01,8.240917553257917638e-02,1.676766375903178397e-02,1.343237954074466367e-10
2.030000000000000249e+00,9.916633775989484867e-02,4.958316887994742393e+09,7.944099461912770972e-10,-3.362843746288371829e-10,-1.681421873143699486e+01,8.240373619437432740e-02,1.676260156552052127e-02,1.342832427666439661e-10
2.035000000000000142e+00,9.915585007185251376e-02,4.957792503592625618e+09,7.943259305476465582e-10,-3.358418230940122038e-10,-1.679209115469711833e+01,8.239830437427196619e-02,1.675754569758054757e-02,1.342427407992539077e-10
2.040000000000000036e+00,9.914537616203060455e-02,4.957268808101530075e+09,7.942420252797301118e-10,-3.354013530626104886e-10,-1.677006765313853975e+01,8.239288000059680206e-02,1.675249616143380249e-02,1.342022895551196254e-10
2.044999999999999929e+00,9.913491596596527011e-02,4.956745798298263550e+09,7.941582298711153861e-10,-3.349629332143182631e-10,-1.674814666071324609e+01,8.238746299690728747e-02,1.674745296905798264e-02,1.341618891301931137e-10
2.049999999999999822e+00,9.912446942015794293e-02,4.956223471007897377e+09,7.940745438131229072e-10,-3.345265330288443720e-10,-1.672632665143464692e+01,8.238205329835603108e-02,1.674241612180191185e-02,1.341215395352796002e-10
2.055000000000000160e+00,9.911403646204978990e-02,4.955701823102489471e+09,7.939909666046009581e-10,-3.340921227607210483e-10,-1.670460613802424632e+01,8.237665082396639082e-02,1.673738563808339908e-02,1.340812409179219985e-10
2.060000000000000053e+00,9.910361702999877231e-02,4.955180851499938965e+09,7.939074977517425657e-10,-3.336596733895407277e-10,-1.668298366948147304e+01,8.237125550813373387e-02,1.673236152186503845e-02,1.340409933098642175e-10
2.064999999999999947e+00,9.909321106325737205e-02,4.954660553162868500e+09,7.938241367679062084e-10,-3.332291566085211044e-10,-1.666145783044339623e+01,8.236586728436094684e-02,1.672734377889642521e-02,1.340007967571655607e-10
2.069999999999999840e+00,9.908281850195028995e-02,4.954140925097514153e+09,7.937408831734380768e-10,-3.328005448336107344e-10,-1.664002724166493863e+01,8.236048608543666827e-02,1.672233241651362168e-02,1.339606513185943932e-10
2.075000000000000178e+00,9.907243928705174174e-02,4.953621964352586746e+09,7.936577364954894726e-10,-3.323738111677018942e-10,-1.661869055840361398e+01,8.235511184531969786e-02,1.671732744173204388e-02,1.339205570503503737e-10
2.080000000000000071e+00,9.906207336036511324e-02,4.953103668018255234e+09,7.935746962678540612e-10,-3.319489293576436583e-10,-1.659744646788749378e+01,8.234974450080354003e-02,1.671232885956157321e-02,1.338805139925670908e-10
2.084999999999999964e+00,9.905172066450329549e-02,4.952586033225164413e+09,7.934917620308106044e-10,-3.315258738041945366e-10,-1.657629369018832222e+01,8.234438399265173181e-02,1.670733667185156368e-02,1.338405221600595043e-10
2.089999999999999858e+00,9.904138114286746564e-02,4.952069057143373489e+09,7.934089333309523536e-10,-3.311046195592696171e-10,-1.655523097795958165e+01,8.233903025661239161e-02,1.670235088625507403e-02,1.338005816141353460e-10
2.095000000000000195e+00,9.903105473962756089e-02,4.951552736981377602e+09,7.933262097210310234e-10,-3.306851422658012269e-10,-1.653425711330783088e+01,8.233368323423365109e-02,1.669737150539390980e-02,1.337606923757976365e-10
2.100000000000000089e+00,9.902074139970505617e-02,4.951037069985252380e+09,7.932435907598193760e-10,-3.302674181611270636e-10,-1.651337090804008767e+01,8.232834286782027278e-02,1.669239853188478340e-02,1.337208544660085025e-10
2.104999999999999982e+00,9.901044106875303563e-02,4.950522053437651634e+09,7.931610760119504383e-10,-3.298514240892721735e-10,-1.649257120446418412e+01,8.232300910338093136e-02,1.668743196537210427e-02,1.336810678819194183e-10
2.109999999999999876e+00,9.900015369313830416e-02,4.950007684656915665e+09,7.930786650477750195e-10,-3.294371374435624690e-10,-1.647185687217279337e+01,8.231768187942889448e-02,1.668247181370940968e-02,1.336413326864440611e-10
2.115000000000000213e+00,9.898987921992484507e-02,4.949493960996242523e+09,7.929963574432286389e-10,-3.290245361532839600e-10,-1.645122680767963175e+01,8.231236114527629155e-02,1.667751807464855351e-02,1.336016488615728994e-10
2.120000000000000107e+00,9.897961759685709737e-02,4.948980879842854500e+09,7.929141527796982460e-10,-3.286135986995646215e-10,-1.643067993497243151e+01,8.230704684788972547e-02,1.667257074896737190e-02,1.335620164135370074e-10
2.125000000000000000e+00,9.896936877234212282e-02,4.948468438617106438e+09,7.928320506438791188e-10,-3.282043040937750536e-10,-1.641021520468348172e+01,8.230173893691329623e-02,1.666762983542882659e-02,1.335224353324266578e-10
2.129999999999999893e+00,9.895913269543431257e-02,4.947956634771715164e+09,7.927500506276513031e-10,-3.277966318324239766e-10,-1.638983159164490644e+01,8.229643735287664463e-02,1.666269534255766793e-02,1.334829056865326154e-10
2.135000000000000231e+00,9.894890931582052407e-02,4.947445465791026115e+09,7.926681523279627736e-10,-3.273905619145224072e-10,-1.636952809570357203e+01,8.229114205469834076e-02,1.665776726112218331e-02,1.334434274019006942e-10
2.140000000000000124e+00,9.893869858380349713e-02,4.946934929190175056e+09,7.925863553466942933e-10,-3.269860748254900317e-10,-1.634930374126997776e+01,8.228585299169613454e-02,1.665284559210736259e-02,1.334040004864215509e-10
2.145000000000000018e+00,9.892850045028808714e-02,4.946425022514404297e+09,7.925046592905502255e-10,-3.265831515123794929e-10,-1.632915757563023362e+01,8.228057011797282327e-02,1.664793033231526387e-02,1.333646249144768333e-10
2.149999999999999911e+00,9.891831486676617990e-02,4.945915743338309288e+09,7.924230637709379721e-10,-3.261817733739237526e-10,-1.630908866869867779e+01,8.227529337331375425e-02,1.664302149345242565e-02,1.333253007798462822e-10
2.155000000000000249e+00,9.890814178530370204e-02,4.945407089265185356e+09,7.923415684038631288e-10,-3.257819222573597181e-10,-1.628909611288690940e+01,8.227002272750535972e-02,1.663811905779834233e-02,1.332860279405729866e-10
2.160000000000000142e+00,9.889798115852552196e-02,4.944899057926276207e+09,7.922601728098091301e-10,-3.253835804450874736e-10,-1.626917902224522550e+01,8.226475813219430444e-02,1.663322302633121752e-02,1.332468064044932161e-10
2.165000000000000036e+00,9.888783293960341780e-02,4.944391646980171204e+09,7.921788766136406760e-10,-3.249867306210007200e-10,-1.624933653103653342e+01,8.225949954555701604e-02,1.662833339404640176e-02,1.332076361315152843e-10
2.169999999999999929e+00,9.887769708224304621e-02,4.943884854112152100e+09,7.920976794444988870e-10,-3.245913558889097420e-10,-1.622956779446394648e+01,8.225424690354037061e-02,1.662345017870267561e-02,1.331685172639027535e-10
2.175000000000000266e+00,9.886757354067068904e-02,4.943378677033534050e+09,7.920165809356960450e-10,-3.241974397602594301e-10,-1.620987198801594786e+01,8.224900018923367306e-02,1.661857335143701597e-02,1.331294495704372650e-10
2.180000000000000160e+00,9.885746226962123517e-02,4.942873113481061935e+09,7.919355807246187101e-10,-3.238049661147422486e-10,-1.619024830573471263e+01,8.224375935637108503e-02,1.661370291325015014e-02,1.330904330591355949e-10
2.185000000000000053e+00,9.884736322432707833e-02,4.942368161216354370e+09,7.918546784526386954e-10,-3.234139192140625212e-10,-1.617069596069632098e+01,8.223852435083359169e-02,1.660883887349348664e-02,1.330514678049107349e-10
2.189999999999999947e+00,9.883727636050543275e-02,4.941863818025271416e+09,7.917738737650117368e-10,-3.230242836913485186e-10,-1.615121418457420077e+01,8.223329514648451688e-02,1.660398121402091587e-02,1.330125536623963165e-10
2.194999999999999840e+00,9.882720163434775829e-02,4.941360081717388153e+09,7.916931663107929144e-10,-3.226360445348470750e-10,-1.613180222673690878e+01,8.222807169902356106e-02,1.659912993532419723e-02,1.329736906355317873e-10
2.200000000000000178e+00,9.881713900250829741e-02,4.940856950125414848e+09,7.916125557427442148e-10,-3.222491870731005110e-10,-1.611245935365150217e+01,8.222285397748176072e-02,1.659428502502653668e-02,1.329348786251680998e-10
2.205000000000000071e+00,9.880708842209422194e-02,4.940354421104711533e+09,7.915320417172564659e-10,-3.218636969734643260e-10,-1.609318484866525978e+01,8.221764192237898672e-02,1.658944649971523522e-02,1.328961177641841677e-10
2.209999999999999964e+00,9.879704985065428102e-02,4.939852492532713890e+09,7.914516238942573131e-10,-3.214795602461306050e-10,-1.607397801231127232e+01,8.221243552040768954e-02,1.658461433024659148e-02,1.328574078191132264e-10
2.214999999999999858e+00,9.878702324616894792e-02,4.939351162308447838e+09,7.913713019371335677e-10,-3.210967631996587885e-10,-1.605483815998013597e+01,8.220723472606054905e-02,1.657978852010839887e-02,1.328187488178955758e-10
2.220000000000000195e+00,9.877700856704138554e-02,4.938850428352068901e+09,7.912910755126575879e-10,-3.207152924627867713e-10,-1.603576462312776130e+01,8.220203951693957900e-02,1.657496905010180654e-02,1.327801406067314565e-10
2.225000000000000089e+00,9.876700577208671894e-02,4.938350288604335785e+09,7.912109442909022860e-10,-3.203351349765958472e-10,-1.601675674882426392e+01,8.219684981748390240e-02,1.657015595460281654e-02,1.327415834610029690e-10
2.229999999999999982e+00,9.875701482052312574e-02,4.937850741026156425e+09,7.911309079451692668e-10,-3.199562779707937869e-10,-1.599781389853160363e+01,8.219166563827720595e-02,1.656534918224591979e-02,1.327030769692271012e-10
2.234999999999999876e+00,9.874703567196288501e-02,4.937351783598144531e+09,7.910509661519170702e-10,-3.195787089512211021e-10,-1.597893544757971540e+01,8.218648692798825872e-02,1.656054874397462628e-02,1.326646212190709617e-10
2.240000000000000213e+00,9.873706828640388400e-02,4.936853414320194244e+09,7.909711185906935487e-10,-3.192024157170034621e-10,-1.596012078585044947e+01,8.218131366922348802e-02,1.655575461718039598e-02,1.326262160294202020e-10
2.245000000000000107e+00,9.872711262422002865e-02,4.936355631211001396e+09,7.908913649440587331e-10,-3.188273863417052115e-10,-1.594136931707907934e+01,8.217614578105858492e-02,1.655096684316144373e-02,1.325878617311100506e-10
2.250000000000000000e+00,9.871716864615351361e-02,4.935858432307675362e+09,7.908117048975227937e-10,-3.184536091489771723e-10,-1.592268045747186989e+01,8.217098328739272373e-02,1.654618535876078989e-02,1.325495578181972178e-10
2.254999999999999893e+00,9.870723631330702297e-02,4.935361815665350914e+09,7.907321381394840021e-10,-3.180810727284385121e-10,-1.590405363643367309e+01,8.216582613940486002e-02,1.654141017390216295e-02,1.325113043701796025e-10
2.260000000000000231e+00,9.869731558713501496e-02,4.934865779356750488e+09,7.906526643611584206e-10,-3.177097659280534472e-10,-1.588548829640785698e+01,8.216067430460777254e-02,1.653664128252724241e-02,1.324731013385246827e-10
2.265000000000000124e+00,9.868740642943617247e-02,4.934370321471808434e+09,7.905732832565199316e-10,-3.173396778293555295e-10,-1.586698389145021793e+01,8.215552771990219938e-02,1.653187870953397309e-02,1.324349489226870041e-10
2.270000000000000018e+00,9.867750880234645028e-02,4.933875440117322922e+09,7.904939945222440927e-10,-3.169707977523180851e-10,-1.584853988759277854e+01,8.215038641127059282e-02,1.652712239107585745e-02,1.323968466111997267e-10
2.274999999999999911e+00,9.866762266833106754e-02,4.933381133416553497e+09,7.904147978576438238e-10,-3.166031152530248744e-10,-1.583015576266916469e+01,8.214525032842441565e-02,1.652237233990665188e-02,1.323587945062317019e-10
2.280000000000000249e+00,9.865774799017788810e-02,4.932887399508893967e+09,7.903356929646172941e-10,-3.162366201173173448e-10,-1.581183100587804802e+01,8.214011944167685930e-02,1.651762854850102880e-02,1.323207925474984204e-10
2.285000000000000142e+00,9.864788473098966282e-02,4.932394236549483299e+09,7.902566795475850568e-10,-3.158713023375012244e-10,-1.579356511688092723e+01,8.213499368568949466e-02,1.651289104530016816e-02,1.322828409628388201e-10
2.290000000000000036e+00,9.863803285417886701e-02,4.931901642708943367e+09,7.901777573134484831e-10,-3.155071521254755330e-10,-1.577535760626778938e+01,8.212987309064555264e-02,1.650815976353331438e-02,1.322449392173602028e-10
2.294999999999999929e+00,9.862819232345919340e-02,4.931409616172959328e+09,7.900989259715223471e-10,-3.151441599116737907e-10,-1.575720799555710983e+01,8.212475761843353317e-02,1.650343470502566023e-02,1.322070873256839680e-10
2.300000000000000266e+00,9.861836310284036178e-02,4.930918155142018318e+09,7.900201852334928464e-10,-3.147823163113944584e-10,-1.573911581555148587e+01,8.211964723099583752e-02,1.649871587184452426e-02,1.321692853043711764e-10
2.305000000000000160e+00,9.860854515662183239e-02,4.930427257831091881e+09,7.899415348133668335e-10,-3.144216121428003880e-10,-1.572108060715254396e+01,8.211454186036763747e-02,1.649400329625419492e-02,1.321315334118872317e-10
2.310000000000000053e+00,9.859873844938638054e-02,4.929936922469319344e+09,7.898629744274212551e-10,-3.140620384281893714e-10,-1.570310192141914740e+01,8.210944154703504749e-02,1.648929690235133305e-02,1.320938310401794203e-10
2.314999999999999947e+00,9.858894294599389319e-02,4.929447147299695015e+09,7.897845037941526934e-10,-3.137035863649832626e-10,-1.568517931825772393e+01,8.210434625439211320e-02,1.648459669160177998e-02,1.320561782009903725e-10
2.319999999999999840e+00,9.857915861157648396e-02,4.928957930578824043e+09,7.897061226342385923e-10,-3.133462473280573178e-10,-1.566731236639316194e+01,8.209925590875501167e-02,1.647990270282147229e-02,1.320185752052700242e-10
2.325000000000000178e+00,9.856938541153242861e-02,4.928469270576621056e+09,7.896278306704885572e-10,-3.129900128803281078e-10,-1.564950064399454277e+01,8.209417054464999974e-02,1.647521486688242887e-02,1.319810214992422293e-10
2.330000000000000071e+00,9.855962331152041955e-02,4.927981165576021194e+09,7.895496276277985498e-10,-3.126348747543305508e-10,-1.563174373771471437e+01,8.208909010527290495e-02,1.647053320624751460e-02,1.319435172628543657e-10
2.334999999999999964e+00,9.854987227745468092e-02,4.927493613872734070e+09,7.894715132331111834e-10,-3.122808248469239570e-10,-1.561404124232649338e+01,8.208401459046585358e-02,1.646585768698882735e-02,1.319060622243139352e-10
2.339999999999999858e+00,9.854013227549981990e-02,4.927006613774991035e+09,7.893934872153752946e-10,-3.119278552218331270e-10,-1.559639276108646300e+01,8.207894392287595764e-02,1.646118835262386226e-02,1.318686567322345267e-10
2.345000000000000195e+00,9.853040327206524784e-02,4.926520163603261948e+09,7.893155493055003446e-10,-3.115759581088013193e-10,-1.557879790545848664e+01,8.207387814453398489e-02,1.645652512753126295e-02,1.318313001808223018e-10
2.350000000000000089e+00,9.852068523380062837e-02,4.926034261690031052e+09,7.892376992363208509e-10,-3.112251258779675031e-10,-1.556125629390589893e+01,8.206881719649487816e-02,1.645186803730575020e-02,1.317939927751135692e-10
2.354999999999999982e+00,9.851097812759156136e-02,4.925548906379577637e+09,7.891599367425612318e-10,-3.108753510538424025e-10,-1.554376755269186106e+01,8.206376108096088973e-02,1.644721704663067163e-02,1.317567342321907426e-10
2.359999999999999876e+00,9.850128192055435106e-02,4.925064096027717590e+09,7.890822615607940340e-10,-3.105266263176378368e-10,-1.552633131587936077e+01,8.205870972164121258e-02,1.644257219891313848e-02,1.317195248997831290e-10
2.365000000000000213e+00,9.849159658003134310e-02,4.924579829001566887e+09,7.890046734294025023e-10,-3.101789444899025449e-10,-1.550894722450175323e+01,8.205366316346220101e-02,1.643793341656914209e-02,1.316823641563743321e-10
2.370000000000000107e+00,9.848192207358694161e-02,4.924096103679347038e+09,7.889271720885490438e-10,-3.098322985250164717e-10,-1.549161492622806691e+01,8.204862134577653454e-02,1.643330072781040707e-02,1.316452522279651395e-10
2.375000000000000000e+00,9.847225836900330709e-02,4.923612918450165749e+09,7.888497572801402794e-10,-3.094866815177552729e-10,-1.547433407588687260e+01,8.204358428069527531e-02,1.642867408830803178e-02,1.316081887594418997e-10
2.379999999999999893e+00,9.846260543427574896e-02,4.923130271713787079e+09,7.887724287477900272e-10,-3.091420866994786670e-10,-1.545710433498607017e+01,8.203855187629273404e-02,1.642405355798301492e-02,1.315711742308247339e-10
2.385000000000000231e+00,9.845296323760896473e-02,4.922648161880448341e+09,7.886951862367903515e-10,-3.087985074203427433e-10,-1.543992537098529283e+01,8.203352419111206717e-02,1.641943904649689756e-02,1.315342079184228369e-10
2.390000000000000124e+00,9.844333174741332071e-02,4.922166587370666504e+09,7.886180294940801296e-10,-3.084559371588290827e-10,-1.542279685793619137e+01,8.202850116182149043e-02,1.641483058559183028e-02,1.314972900765188444e-10
2.395000000000000018e+00,9.843371093230050828e-02,4.921685546615025520e+09,7.885409582682111379e-10,-3.081143695242858564e-10,-1.540571847623505164e+01,8.202348280198627772e-02,1.641022813031423055e-02,1.314604203449948428e-10
2.399999999999999911e+00,9.842410076107972750e-02,4.921205038053986549e+09,7.884639723093177559e-10,-3.077737982389283758e-10,-1.538868991193885449e+01,8.201846903154649815e-02,1.640563172953322935e-02,1.314235991153357187e-10
2.405000000000000249e+00,9.841450120275460622e-02,4.920725060137730598e+09,7.883870713690916340e-10,-3.074342171369920596e-10,-1.537171085685258731e+01,8.201345989417245519e-02,1.640104130858215103e-02,1.313868257893955133e-10
2.410000000000000142e+00,9.840491222651912007e-02,4.920245611325956345e+09,7.883102552007492268e-10,-3.070956201723557303e-10,-1.535478100861655548e+01,8.200845534451674246e-02,1.639645688200237761e-02,1.313501004836635131e-10
2.415000000000000036e+00,9.839533380175426169e-02,4.919766690087713242e+09,7.882335235590053230e-10,-3.067580014102830430e-10,-1.533790007051720750e+01,8.200345535737275926e-02,1.639187844438150243e-02,1.313134231547815469e-10
2.419999999999999929e+00,9.838576589802448813e-02,4.919288294901224136e+09,7.881568762000441978e-10,-3.064213550140817163e-10,-1.532106775070133153e+01,8.199845991104354193e-02,1.638730598698094620e-02,1.312767937327458883e-10
2.425000000000000266e+00,9.837620848507498683e-02,4.918810424253748894e+09,7.880803128814983128e-10,-3.060856752539973787e-10,-1.530428376271447632e+01,8.199346901053850001e-02,1.638273947453648682e-02,1.312402119350589776e-10
2.430000000000000160e+00,9.836666153282787317e-02,4.918333076641393661e+09,7.880038333624171933e-10,-3.057509565129310403e-10,-1.528754782564647030e+01,8.198848262184883773e-02,1.637817891097903544e-02,1.312036777932108829e-10
2.435000000000000053e+00,9.835712501137897079e-02,4.917856250568948746e+09,7.879274374032417860e-10,-3.054171932616633797e-10,-1.527085966308368370e+01,8.198350072259301402e-02,1.637362428878595677e-02,1.311671912469386273e-10
2.439999999999999947e+00,9.834759889099549401e-02,4.917379944549775124e+09,7.878511247657864675e-10,-3.050843800688073809e-10,-1.525421900342917070e+01,8.197852330149195399e-02,1.636907558950354002e-02,1.311307521484117486e-10
2.444999999999999840e+00,9.833808314211220369e-02,4.916904157105609894e+09,7.877748952132073013e-10,-3.047525116014436079e-10,-1.523762558007729240e+01,8.197355033430780979e-02,1.636453280780439390e-02,1.310943604549530524e-10
2.450000000000000178e+00,9.832857773532922840e-02,4.916428886766461372e+09,7.876987485099855976e-10,-3.044215826185556997e-10,-1.522107913091895171e+01,8.196858182442219587e-02,1.635999591090703253e-02,1.310580159039539680e-10
2.455000000000000071e+00,9.831908264140845621e-02,4.915954132070423126e+09,7.876226844218981351e-10,-3.040915879610777328e-10,-1.520457939805055503e+01,8.196361773209127899e-02,1.635546490931717722e-02,1.310217185795745394e-10
2.459999999999999964e+00,9.830959783127195262e-02,4.915479891563597679e+09,7.875467027160049595e-10,-3.037625225616351002e-10,-1.518812612806505058e+01,8.195865804946414479e-02,1.635093978180780783e-02,1.309854683117676292e-10
2.464999999999999858e+00,9.830012327599797761e-02,4.915006163799899101e+09,7.874708031606174342e-10,-3.034343814445445114e-10,-1.517171907222655136e+01,8.195370274532033650e-02,1.634642053067764111e-02,1.309492651189479580e-10
2.470000000000000195e+00,9.829065894681905668e-02,4.914532947340952873e+09,7.873949855252826269e-10,-3.031071597059087184e-10,-1.515535798530618194e+01,8.194875183111857697e-02,1.634190711570047971e-02,1.309131086788681896e-10
2.475000000000000089e+00,9.828120481511957995e-02,4.914060240755978584e+09,7.873192495807642846e-10,-3.027808525233573943e-10,-1.513904262614960317e+01,8.194380527326888819e-02,1.633739954185069176e-02,1.308769990313774139e-10
2.479999999999999982e+00,9.827176085243308212e-02,4.913588042621654510e+09,7.872435950990210168e-10,-3.024554551602822979e-10,-1.512277275801170617e+01,8.193886305709006945e-02,1.633289779534301267e-02,1.308409360660434263e-10
2.484999999999999876e+00,9.826232703043955019e-02,4.913116351521977425e+09,7.871680218531841683e-10,-3.021309629563081534e-10,-1.510654814784356859e+01,8.193392515008186827e-02,1.632840188035768192e-02,1.308049198163537031e-10
2.490000000000000213e+00,9.825290332096338342e-02,4.912645166048169136e+09,7.870925296175426195e-10,-3.018073713152224309e-10,-1.509036856575403363e+01,8.192899157009869704e-02,1.632391175086468638e-02,1.307689499135671539e-10
2.495000000000000107e+00,9.824348969597153369e-02,4.912174484798576355e+09,7.870171181675266571e-10,-3.014846757208572138e-10,-1.507423378604289610e+01,8.192406228608180296e-02,1.631942740988973073e-02,1.307330263819223420e-10
2.500000000000000000e+00,9.823408612757017488e-02,4.911704306378508568e+09,7.869417872796823307e-10,-3.011628717353951332e-10,-1.505814358676434495e+01,8.191913727370003784e-02,1.631494885387013705e-02,1.306971491928790548e-10
2.504999999999999893e+00,9.822469258800324565e-02,4.911234629400162697e+09,7.868665367316589422e-10,-3.008419549741701376e-10,-1.504209774870832916e+01,8.191421651123252656e-02,1.631047607677071909e-02,1.306613182980901622e-10
2.510000000000000231e+00,9.821530904965067310e-02,4.910765452482533455e+09,7.867913663021951902e-10,-3.005219211270550750e-10,-1.502609605636098422e+01,8.190930002458858550e-02,1.630600902506208760e-02,1.306255332687379711e-10
2.515000000000000124e+00,9.820593548502534742e-02,4.910296774251267433e+09,7.867162757710952856e-10,-3.002027659557088355e-10,-1.501013829780276865e+01,8.190438775482294931e-02,1.630154773020239811e-02,1.305897943568300860e-10
2.520000000000000018e+00,9.819657186677176186e-02,4.909828593338587761e+09,7.866412649192172672e-10,-2.998844852802355827e-10,-1.499422426399542019e+01,8.189947969659287785e-02,1.629709217017888401e-02,1.305541013860247836e-10
2.524999999999999911e+00,9.818721816766370902e-02,4.909360908383185387e+09,7.865663335284554243e-10,-2.995670749768554128e-10,-1.497835374881105963e+01,8.189457583642745231e-02,1.629264233123625671e-02,1.305184542461301033e-10
2.530000000000000249e+00,9.817787436060300410e-02,4.908893718030150414e+09,7.864914813817291298e-10,-2.992505309923039150e-10,-1.496252654964337125e+01,8.188967619030382283e-02,1.628819817029918127e-02,1.304828525920744952e-10
2.535000000000000142e+00,9.816854041861643176e-02,4.908427020930821419e+09,7.864167082629590589e-10,-2.989348493364206330e-10,-1.494674246682552621e+01,8.188478069917674851e-02,1.628375971943968326e-02,1.304472966807832820e-10
2.540000000000000036e+00,9.815921631485494125e-02,4.907960815742747307e+09,7.863420139570608814e-10,-2.986200260582203844e-10,-1.493100130290258676e+01,8.187988936420972919e-02,1.627932695064521207e-02,1.304117862878511522e-10
2.544999999999999929e+00,9.814990202259185614e-02,4.907495101129592896e+09,7.862673982499300628e-10,-2.983060572776569959e-10,-1.491530286389752291e+01,8.187500217068240105e-02,1.627489985190945510e-02,1.303763213170969564e-10
2.550000000000000266e+00,9.814059751522027919e-02,4.907029875761013985e+09,7.861928609284219082e-10,-2.979929391746118756e-10,-1.489964695874368772e+01,8.187011913065871116e-02,1.627047838456156803e-02,1.303409014587330507e-10
2.555000000000000160e+00,9.813130276625202375e-02,4.906565138312601089e+09,7.861184017803426701e-10,-2.976806679647535733e-10,-1.488403339822252747e+01,8.186524018804862413e-02,1.626606257820339962e-02,1.303055269498964004e-10
2.560000000000000053e+00,9.812201774931632314e-02,4.906100887465816498e+09,7.860440205944394156e-10,-2.973692399300309670e-10,-1.486846199650608469e+01,8.186036534988244684e-02,1.626165239943387630e-02,1.302701975230149634e-10
2.564999999999999947e+00,9.811274243815712448e-02,4.905637121907855988e+09,7.859697171603775892e-10,-2.970586514013090875e-10,-1.485293257008015644e+01,8.185549460294895552e-02,1.625724783520816896e-02,1.302349130735880405e-10
2.569999999999999840e+00,9.810347680663265846e-02,4.905173840331632614e+09,7.858954912687388413e-10,-2.967488987539221952e-10,-1.483744493768608663e+01,8.185062793445563312e-02,1.625284887217702534e-02,1.301996734946764036e-10
2.575000000000000178e+00,9.809422082871305237e-02,4.904711041435652733e+09,7.858213427110007621e-10,-2.964399784152970768e-10,-1.482199892077187542e+01,8.184576532231059576e-02,1.624845550640245662e-02,1.301644787547332713e-10
2.580000000000000071e+00,9.808497447847952522e-02,4.904248723923975945e+09,7.857472712795310918e-10,-2.961318868609296389e-10,-1.480659434304106981e+01,8.184090675982272356e-02,1.624406771865680166e-02,1.301293286997280750e-10
2.584999999999999964e+00,9.807573773012223661e-02,4.903786886506112099e+09,7.856732767675702460e-10,-2.958246206156554570e-10,-1.479123103077290580e+01,8.183605223255918659e-02,1.623968549756305002e-02,1.300942232385208916e-10
2.589999999999999858e+00,9.806651055793932925e-02,4.903325527896966934e+09,7.855993589692234577e-10,-2.955181762356503259e-10,-1.477590881180367433e+01,8.183120172929672642e-02,1.623530882864260283e-02,1.300591622551254379e-10
2.595000000000000195e+00,9.805729293633581867e-02,4.902864646816790581e+09,7.855255176794524018e-10,-2.952125503378646542e-10,-1.476062751689460129e+01,8.182635523265821553e-02,1.623093770367760313e-02,1.300241456837093558e-10
2.600000000000000089e+00,9.804808483982106748e-02,4.902404241991053581e+09,7.854517526940547230e-10,-2.949077395780006080e-10,-1.474538697890238836e+01,8.182151272614847370e-02,1.622657211367259378e-02,1.299891734522111001e-10
2.604999999999999982e+00,9.803888624300878540e-02,4.901944312150439262e+09,7.853780638096635182e-10,-2.946037406422535393e-10,-1.473018703210982494e+01,8.181667421235769289e-02,1.622221203065109252e-02,1.299542453365143558e-10
2.609999999999999876e+00,9.802969712061518348e-02,4.901484856030758858e+09,7.853044508237334813e-10,-2.943005502699701177e-10,-1.471502751349180471e+01,8.181183966773618310e-02,1.621785745287900038e-02,1.299193613227274257e-10
2.615000000000000213e+00,9.802051744745750306e-02,4.901025872372875214e+09,7.852309135345285993e-10,-2.939981652360723965e-10,-1.469990826181310695e+01,8.180700907785398712e-02,1.621350836960351594e-02,1.298845213247109520e-10
2.620000000000000107e+00,9.801134719845322474e-02,4.900567359922660828e+09,7.851574517411154310e-10,-2.936965823580458347e-10,-1.468482911790488288e+01,8.180218242727020639e-02,1.620916477118301835e-02,1.298497252652269451e-10
2.625000000000000000e+00,9.800218634861825040e-02,4.900109317430912971e+09,7.850840652433496657e-10,-2.933957984834455608e-10,-1.466978992415533867e+01,8.179735971831718355e-02,1.620482663030106685e-02,1.298149729254466349e-10
2.629999999999999893e+00,9.799303487306679217e-02,4.899651743653339386e+09,7.850107538418737446e-10,-2.930958104994254936e-10,-1.465479052497539669e+01,8.179254092870438808e-02,1.620049394436240409e-02,1.297802642845796900e-10
2.635000000000000231e+00,9.798389274700905482e-02,4.899194637350452423e+09,7.849375173380998007e-10,-2.927966153424792212e-10,-1.463983076713338960e+01,8.178772604533481039e-02,1.619616670167424444e-02,1.297455992489566170e-10
2.640000000000000124e+00,9.797475994575045866e-02,4.898737997287523270e+09,7.848643555342024207e-10,-2.924982099656174740e-10,-1.462491049828531686e+01,8.178291505035105435e-02,1.619184489539940430e-02,1.297109777638054968e-10
2.645000000000000018e+00,9.796563644469141741e-02,4.898281822234570503e+09,7.847912682331169904e-10,-2.922005913620850476e-10,-1.461002956810989417e+01,8.177810794893718149e-02,1.618752849575423591e-02,1.296763995905330092e-10
2.649999999999999911e+00,9.795652221932497905e-02,4.897826110966248512e+09,7.847182552385213938e-10,-2.919037565679019012e-10,-1.459518782838131301e+01,8.177330471666724443e-02,1.618321750265773462e-02,1.296418647284902827e-10
2.655000000000000249e+00,9.794741724523654824e-02,4.897370862261827469e+09,7.846453163548332214e-10,-2.916077026417461255e-10,-1.458038513206702191e+01,8.176850534255307446e-02,1.617891190268347379e-02,1.296073730701196944e-10
2.660000000000000142e+00,9.793832149810277610e-02,4.896916074905138969e+09,7.845724513872006705e-10,-2.913124266759653709e-10,-1.456562133379338775e+01,8.176370981232632118e-02,1.617461168577645492e-02,1.295729245348719214e-10
2.665000000000000036e+00,9.792923495369053322e-02,4.896461747684526443e+09,7.844996601414951014e-10,-2.910179257995414626e-10,-1.455089628997666296e+01,8.175891812890140331e-02,1.617031682478912991e-02,1.295385189052710734e-10
2.669999999999999929e+00,9.792015758785570234e-02,4.896007879392785072e+09,7.844269424243010073e-10,-2.907241971691965548e-10,-1.453620985844463576e+01,8.175413026087942348e-02,1.616602732697627887e-02,1.295041562394343433e-10
2.675000000000000266e+00,9.791108937654256772e-02,4.895554468827128410e+09,7.843542980429106379e-10,-2.904312379681225816e-10,-1.452156189840752631e+01,8.174934620514981432e-02,1.616174317139275340e-02,1.294698363695726159e-10
2.680000000000000160e+00,9.790203029578287142e-02,4.895101514789143562e+09,7.842817268053170717e-10,-2.901390454108516959e-10,-1.450695227055985015e+01,8.174456595192816644e-02,1.615746434385470498e-02,1.294355591820607432e-10
2.685000000000000053e+00,9.789298032169471697e-02,4.894649016084735870e+09,7.842092285202053238e-10,-2.898476167457973685e-10,-1.449238083728414495e+01,8.173978949408229611e-02,1.615319082761242087e-02,1.294013245427187079e-10
2.689999999999999947e+00,9.788393943048157020e-02,4.894196971524078369e+09,7.841368029969440738e-10,-2.895569492446664763e-10,-1.447784746224351693e+01,8.173501680732705998e-02,1.614892262315451021e-02,1.293671324554607028e-10
2.694999999999999840e+00,9.787490759843188448e-02,4.893745379921594620e+09,7.840644500455830815e-10,-2.892670402020357858e-10,-1.446335201009060256e+01,8.173024788849052313e-02,1.614465970994136135e-02,1.293329827557463127e-10
2.700000000000000178e+00,9.786588480191793504e-02,4.893294240095896721e+09,7.839921694768431568e-10,-2.889778869491162384e-10,-1.444889434745709877e+01,8.172548273162738575e-02,1.614040207029054930e-02,1.292988753019237012e-10
2.705000000000000071e+00,9.785687101739477811e-02,4.892843550869738579e+09,7.839199611021085085e-10,-2.886894868391416322e-10,-1.443447434196423274e+01,8.172072131191218669e-02,1.613614970548259142e-02,1.292648101042509418e-10
2.709999999999999964e+00,9.784786622139983459e-02,4.892393311069992065e+09,7.838478247334234355e-10,-2.884018372444040066e-10,-1.442009186222276185e+01,8.171596362730086660e-02,1.613190259409896798e-02,1.292307869911467614e-10
2.714999999999999858e+00,9.783887039055227941e-02,4.891943519527613640e+09,7.837757601834864331e-10,-2.881149355676885870e-10,-1.440574677840049844e+01,8.171120966554959453e-02,1.612766072500268488e-02,1.291968058733939924e-10
2.720000000000000195e+00,9.782988350155150115e-02,4.891494175077574730e+09,7.837037672656394398e-10,-2.878287792433325762e-10,-1.439143896216410212e+01,8.170645942348446489e-02,1.612342407806703626e-02,1.291628665897599856e-10
2.725000000000000089e+00,9.782090553117690768e-02,4.891045276558845520e+09,7.836318457938649421e-10,-2.875433657179551547e-10,-1.437716828587872442e+01,8.170171286779162600e-02,1.611919266338528167e-02,1.291289692211006120e-10
2.729999999999999982e+00,9.781193645628723232e-02,4.890596822814361572e+09,7.835599955827808047e-10,-2.872586924587160521e-10,-1.436293462292815093e+01,8.169697000828961275e-02,1.611496644799761957e-02,1.290951135033788119e-10
2.734999999999999876e+00,9.780297625381989546e-02,4.890148812690995216e+09,7.834882164476355138e-10,-2.869747569740678538e-10,-1.434873784871888347e+01,8.169223083005286434e-02,1.611074542376703111e-02,1.290612993714098061e-10
2.740000000000000213e+00,9.779402490078926979e-02,4.889701245039463043e+09,7.834165082042935987e-10,-2.866915567802982005e-10,-1.433457783900666982e+01,8.168749532624944298e-02,1.610652957453982681e-02,1.290275266957883482e-10
2.745000000000000107e+00,9.778508237428774896e-02,4.889254118714387894e+09,7.833448706692453506e-10,-2.864090894127529737e-10,-1.432045447062409949e+01,8.168276346094713314e-02,1.610231891334061582e-02,1.289937955808530102e-10
2.750000000000000000e+00,9.777614865148351320e-02,4.888807432574175835e+09,7.832733036595874877e-10,-2.861273524366359666e-10,-1.430636762184440158e+01,8.167803525384663421e-02,1.609811339763687899e-02,1.289601056858807825e-10
2.754999999999999893e+00,9.776722370962087627e-02,4.888361185481043816e+09,7.832018069930267737e-10,-2.858463434379032795e-10,-1.429231717191578355e+01,8.167331068678612693e-02,1.609391302283474934e-02,1.289264569740707096e-10
2.760000000000000231e+00,9.775830752601880058e-02,4.887915376300939560e+09,7.831303804878682309e-10,-2.855660600196634300e-10,-1.427830300095956773e+01,8.166858975390578479e-02,1.608971777211301579e-02,1.288928493106700552e-10
2.765000000000000124e+00,9.774940007807118858e-02,4.887470003903559685e+09,7.830590239630172076e-10,-2.852864998004832868e-10,-1.426432499002839904e+01,8.166387240691885818e-02,1.608552767115233040e-02,1.288592829014034713e-10
2.770000000000000018e+00,9.774050134324552275e-02,4.887025067162276268e+09,7.829877372379679015e-10,-2.850076604287876301e-10,-1.425038302145549096e+01,8.165915868363203545e-02,1.608134265961348730e-02,1.288257572629007292e-10
2.774999999999999911e+00,9.773161129908262967e-02,4.886580564954131126e+09,7.829165201328027393e-10,-2.847295395669772837e-10,-1.423647697833075654e+01,8.165444856100317894e-02,1.607716273807945073e-02,1.287922723998317805e-10
2.780000000000000249e+00,9.772272992319579188e-02,4.886136496159790039e+09,7.828453724681846213e-10,-2.844521348924879063e-10,-1.422260674461722374e+01,8.164974203104063966e-02,1.607298789215515222e-02,1.287588281968794792e-10
2.785000000000000142e+00,9.771385719327080333e-02,4.885692859663539886e+09,7.827742940653564052e-10,-2.841754441060485625e-10,-1.420877220529655460e+01,8.164503903629148629e-02,1.606881815697931704e-02,1.287254249355360247e-10
2.790000000000000036e+00,9.770499308706452612e-02,4.885249654353226662e+09,7.827032847461315995e-10,-2.838994649282935913e-10,-1.419497324641270097e+01,8.164033962961231294e-02,1.606465345745221318e-02,1.286920620141862363e-10
2.794999999999999929e+00,9.769613758240497381e-02,4.884806879120248795e+09,7.826323443328925032e-10,-2.836241950889629358e-10,-1.418120975446072407e+01,8.163564378953340472e-02,1.606049379287156909e-02,1.286587394272043039e-10
2.800000000000000266e+00,9.768729065719068683e-02,4.884364532859534264e+09,7.825614726485869998e-10,-2.833496323434192858e-10,-1.416748161718714982e+01,8.163095149855884025e-02,1.605633915863184658e-02,1.286254571376958264e-10
2.805000000000000160e+00,9.767845228938981661e-02,4.883922614469491005e+09,7.824906695167208027e-10,-2.830757744635424735e-10,-1.415378872318251524e+01,8.162626269385442335e-02,1.605218959553539326e-02,1.285922154725235753e-10
2.810000000000000053e+00,9.766962245703994516e-02,4.883481122851997375e+09,7.824199347613552840e-10,-2.828026192292591441e-10,-1.414013096145936288e+01,8.162157744413030269e-02,1.604804501290964247e-02,1.285590137053202989e-10
2.814999999999999947e+00,9.766080113824779363e-02,4.883040056912389755e+09,7.823492682071060267e-10,-2.825301644454834149e-10,-1.412650822229625192e+01,8.161689572407548887e-02,1.604390541417230476e-02,1.285258518634647708e-10
2.819999999999999840e+00,9.765198831118800105e-02,4.882599415559399605e+09,7.822786696791325886e-10,-2.822584079298348972e-10,-1.411292039649561048e+01,8.161221747236706292e-02,1.603977083882093813e-02,1.284927302633674306e-10
2.825000000000000178e+00,9.764318395410342966e-02,4.882159197705171585e+09,7.822081390031411903e-10,-2.819873475151797956e-10,-1.409936737574753352e+01,8.160754273824188942e-02,1.603564121586154023e-02,1.284596483363035310e-10
2.830000000000000071e+00,9.763438804530401305e-02,4.881719402265200615e+09,7.821376760053750996e-10,-2.817169810513249733e-10,-1.408584905258612707e+01,8.160287148669106982e-02,1.603151655861294322e-02,1.284266061889687210e-10
2.834999999999999964e+00,9.762560056316679780e-02,4.881280028158339500e+09,7.820672805126153549e-10,-2.814473063961241069e-10,-1.407236531982198358e+01,8.159820372747952910e-02,1.602739683568726869e-02,1.283936035699183699e-10
2.839999999999999858e+00,9.761682148613548549e-02,4.880841074306774139e+09,7.819969523521770433e-10,-2.811783214351712016e-10,-1.405891607174999081e+01,8.159353938977004228e-02,1.602328209636544321e-02,1.283606408739362384e-10
2.845000000000000195e+00,9.760805079271901719e-02,4.880402539635951042e+09,7.819266913518979265e-10,-2.809100240612600431e-10,-1.404550120304338634e+01,8.158887853911189758e-02,1.601917225360711960e-02,1.283277174037522384e-10
2.850000000000000089e+00,9.759928846149266979e-02,4.879964423074633598e+09,7.818564973401468162e-10,-2.806424121703607902e-10,-1.403212060850637499e+01,8.158422112887919742e-02,1.601506733261347237e-02,1.282948333612500607e-10
2.854999999999999982e+00,9.759053447109664048e-02,4.879526723554832458e+09,7.817863701458129240e-10,-2.803754836919014035e-10,-1.401877418460207991e+01,8.157956718453011902e-02,1.601096728656652146e-02,1.282619883713763220e-10
2.859999999999999876e+00,9.758178880023544999e-02,4.879089440011772156e+09,7.817163095983005883e-10,-2.801092365639919310e-10,-1.400546182821562979e+01,8.157491660006779832e-02,1.600687220016765167e-02,1.282291831126638925e-10
2.865000000000000213e+00,9.757305142767809525e-02,4.878652571383904457e+09,7.816463155275308254e-10,-2.798436687234718716e-10,-1.399218343615939375e+01,8.157026947713692799e-02,1.600278195054116726e-02,1.281964166007699888e-10
2.870000000000000107e+00,9.756432233225778572e-02,4.878216116612889290e+09,7.815763877639389508e-10,-2.795787781338622617e-10,-1.397893890670093242e+01,8.156562575490854117e-02,1.599869657734924455e-02,1.281636891534236540e-10
2.875000000000000000e+00,9.755560149287062499e-02,4.877780074643530846e+09,7.815065261384640333e-10,-2.793145627756247969e-10,-1.396572813877719454e+01,8.156098546557805085e-02,1.599461602729257415e-02,1.281310003436503340e-10
2.879999999999999893e+00,9.754688888847584671e-02,4.877344444423791885e+09,7.814367304825510657e-10,-2.790510206262565573e-10,-1.395255103129602503e+01,8.155634849075897586e-02,1.599054039771687086e-02,1.280983509512751719e-10
2.885000000000000231e+00,9.753818449809584235e-02,4.876909224904791832e+09,7.813670006281507586e-10,-2.787881496821011064e-10,-1.393940748411114328e+01,8.155171494443107238e-02,1.598646955366476996e-02,1.280657398951705220e-10
2.890000000000000124e+00,9.752948830081491216e-02,4.876474415040745735e+09,7.812973364077100275e-10,-2.785259479615248638e-10,-1.392629739808035083e+01,8.154708477579164505e-02,1.598240352502326711e-02,1.280331674147575572e-10
2.895000000000000018e+00,9.752080027577908483e-02,4.876040013788953781e+09,7.812277376541699250e-10,-2.782644134833177661e-10,-1.391322067416331265e+01,8.154245797497591819e-02,1.597834230080316664e-02,1.280006334220031670e-10
2.899999999999999911e+00,9.751212040219636723e-02,4.875606020109818459e+09,7.811582042009684323e-10,-2.780035442749518372e-10,-1.390017721374169923e+01,8.153783446167438276e-02,1.597428594052198447e-02,1.279681383936951873e-10
2.905000000000000249e+00,9.750344865933584237e-02,4.875172432966792107e+09,7.810887358820324979e-10,-2.777433383916394304e-10,-1.388716691956506111e+01,8.153321434346681718e-02,1.597023431586902520e-02,1.279356813019516401e-10
2.910000000000000142e+00,9.749478502652694778e-02,4.874739251326347351e+09,7.810193325317726606e-10,-2.774837938881693822e-10,-1.387418969442660455e+01,8.152859756679295411e-02,1.596618745973399367e-02,1.279032624102480846e-10
2.915000000000000036e+00,9.748612948316014160e-02,4.874306474158006668e+09,7.809499939850882196e-10,-2.772249088239892104e-10,-1.386124544117774349e+01,8.152398412040036402e-02,1.596214536275977758e-02,1.278708816436258531e-10
2.919999999999999929e+00,9.747748200868606994e-02,4.873874100434303284e+09,7.808807200773609274e-10,-2.769666812831103885e-10,-1.384833406415418722e+01,8.151937392296307316e-02,1.595810808572299677e-02,1.278385394889592665e-10
2.925000000000000266e+00,9.746884258261460932e-02,4.873442129130730629e+09,7.808115106444467174e-10,-2.767091093603440597e-10,-1.383545546802633908e+01,8.151476707634570940e-02,1.595407550626889992e-02,1.278062349660787452e-10
2.930000000000000160e+00,9.746021118451547727e-02,4.873010559225773811e+09,7.807423655226807711e-10,-2.764521911469014774e-10,-1.382260955734818708e+01,8.151016355498978683e-02,1.595004762952569044e-02,1.277739681160657490e-10
2.935000000000000053e+00,9.745158779401763560e-02,4.872579389700881958e+09,7.806732845488732782e-10,-2.761959247509345540e-10,-1.380979623751773033e+01,8.150556331527311626e-02,1.594602447874451934e-02,1.277417391251824818e-10
2.939999999999999947e+00,9.744297239080886019e-02,4.872148619540443420e+09,7.806042675603054047e-10,-2.759403083013475089e-10,-1.379701541509712115e+01,8.150096629384373514e-02,1.594200609696512505e-02,1.277095483382152970e-10
2.944999999999999840e+00,9.743436495463492220e-02,4.871718247731745720e+09,7.805353143947225714e-10,-2.756853399266210453e-10,-1.378426699634292163e+01,8.149637258463962586e-02,1.593799236999529634e-02,1.276773948403837336e-10
2.950000000000000178e+00,9.742576546530037906e-02,4.871288273265019417e+09,7.804664248903420024e-10,-2.754310177592592725e-10,-1.377155088794825133e+01,8.149178216543380426e-02,1.593398329986657480e-02,1.276452786479621824e-10
2.955000000000000071e+00,9.741717390266758925e-02,4.870858695133379936e+09,7.803975988858430054e-10,-2.751773399537891569e-10,-1.375886699771217536e+01,8.148719493907700950e-02,1.592997896359057974e-02,1.276132003778817964e-10
2.959999999999999964e+00,9.740859024665628196e-02,4.870429512332814217e+09,7.803288362203649043e-10,-2.749243046755373346e-10,-1.374621523376845289e+01,8.148261100405726487e-02,1.592597924259901709e-02,1.275811590803058126e-10
2.964999999999999858e+00,9.740001447724337680e-02,4.870000723862169266e+09,7.802601367335052806e-10,-2.746719100853835190e-10,-1.373359550426539499e+01,8.147803029011879694e-02,1.592198418712457986e-02,1.275491551576423994e-10
2.970000000000000195e+00,9.739144657446331677e-02,4.869572328723165512e+09,7.801915002653222489e-10,-2.744201543571246757e-10,-1.372100771786062978e+01,8.147345282803868105e-02,1.591799374642463571e-02,1.275171882033983568e-10
2.975000000000000089e+00,9.738288651840701360e-02,4.869144325920351028e+09,7.801229266563265983e-10,-2.741690356878511765e-10,-1.370845178439049050e+01,8.146887853074306907e-02,1.591400798766394453e-02,1.274852587556226460e-10
2.979999999999999982e+00,9.737433428922150080e-02,4.868716714461074829e+09,7.800544157474783804e-10,-2.739185522719005361e-10,-1.369592761358944699e+01,8.146430748902756813e-02,1.591002680019393267e-02,1.274533659279225069e-10
2.984999999999999876e+00,9.736578986711033612e-02,4.868289493355516434e+09,7.799859673801906315e-10,-2.736687023046690604e-10,-1.368343511525017675e+01,8.145973962789995748e-02,1.590605023921037864e-02,1.274215101624648804e-10
2.990000000000000213e+00,9.735725323233318518e-02,4.867862661616659164e+09,7.799175813963259607e-10,-2.734194840046347031e-10,-1.367097420022764709e+01,8.145517498313555038e-02,1.590207824919763480e-02,1.273896910145204011e-10
2.995000000000000107e+00,9.734872436520485006e-02,4.867436218260242462e+09,7.798492576381883812e-10,-2.731708955985339890e-10,-1.365854477991524618e+01,8.145061348081540642e-02,1.589811088438944364e-02,1.273579089185491939e-10
3.000000000000000000e+00,9.734020324609561625e-02,4.867010162304780960e+09,7.797809959485267226e-10,-2.729229353111976191e-10,-1.364614676556084305e+01,8.144605519265667171e-02,1.589414805343894455e-02,1.273261631427822851e-10
3.004999999999999893e+00,9.733168985543111384e-02,4.866584492771555901e+09,7.797127961705328734e-10,-2.726756013805853047e-10,-1.363378006903803907e+01,8.144150004538727727e-02,1.589018981004383657e-02,1.272944541173856464e-10
3.010000000000000231e+00,9.732318417369162367e-02,4.866159208684580803e+09,7.796446581478365069e-10,-2.724288920541858780e-10,-1.362144460271520074e+01,8.143694809080810615e-02,1.588623608288351752e-02,1.272627812710182876e-10
3.015000000000000124e+00,9.731468618141210503e-02,4.865734309070605278e+09,7.795765817245057027e-10,-2.721828055868997094e-10,-1.360914027935359627e+01,8.143239924513016870e-02,1.588228693628193633e-02,1.272311451189718284e-10
3.020000000000000018e+00,9.730619585918176551e-02,4.865309792959088326e+09,7.795085667450428097e-10,-2.719373402420974988e-10,-1.359686701209284365e+01,8.142785356603621238e-02,1.587834229314555312e-02,1.271995450436589287e-10
3.024999999999999911e+00,9.729771318764406096e-02,4.864885659382203102e+09,7.794406130543848607e-10,-2.716924942867498361e-10,-1.358462471434904728e+01,8.142331099742425304e-02,1.587440219021980792e-02,1.271679813394429765e-10
3.030000000000000249e+00,9.728923814749620980e-02,4.864461907374810219e+09,7.793727204978992288e-10,-2.714482660015915967e-10,-1.357241330010583624e+01,8.141877158820370886e-02,1.587046655929250094e-02,1.271364534598840905e-10
3.035000000000000142e+00,9.728077071948908194e-02,4.864038535974453926e+09,7.793048889213838349e-10,-2.712046536728633699e-10,-1.356023268365242984e+01,8.141423527103278102e-02,1.586653544845630093e-02,1.271049617902469920e-10
3.040000000000000036e+00,9.727231088442683804e-02,4.863615544221342087e+09,7.792371181710627012e-10,-2.709616555935820089e-10,-1.354808277968550101e+01,8.140970206977733714e-02,1.586260881464950090e-02,1.270735059855693188e-10
3.044999999999999929e+00,9.726385862316690167e-02,4.863192931158345222e+09,7.791694080935870886e-10,-2.707192700624818391e-10,-1.353596350312000141e+01,8.140517196685299883e-02,1.585868665631390284e-02,1.270420860333686053e-10
3.050000000000000266e+00,9.725541391661957080e-02,4.862770695830978394e+09,7.791017585360314644e-10,-2.704774953846499330e-10,-1.352387476923468057e+01,8.140064495276345957e-02,1.585476896385611123e-02,1.270107018567932586e-10
3.055000000000000160e+00,9.724697674574808715e-02,4.862348837287404060e+09,7.790341693458946396e-10,-2.702363298783023738e-10,-1.351181649391946848e+01,8.139612102734525290e-02,1.585085571840283425e-02,1.269793533046515165e-10
3.060000000000000053e+00,9.723854709156774800e-02,4.861927354578387260e+09,7.789666403710924274e-10,-2.699957718686432667e-10,-1.349978859342809301e+01,8.139160017183383333e-02,1.584694691973391467e-02,1.269480403751797524e-10
3.064999999999999947e+00,9.723012493514623933e-02,4.861506246757311821e+09,7.788991714599602286e-10,-2.697558196793944089e-10,-1.348779098397062626e+01,8.138708238306999188e-02,1.584304255207624745e-02,1.269167629420214490e-10
3.070000000000000284e+00,9.722171025760356633e-02,4.861085512880178452e+09,7.788317624612527211e-10,-2.695164716446537515e-10,-1.347582358222280163e+01,8.138256765997070596e-02,1.583914259763286037e-02,1.268855208626071680e-10
3.075000000000000178e+00,9.721330304011137347e-02,4.860665152005568504e+09,7.787644132241379662e-10,-2.692777261110129814e-10,-1.346388630554429255e+01,8.137805598779508653e-02,1.583524705231628693e-02,1.268543141041926288e-10
3.080000000000000071e+00,9.720490326389284730e-02,4.860245163194642067e+09,7.786971235981972022e-10,-2.690395814324753239e-10,-1.345197907161491457e+01,8.137354733663117179e-02,1.583135592726167551e-02,1.268231427559802908e-10
3.084999999999999964e+00,9.719651091022239731e-02,4.859825545511119843e+09,7.786298934334219486e-10,-2.688020359569030153e-10,-1.344010179786710069e+01,8.136904174607317852e-02,1.582746916414921878e-02,1.267920063507769154e-10
3.089999999999999858e+00,9.718812596042623875e-02,4.859406298021311760e+09,7.785627225802185563e-10,-2.685650880471931269e-10,-1.342825440238812007e+01,8.136453918414328357e-02,1.582358677628295518e-02,1.267609049951596582e-10
3.095000000000000195e+00,9.717974839588108815e-02,4.858987419794054031e+09,7.784956108893981775e-10,-2.683287360770423999e-10,-1.341643680384731852e+01,8.136003963230128977e-02,1.581970876357979838e-02,1.267298386884628972e-10
3.100000000000000089e+00,9.717137819801459353e-02,4.858568909900730133e+09,7.784285582121800748e-10,-2.680929784226886744e-10,-1.340464892111776862e+01,8.135554307218904879e-02,1.581583512582554474e-02,1.266988074289706979e-10
3.104999999999999982e+00,9.716301534830486253e-02,4.858150767415243149e+09,7.783615644001870714e-10,-2.678578134620638565e-10,-1.339289067311619874e+01,8.135104954230577834e-02,1.581196580599908419e-02,1.266678107598935310e-10
3.109999999999999876e+00,9.715465982828069835e-02,4.857732991414034843e+09,7.782946293054488601e-10,-2.676232395819936981e-10,-1.338116197912313510e+01,8.134655900908205339e-02,1.580810081919864496e-02,1.266368488021816162e-10
3.115000000000000213e+00,9.714631161952097527e-02,4.857315580976048470e+09,7.782277527803959025e-10,-2.673892551809506541e-10,-1.336946275905938819e+01,8.134207144961812241e-02,1.580424016990285285e-02,1.266059215917126979e-10
3.120000000000000107e+00,9.713797070365443043e-02,4.856898535182721138e+09,7.781609346778581887e-10,-2.671558586582542126e-10,-1.335779293288942426e+01,8.133758685668861232e-02,1.580038384696581810e-02,1.265750290391983157e-10
3.125000000000000000e+00,9.712963706235988592e-02,4.856481853117994308e+09,7.780941748510669946e-10,-2.669230484208471579e-10,-1.334615242104337085e+01,8.133310525860754092e-02,1.579653180375234500e-02,1.265441707710494028e-10
3.129999999999999893e+00,9.712131067736541612e-02,4.856065533868270874e+09,7.780274731536478511e-10,-2.666908228835073293e-10,-1.333454114416963421e+01,8.132862662367361384e-02,1.579268405369180228e-02,1.265133468948470276e-10
3.135000000000000231e+00,9.711299153044886112e-02,4.855649576522442818e+09,7.779608294396251971e-10,-2.664591804548715770e-10,-1.332295902274199761e+01,8.132415093376595128e-02,1.578884059668290984e-02,1.264825574097798811e-10
3.140000000000000124e+00,9.710467960343760474e-02,4.855233980171879768e+09,7.778942435634204145e-10,-2.662281195639055423e-10,-1.331140597819467075e+01,8.131967818214903831e-02,1.578500142128856643e-02,1.264518022242266468e-10
3.145000000000000018e+00,9.709637487820749202e-02,4.854818743910374641e+09,7.778277153798431434e-10,-2.659976386512215692e-10,-1.329988193255849183e+01,8.131520840466374689e-02,1.578116647354374513e-02,1.264210809058798341e-10
3.149999999999999911e+00,9.708807733668334272e-02,4.854403866834167480e+09,7.777612447440950039e-10,-2.657677361423971669e-10,-1.328838680710759945e+01,8.131074153170120278e-02,1.577733580498213994e-02,1.263903938675698288e-10
3.155000000000000249e+00,9.707978696083917336e-02,4.853989348041958809e+09,7.776948315117719746e-10,-2.655384104757153391e-10,-1.327692052375641651e+01,8.130627758541794647e-02,1.577350937542122689e-02,1.263597407873991144e-10
3.160000000000000142e+00,9.707150373269735066e-02,4.853575186634867668e+09,7.776284755388573613e-10,-2.653096601021645833e-10,-1.326548300510330591e+01,8.130181654901896815e-02,1.576968718367838251e-02,1.263291216558938365e-10
3.165000000000000036e+00,9.706322763432849443e-02,4.853161381716424942e+09,7.775621766817210735e-10,-2.650814834776038368e-10,-1.325407417387759779e+01,8.129735845118271631e-02,1.576586918314577812e-02,1.262985360996841569e-10
3.169999999999999929e+00,9.705495864785138038e-02,4.852747932392568588e+09,7.774959347971184866e-10,-2.648538790597978608e-10,-1.324269395301234908e+01,8.129290323100084315e-02,1.576205541685053724e-02,1.262679844634553062e-10
3.175000000000000266e+00,9.704669675543289853e-02,4.852334837771644592e+09,7.774297497421909595e-10,-2.646268453079937244e-10,-1.323134226541151293e+01,8.128845090873662582e-02,1.575824584669627271e-02,1.262374664420215567e-10
3.180000000000000160e+00,9.703844193928801154e-02,4.851922096964400291e+09,7.773636213744643863e-10,-2.644003806932969576e-10,-1.322001903466298245e+01,8.128400146378023106e-02,1.575444047550778048e-02,1.262069820580120882e-10
3.185000000000000053e+00,9.703019418167904697e-02,4.851509709083951950e+09,7.772975495518444409e-10,-2.641744836866013324e-10,-1.320872418432554696e+01,8.127955492293563455e-02,1.575063925874341242e-02,1.261765309546088693e-10
3.189999999999999947e+00,9.702195346491630790e-02,4.851097673245815277e+09,7.772315341326211254e-10,-2.639491527710825986e-10,-1.319745763855462428e+01,8.127511123559783002e-02,1.574684222931847788e-02,1.261461133954926774e-10
3.195000000000000284e+00,9.701371977135685165e-02,4.850685988567842484e+09,7.771655749754587416e-10,-2.637243864390221101e-10,-1.318621932195674162e+01,8.127067041364241518e-02,1.574304935771443648e-02,1.261157291441938752e-10
3.200000000000000178e+00,9.700549308340514210e-02,4.850274654170257568e+09,7.770996719394016805e-10,-2.635001831680899024e-10,-1.317500915841083042e+01,8.126623244779197786e-02,1.573926063561316424e-02,1.260853781340769899e-10
3.205000000000000071e+00,9.699727338351316064e-02,4.849863669175658226e+09,7.770338248838745262e-10,-2.632765414539554611e-10,-1.316382707271259278e+01,8.126179733424226947e-02,1.573547604927089116e-02,1.260550602550422656e-10
3.209999999999999964e+00,9.698906065417937927e-02,4.849453032708969116e+09,7.769680336686747144e-10,-2.630534598003350850e-10,-1.315267299003608059e+01,8.125736505952539657e-02,1.573169559465398271e-02,1.260247754747767189e-10
3.214999999999999858e+00,9.698085487794901038e-02,4.849042743897450447e+09,7.769022981539740832e-10,-2.628309367181448528e-10,-1.314154683590459172e+01,8.125293561665740405e-02,1.572791926129160633e-02,1.259945237093997637e-10
3.220000000000000195e+00,9.697265603741363205e-02,4.848632801870681763e+09,7.768366182003157718e-10,-2.626089707136421619e-10,-1.313044853568135295e+01,8.124850900153114674e-02,1.572414703588248530e-02,1.259643048523563717e-10
3.225000000000000089e+00,9.696446411521157660e-02,4.848223205760579109e+09,7.767709936686173217e-10,-2.623875602962607835e-10,-1.311937801481690258e+01,8.124408520833094338e-02,1.572037890688063322e-02,1.259341188111530679e-10
3.229999999999999982e+00,9.695627909402750044e-02,4.847813954701375008e+09,7.767054244201676786e-10,-2.621667039904693235e-10,-1.310833519953303039e+01,8.123966422369509333e-02,1.571661487033240712e-02,1.259039655541176237e-10
3.234999999999999876e+00,9.694810095659177340e-02,4.847405047829588890e+09,7.766399103166219191e-10,-2.619464003224304536e-10,-1.309732001612428576e+01,8.123524603661272381e-02,1.571285491997904959e-02,1.258738450311118562e-10
3.240000000000000213e+00,9.693992968568113100e-02,4.846996484284056664e+09,7.765744512200063170e-10,-2.617266478210597026e-10,-1.308633239104528911e+01,8.123083065870501107e-02,1.570909902697611993e-02,1.258437570110663769e-10
3.245000000000000107e+00,9.693176526411774463e-02,4.846588263205886841e+09,7.765090469927113123e-10,-2.615074450248017202e-10,-1.307537225123087410e+01,8.122641806737442016e-02,1.570534719674332447e-02,1.258137015373977505e-10
3.250000000000000000e+00,9.692360767476951300e-02,4.846180383738475800e+09,7.764436974974938897e-10,-2.612887904687130239e-10,-1.306443952342669945e+01,8.122200825432424054e-02,1.570159942044527246e-02,1.257836785393267947e-10
3.254999999999999893e+00,9.691545690055010376e-02,4.845772845027504921e+09,7.763784025974770609e-10,-2.610706826910265052e-10,-1.305353413456759881e+01,8.121760121353642503e-02,1.569785568701367873e-02,1.257536879281866494e-10
3.260000000000000231e+00,9.690731292441857880e-02,4.845365646220929146e+09,7.763131621561482110e-10,-2.608531202479745054e-10,-1.304265601241786499e+01,8.121319695054640686e-02,1.569411597387217194e-02,1.257237295231207361e-10
3.265000000000000124e+00,9.689917572937879753e-02,4.844958786468939781e+09,7.762479760373529975e-10,-2.606361016987539811e-10,-1.303180508491641376e+01,8.120879544131369421e-02,1.569038028806510332e-02,1.256938033805604795e-10
3.270000000000000018e+00,9.689104529847972214e-02,4.844552264923986435e+09,7.761828441052988662e-10,-2.604196255943033180e-10,-1.302098127969657071e+01,8.120439668503673381e-02,1.568664861344298833e-02,1.256639093711342630e-10
3.274999999999999911e+00,9.688292161481566744e-02,4.844146080740783691e+09,7.761177662245560849e-10,-2.602036904933959562e-10,-1.301018452466814779e+01,8.120000067376151320e-02,1.568292094105415424e-02,1.256340474231312661e-10
3.280000000000000249e+00,9.687480466152550984e-02,4.843740233076275826e+09,7.760527422600522634e-10,-2.599882949685696214e-10,-1.299941474843944889e+01,8.119560741093777290e-02,1.567919725058773694e-02,1.256042173738435630e-10
3.285000000000000142e+00,9.686669442179267342e-02,4.843334721089633942e+09,7.759877720770718365e-10,-2.597734375908797316e-10,-1.298867187957512215e+01,8.119121686645158764e-02,1.567547755534108578e-02,1.255744193297946458e-10
3.290000000000000036e+00,9.685859087884524099e-02,4.842929543942261696e+09,7.759228555412567880e-10,-2.595591169362521442e-10,-1.297795584681443870e+01,8.118682905168221609e-02,1.567176182716302490e-02,1.255446530654687132e-10
3.294999999999999929e+00,9.685049401595549612e-02,4.842524700797775269e+09,7.758579925186036517e-10,-2.593453315882360131e-10,-1.296726657940598670e+01,8.118244395607022990e-02,1.566805005988526622e-02,1.255149185314523477e-10
3.300000000000000266e+00,9.684240381643997864e-02,4.842120190821998596e+09,7.757931828754626848e-10,-2.591320801282629099e-10,-1.295660400643828325e+01,8.117806157258232458e-02,1.566434224385765406e-02,1.254852156504392913e-10
3.305000000000000160e+00,9.683432026365944301e-02,4.841716013182971954e+09,7.757284264785393151e-10,-2.589193611428466040e-10,-1.294596805714536458e+01,8.117368188619036862e-02,1.566063837746907439e-02,1.254555444095231225e-10
3.310000000000000053e+00,9.682624334101871955e-02,4.841312167050935745e+09,7.756637231948913492e-10,-2.587071732278182270e-10,-1.293535866137244739e+01,8.116930489789356273e-02,1.565693844312515681e-02,1.254259046677573055e-10
3.314999999999999947e+00,9.681817303196614544e-02,4.840908651598307610e+09,7.755990728919254573e-10,-2.584955149859969323e-10,-1.292477574929944240e+01,8.116493060450265251e-02,1.565324242746349293e-02,1.253962963180972245e-10
3.320000000000000284e+00,9.681010931999378677e-02,4.840505465999689102e+09,7.755344754373983102e-10,-2.582843850189313242e-10,-1.291421925096074119e+01,8.116055898650802181e-02,1.564955033348576496e-02,1.253667193845889939e-10
3.325000000000000178e+00,9.680205218863725813e-02,4.840102609431862831e+09,7.754699306994158560e-10,-2.580737819290170395e-10,-1.290368909644894302e+01,8.115619004444454831e-02,1.564586214419270982e-02,1.253371737310534819e-10
3.330000000000000071e+00,9.679400162147587527e-02,4.839700081073793411e+09,7.754054385464337330e-10,-2.578637043269082867e-10,-1.289318521635141224e+01,8.115182377118661250e-02,1.564217785028926277e-02,1.253076592830290270e-10
3.334999999999999964e+00,9.678595760213197507e-02,4.839297880106598854e+09,7.753409988472525143e-10,-2.576541508289767463e-10,-1.288270754144468810e+01,8.114746017543550405e-02,1.563849742669647103e-02,1.252781758396110619e-10
3.339999999999999858e+00,9.677792011427113761e-02,4.838896005713557243e+09,7.752766114710191545e-10,-2.574451200545587143e-10,-1.287225600273814052e+01,8.114309920302639756e-02,1.563482091124474005e-02,1.252487237038545490e-10
3.345000000000000195e+00,9.676988914160200572e-02,4.838494457080100060e+09,7.752122762872251291e-10,-2.572366106301902667e-10,-1.286183053153217770e+01,8.113874089386444166e-02,1.563114824773756406e-02,1.252193024255758490e-10
3.350000000000000089e+00,9.676186466787581320e-02,4.838093233393790245e+09,7.751479931657038493e-10,-2.570286211832545126e-10,-1.285143105917086359e+01,8.113438522422265764e-02,1.562747944365315556e-02,1.251899120646820185e-10
3.354999999999999982e+00,9.675384667688689821e-02,4.837692333844345093e+09,7.750837619766336606e-10,-2.568211503385934620e-10,-1.284105751691095065e+01,8.113003221208717197e-02,1.562381446479972624e-02,1.251605523472666734e-10
3.359999999999999876e+00,9.674583515247228704e-02,4.837291757623614311e+09,7.750195825905345343e-10,-2.566141967326958281e-10,-1.283070983663492370e+01,8.112568177862068686e-02,1.562015337385160019e-02,1.251312237754064993e-10
3.365000000000000213e+00,9.673783007851145810e-02,4.836891503925573349e+09,7.749554548782672399e-10,-2.564077590113676865e-10,-1.282038795057451352e+01,8.112133399094090258e-02,1.561649608757055552e-02,1.251019256822898012e-10
3.370000000000000107e+00,9.672983143892596725e-02,4.836491571946298599e+09,7.748913787110288993e-10,-2.562018358178740139e-10,-1.281009179090324324e+01,8.111698882391185639e-02,1.561284261501411086e-02,1.250726581404753372e-10
3.375000000000000000e+00,9.672183921767993353e-02,4.836091960883996964e+09,7.748273539603581565e-10,-2.559964257975973694e-10,-1.279982128986739554e+01,8.111264627463188326e-02,1.560919294304805027e-02,1.250434210447463798e-10
3.379999999999999893e+00,9.671385339877953957e-02,4.835692669938977242e+09,7.747633804981303182e-10,-2.557915276012142681e-10,-1.278957638004794717e+01,8.110830627187619324e-02,1.560554712690334633e-02,1.250142148375518606e-10
3.385000000000000231e+00,9.670587396627301768e-02,4.835293698313651085e+09,7.746994581965576635e-10,-2.555871398849069391e-10,-1.277935699425870553e+01,8.110396889720329627e-02,1.560190506906972141e-02,1.249850387377483178e-10
3.390000000000000124e+00,9.669790090425045559e-02,4.834895045212522507e+09,7.746355869281876868e-10,-2.553832613061281611e-10,-1.276916306531347800e+01,8.109963411937053113e-02,1.559826678487992446e-02,1.249558928681646017e-10
3.395000000000000018e+00,9.668993419684392132e-02,4.834496709842196465e+09,7.745717665659044415e-10,-2.551798905310128003e-10,-1.275899452654994093e+01,8.109530192902017487e-02,1.559463226782374645e-02,1.249267771766481640e-10
3.399999999999999911e+00,9.668197382822678321e-02,4.834098691411338806e+09,7.745079969829223360e-10,-2.549770262322602284e-10,-1.274885131161136087e+01,8.109097224774419743e-02,1.559100158048258578e-02,1.248976921645313310e-10
3.405000000000000249e+00,9.667401978261384865e-02,4.833700989130692482e+09,7.744442780527883056e-10,-2.547746670774876193e-10,-1.273873335384996608e+01,8.108664517948387107e-02,1.558737460312997758e-02,1.248686368726993716e-10
3.410000000000000142e+00,9.666607204426175270e-02,4.833303602213088036e+09,7.743806096493839834e-10,-2.545728117334651141e-10,-1.272864058667619247e+01,8.108232068147037952e-02,1.558375136279137319e-02,1.248396115176499832e-10
3.415000000000000036e+00,9.665813059746841684e-02,4.832906529873420715e+09,7.743169916469216681e-10,-2.543714588836917546e-10,-1.271857294419896789e+01,8.107799874195464884e-02,1.558013185551376800e-02,1.248106160677161069e-10
3.419999999999999929e+00,9.665019542657267426e-02,4.832509771328633308e+09,7.742534239199418422e-10,-2.541706072167487801e-10,-1.270853036083281040e+01,8.107367927629062498e-02,1.557651615028204928e-02,1.247816510755276493e-10
3.425000000000000266e+00,9.664226651595438089e-02,4.832113325797719002e+09,7.741899063433133789e-10,-2.539702554146529246e-10,-1.269851277073030360e+01,8.106936239964297741e-02,1.557290411631140348e-02,1.247527154933827387e-10
3.430000000000000160e+00,9.663434385003452642e-02,4.831717192501726151e+09,7.741264387922344727e-10,-2.537704021702205925e-10,-1.268852010850969236e+01,8.106504807946099400e-02,1.556929577057353242e-02,1.247238094572396757e-10
3.435000000000000053e+00,9.662642741327463758e-02,4.831321370663731575e+09,7.740630211422282968e-10,-2.535710461764799459e-10,-1.267855230883287732e+01,8.106073628691352895e-02,1.556569112636110863e-02,1.246949330735845226e-10
3.439999999999999947e+00,9.661851719017719442e-02,4.830925859508859634e+09,7.739996532691461046e-10,-2.533721861285767298e-10,-1.266860930640541483e+01,8.105642693244524688e-02,1.556209025773194754e-02,1.246660869356858195e-10
3.445000000000000284e+00,9.661061316528525567e-02,4.830530658264263153e+09,7.739363350491641283e-10,-2.531738207258918535e-10,-1.265869103628210723e+01,8.105212014574186830e-02,1.555849301954338737e-02,1.246372698808225926e-10
3.450000000000000178e+00,9.660271532318243093e-02,4.830135766159121513e+09,7.738730663587831653e-10,-2.529759486792411714e-10,-1.264879743398341816e+01,8.104781589297858913e-02,1.555489943020384180e-02,1.246084820564625337e-10
3.455000000000000071e+00,9.659482364849221459e-02,4.829741182424611092e+09,7.738098470748242348e-10,-2.527785686996522960e-10,-1.263892843497160356e+01,8.104351407159172960e-02,1.555130957690048499e-02,1.245797241610519038e-10
3.459999999999999964e+00,9.658693812587877681e-02,4.829346906293938637e+09,7.737466770744335418e-10,-2.525816794918000926e-10,-1.262908397457795218e+01,8.103921479450484910e-02,1.554772333137392770e-02,1.245509951671197306e-10
3.464999999999999858e+00,9.657905874004629743e-02,4.828952937002314568e+09,7.736835562350782371e-10,-2.523852797758177781e-10,-1.261926398880314082e+01,8.103491799226618386e-02,1.554414074778011357e-02,1.245222955085029099e-10
3.470000000000000195e+00,9.657118547573895206e-02,4.828559273786947250e+09,7.736204844345454873e-10,-2.521893682705680196e-10,-1.260946841354598291e+01,8.103062370176995766e-02,1.554056177396899441e-02,1.244936247674335632e-10
3.475000000000000089e+00,9.656331831774084273e-02,4.828165915887042046e+09,7.735574615509427844e-10,-2.519939436987251327e-10,-1.259969718493812252e+01,8.102633181024461451e-02,1.553698650749622823e-02,1.244649837254185950e-10
3.479999999999999982e+00,9.655545725087591458e-02,4.827772862543795586e+09,7.734944874626962918e-10,-2.517990047874103560e-10,-1.258995023937313817e+01,8.102204244314986648e-02,1.553341480772604810e-02,1.244363712558413713e-10
3.484999999999999876e+00,9.654760226000762280e-02,4.827380113000381470e+09,7.734315620485489832e-10,-2.516045502724270156e-10,-1.258022751360840630e+01,8.101775552184252438e-02,1.552984673816509842e-02,1.244077878674461706e-10
3.490000000000000213e+00,9.653975333003890491e-02,4.826987666501945496e+09,7.733686851875601255e-10,-2.514105788838609653e-10,-1.257052894418302458e+01,8.101347110933002083e-02,1.552628222070888409e-02,1.243792329345470377e-10
3.495000000000000107e+00,9.653191044591244441e-02,4.826595522295621872e+09,7.733058567591071396e-10,-2.512170893524333338e-10,-1.256085446760698687e+01,8.100918903061755938e-02,1.552272141529488503e-02,1.243507077383843668e-10
3.500000000000000000e+00,9.652407359261035158e-02,4.826203679630517960e+09,7.732430766428837400e-10,-2.510240804274999744e-10,-1.255120402135071345e+01,8.100490946638727596e-02,1.551916412622307562e-02,1.243222107112281787e-10
3.504999999999999893e+00,9.651624275515349738e-02,4.825812137757675171e+09,7.731803447188936270e-10,-2.508315508520639933e-10,-1.254157754260813817e+01,8.100063232405786684e-02,1.551561043109563054e-02,1.242937424747404277e-10
3.510000000000000231e+00,9.650841791860231833e-02,4.825420895930115700e+09,7.731176608674576212e-10,-2.506394993695520133e-10,-1.253197496848588344e+01,8.099635766967727690e-02,1.551206024892504143e-02,1.242653023801396296e-10
3.515000000000000124e+00,9.650059906805616428e-02,4.825029953402808189e+09,7.730550249692088039e-10,-2.504479247388490085e-10,-1.252239623694913462e+01,8.099208531655646692e-02,1.550851375149969735e-02,1.242368918036024988e-10
3.520000000000000018e+00,9.649278618865290980e-02,4.824639309432645798e+09,7.729924369050880710e-10,-2.502568257156635793e-10,-1.251284128580300603e+01,8.098781545665918735e-02,1.550497073199372244e-02,1.242085090882710948e-10
3.524999999999999911e+00,9.648497926556964810e-02,4.824248963278482437e+09,7.729298965563508538e-10,-2.500662010508338868e-10,-1.250331005254702177e+01,8.098354801881607612e-02,1.550143124675357198e-02,1.241801546855302782e-10
3.530000000000000249e+00,9.647717828402216367e-02,4.823858914201107979e+09,7.728674038045625696e-10,-2.498760495059977621e-10,-1.249380247530643828e+01,8.097928298516356149e-02,1.549789529885860218e-02,1.241518286200484877e-10
3.535000000000000142e+00,9.646938322926482123e-02,4.823469161463240623e+09,7.728049585315976911e-10,-2.496863698497810580e-10,-1.248431849249755032e+01,8.097502026549135978e-02,1.549436296377346145e-02,1.241235314963641340e-10
3.540000000000000036e+00,9.646159408659030210e-02,4.823079704329515457e+09,7.727425606196377817e-10,-2.494971608544095177e-10,-1.247485804271127563e+01,8.097076001067045337e-02,1.549083407591984873e-02,1.240952619880488251e-10
3.544999999999999929e+00,9.645381084132956251e-02,4.822690542066477776e+09,7.726802099511704616e-10,-2.493084212882972357e-10,-1.246542106439301278e+01,8.096650214964347392e-02,1.548730869168608859e-02,1.240670205468227913e-10
3.550000000000000266e+00,9.644603347885220834e-02,4.822301673942610741e+09,7.726179064089937505e-10,-2.491201499276933615e-10,-1.245600749636651017e+01,8.096224665947078514e-02,1.548378681938142321e-02,1.240388072392504716e-10
3.555000000000000160e+00,9.643826198456552368e-02,4.821913099228276253e+09,7.725556498762067621e-10,-2.489323455501175940e-10,-1.244661727751372382e+01,8.095799347795187839e-02,1.548026850661364529e-02,1.240106224467122761e-10
3.560000000000000053e+00,9.643049634391544223e-02,4.821524817195772171e+09,7.724934402362186992e-10,-2.487450069354189727e-10,-1.243725034680392127e+01,8.095374270982469422e-02,1.547675363409074800e-02,1.239824652135739137e-10
3.564999999999999947e+00,9.642273654238539549e-02,4.821136827119269371e+09,7.724312773727390311e-10,-2.485581328719168665e-10,-1.242790664359927177e+01,8.094949433728226840e-02,1.547324220510312709e-02,1.239543355661943217e-10
3.570000000000000284e+00,9.641498256549693724e-02,4.820749128274847031e+09,7.723691611697827672e-10,-2.483717221472953697e-10,-1.241858610736380797e+01,8.094524829357854778e-02,1.546973427191838946e-02,1.239262339232832272e-10
3.575000000000000178e+00,9.640723439880917456e-02,4.820361719940458298e+09,7.723070915116653901e-10,-2.481857735574971477e-10,-1.240928867786715273e+01,8.094100455788234838e-02,1.546622984092682618e-02,1.238981603360324861e-10
3.580000000000000071e+00,9.639949202791880944e-02,4.819974601395940781e+09,7.722450682830039930e-10,-2.480002858961355254e-10,-1.240001429482072126e+01,8.093676319054485258e-02,1.546272883737395687e-02,1.238701142055926998e-10
3.584999999999999964e+00,9.639175543846027761e-02,4.819587771923013687e+09,7.721830913687172801e-10,-2.478152579595766848e-10,-1.239076289797958452e+01,8.093252419238056161e-02,1.545923124607971599e-02,1.238420954103581335e-10
3.589999999999999858e+00,9.638402461610535987e-02,4.819201230805268288e+09,7.721211606540241186e-10,-2.476306885488454890e-10,-1.238153442741895560e+01,8.092828749630393004e-02,1.545573711980142984e-02,1.238141043729615477e-10
3.595000000000000195e+00,9.637629954656336262e-02,4.818814977328167915e+09,7.720592760244430220e-10,-2.474465764681431747e-10,-1.237232882340322249e+01,8.092405311103841037e-02,1.545224643552495225e-02,1.237861409090393247e-10
3.600000000000000089e+00,9.636858021558064591e-02,4.818429010779032707e+09,7.719974373657899784e-10,-2.472629205314118576e-10,-1.236314602657512296e+01,8.091982104449883806e-02,1.544875917108180785e-02,1.237582048410024045e-10
3.604999999999999982e+00,9.636086660894062350e-02,4.818043330447031021e+09,7.719356445641773136e-10,-2.470797195475114556e-10,-1.235398597738821991e+01,8.091559132240885854e-02,1.544527528653176496e-02,1.237302958488942502e-10
3.609999999999999876e+00,9.635315871246394326e-02,4.817657935623197556e+09,7.718738975060162756e-10,-2.468969723337722161e-10,-1.234484861668897793e+01,8.091136386809293091e-02,1.544179484437101235e-02,1.237024144333645056e-10
3.615000000000000213e+00,9.634545651200783489e-02,4.817272825600391388e+09,7.718121960780103141e-10,-2.467146777032892216e-10,-1.233573388517834246e+01,8.090713874915267390e-02,1.543831776285516100e-02,1.236745599395684528e-10
3.620000000000000107e+00,9.633775999346706753e-02,4.816887999673353195e+09,7.717505401671645929e-10,-2.465328344761455768e-10,-1.232664172381919343e+01,8.090291588592685157e-02,1.543484410754021596e-02,1.236467328926675789e-10
3.625000000000000000e+00,9.633006914277245092e-02,4.816503457138622284e+09,7.716889296607720312e-10,-2.463514414840710891e-10,-1.231757207420014311e+01,8.089869534291997677e-02,1.543137379985247415e-02,1.236189326632171165e-10
3.629999999999999893e+00,9.632238394589180686e-02,4.816119197294589996e+09,7.716273644464227129e-10,-2.461704975469371047e-10,-1.230852487734227907e+01,8.089447706837839258e-02,1.542790687751341427e-02,1.235911595533994558e-10
3.635000000000000231e+00,9.631470438882941409e-02,4.815735219441471100e+09,7.715658444119987165e-10,-2.459900014996498047e-10,-1.229950007497973274e+01,8.089026108256917869e-02,1.542444330626023541e-02,1.235634132887392676e-10
3.640000000000000124e+00,9.630703045762593895e-02,4.815351522881297112e+09,7.715043694456729782e-10,-2.458099521802917437e-10,-1.229049760902125854e+01,8.088604732987421386e-02,1.542098312775172508e-02,1.235356942029602434e-10
3.645000000000000018e+00,9.629936213835814385e-02,4.814968106917906761e+09,7.714429394359083606e-10,-2.456303484195339381e-10,-1.228151742098270915e+01,8.088183589306520427e-02,1.541752624529293958e-02,1.235080015214504946e-10
3.649999999999999911e+00,9.629169941713970615e-02,4.814584970856985092e+09,7.713815542714632368e-10,-2.454511890550354258e-10,-1.227255945275828708e+01,8.087762668938991428e-02,1.541407272774979187e-02,1.234803357958867827e-10
3.655000000000000249e+00,9.628404228011989974e-02,4.814202114005994797e+09,7.713202138413808404e-10,-2.452724729356784317e-10,-1.226362364678061567e+01,8.087341973386430460e-02,1.541062254625559513e-02,1.234526967950214877e-10
3.660000000000000142e+00,9.627639071348427502e-02,4.813819535674213409e+09,7.712589180349953654e-10,-2.450941989054747410e-10,-1.225470994527859148e+01,8.086921500062058121e-02,1.540717571286369381e-02,1.234250846154125139e-10
3.665000000000000036e+00,9.626874470345422874e-02,4.813437235172711372e+09,7.711976667419280376e-10,-2.449163658130948200e-10,-1.224581829064118210e+01,8.086501256669732796e-02,1.540373213675690078e-02,1.233974985295339882e-10
3.669999999999999929e+00,9.626110423628721213e-02,4.813055211814360619e+09,7.711364598520888725e-10,-2.447389725141971571e-10,-1.223694862570846453e+01,8.086081233915162758e-02,1.540029189713558455e-02,1.233699391718508111e-10
3.675000000000000266e+00,9.625346929827600928e-02,4.812673464913800240e+09,7.710752972556708845e-10,-2.445620178674048559e-10,-1.222810089334961958e+01,8.085661432895674405e-02,1.539685496931926523e-02,1.233424063446505572e-10
3.680000000000000160e+00,9.624583987574933386e-02,4.812291993787467003e+09,7.710141788431552570e-10,-2.443855007237177233e-10,-1.221927503617189359e+01,8.085241854774678771e-02,1.539342132800254614e-02,1.233148998452146259e-10
3.685000000000000053e+00,9.623821595507167648e-02,4.811910797753583908e+09,7.709531045053091712e-10,-2.442094199436646871e-10,-1.221047099718998652e+01,8.084822499777967464e-02,1.538999095729200184e-02,1.232874195462226796e-10
3.689999999999999947e+00,9.623059752264286060e-02,4.811529876132143021e+09,7.708920741331833245e-10,-2.440337743964567628e-10,-1.220168871982605197e+01,8.084403365143486009e-02,1.538656387120800051e-02,1.232599655599902066e-10
3.695000000000000284e+00,9.622298456489797314e-02,4.811149228244898796e+09,7.708310876181108965e-10,-2.438585629498226580e-10,-1.219292814748769160e+01,8.083984449849020149e-02,1.538314006640777165e-02,1.232325378597386820e-10
3.700000000000000178e+00,9.621537706830748937e-02,4.810768853415374756e+09,7.707701448517083760e-10,-2.436837844712793223e-10,-1.218418922356795520e+01,8.083565755646646145e-02,1.537971951184102792e-02,1.232051361967278904e-10
3.705000000000000071e+00,9.620777501937720355e-02,4.810388750968860626e+09,7.707092457258752510e-10,-2.435094378425315070e-10,-1.217547189211472869e+01,8.083147282093139374e-02,1.537630219844580981e-02,1.231777604983635309e-10
3.709999999999999964e+00,9.620017840464738235e-02,4.810008920232369423e+09,7.706483901327871847e-10,-2.433355219378724254e-10,-1.216677609689941164e+01,8.082729025972901216e-02,1.537288814491837019e-02,1.231504109144190867e-10
3.714999999999999858e+00,9.619258721069406937e-02,4.809629360534703255e+09,7.705875779649062511e-10,-2.431620356267248510e-10,-1.215810178135870956e+01,8.082310986424436072e-02,1.536947734644970864e-02,1.231230874063702236e-10
3.720000000000000195e+00,9.618500142412809983e-02,4.809250071206404686e+09,7.705268091149736982e-10,-2.429889777996873811e-10,-1.214944888997706585e+01,8.081893167955295221e-02,1.536606974457514763e-02,1.230957895058632462e-10
3.725000000000000089e+00,9.617742103159475364e-02,4.808871051579737663e+09,7.704660834760064314e-10,-2.428163473441822395e-10,-1.214081736722437199e+01,8.081475566592108417e-02,1.536266536567366947e-02,1.230685174242170809e-10
3.729999999999999982e+00,9.616984601977432434e-02,4.808492300988716125e+09,7.704054009413015640e-10,-2.426441431448787931e-10,-1.213220715723582543e+01,8.081058180162280224e-02,1.535926421815152210e-02,1.230412712287732251e-10
3.734999999999999876e+00,9.616227637538173056e-02,4.808113818769086838e+09,7.703447614044341418e-10,-2.424723640957637707e-10,-1.212361820480145980e+01,8.080641008817218696e-02,1.535586628720954361e-02,1.230140508009773100e-10
3.740000000000000213e+00,9.615471208516621071e-02,4.807735604258310318e+09,7.702841647592535242e-10,-2.423010090961178576e-10,-1.211505045481317211e+01,8.080224055624331270e-02,1.535247152892289801e-02,1.229868557889526225e-10
3.745000000000000107e+00,9.614715313591147561e-02,4.807357656795574188e+09,7.702236108998859695e-10,-2.421300770373866840e-10,-1.210650385185726918e+01,8.079807317004417122e-02,1.534907996586730439e-02,1.229596863735505455e-10
3.750000000000000000e+00,9.613959951443593055e-02,4.806979975721796989e+09,7.701630997207349450e-10,-2.419595668165215943e-10,-1.209797834082564805e+01,8.079390792078242067e-02,1.534569159365350988e-02,1.229325425196093631e-10
3.754999999999999893e+00,9.613205120759210631e-02,4.806602560379605293e+09,7.701026311164777145e-10,-2.417894773400030536e-10,-1.208947386698855553e+01,8.078974479455133806e-02,1.534230641304076825e-02,1.229054242332113601e-10
3.760000000000000231e+00,9.612450820226667303e-02,4.806225410113333702e+09,7.700422049820650286e-10,-2.416198075160055930e-10,-1.208099037580541335e+01,8.078558382450121145e-02,1.533892437776546158e-02,1.228783311437440534e-10
3.765000000000000124e+00,9.611697048538030141e-02,4.805848524269015312e+09,7.699818212127197804e-10,-2.414505562529155016e-10,-1.207252781266288366e+01,8.078142497861093285e-02,1.533554550676936856e-02,1.228512634029478585e-10
3.770000000000000018e+00,9.610943804388781542e-02,4.805471902194390297e+09,7.699214797039384526e-10,-2.412817224622954422e-10,-1.206408612312225159e+01,8.077726825226284879e-02,1.533216979162496663e-02,1.228242209433108271e-10
3.774999999999999911e+00,9.610191086477780364e-02,4.805095543238890648e+09,7.698611803514886368e-10,-2.411133050639666488e-10,-1.205566525319591165e+01,8.077311345369415918e-02,1.532879741108364446e-02,1.227972051967895125e-10
3.780000000000000249e+00,9.609438893507252222e-02,4.804719446753625870e+09,7.698009230514065512e-10,-2.409453029709740919e-10,-1.204726514856156427e+01,8.076896061891185308e-02,1.532542831616066914e-02,1.227702157709729478e-10
3.785000000000000142e+00,9.608687224182838049e-02,4.804343612091419220e+09,7.697407077000031415e-10,-2.407777150991155990e-10,-1.203888575495511759e+01,8.076480982714216716e-02,1.532206241468621333e-02,1.227432519274993229e-10
3.790000000000000036e+00,9.607936077213533044e-02,4.803968038606766701e+09,7.696805341938570496e-10,-2.406105403762592171e-10,-1.203052701884007547e+01,8.076066022883184037e-02,1.531870054330349007e-02,1.227163203686197654e-10
3.794999999999999929e+00,9.607185451311667235e-02,4.803592725655833244e+09,7.696204024298148208e-10,-2.404437777317553008e-10,-1.202218888657807838e+01,8.075651272352162013e-02,1.531534178959505221e-02,1.226894137850646944e-10
3.800000000000000266e+00,9.606435345192922137e-02,4.803217672596461296e+09,7.695603123049912133e-10,-2.402774260892367325e-10,-1.201387130445800722e+01,8.075236734685455053e-02,1.531198610507467084e-02,1.226625317884165123e-10
3.805000000000000160e+00,9.605685757576343242e-02,4.802842878788171768e+09,7.695002637167702330e-10,-2.401114843846183721e-10,-1.200557421924895607e+01,8.074822404382651919e-02,1.530863353193691323e-02,1.226356747166910735e-10
3.810000000000000053e+00,9.604936687184253974e-02,4.802468343592126846e+09,7.694402565627988256e-10,-2.399459515576267280e-10,-1.199729757786553819e+01,8.074408282866724074e-02,1.530528404317529900e-02,1.226088423535425457e-10
3.814999999999999947e+00,9.604188132742318140e-02,4.802094066371158600e+09,7.693802907409915297e-10,-2.397808265352828141e-10,-1.198904132675670553e+01,8.073994368871006966e-02,1.530193763871311174e-02,1.225820346983564115e-10
3.820000000000000284e+00,9.603440092979551035e-02,4.801720046489775658e+09,7.693203661495312007e-10,-2.396161082600659959e-10,-1.198080541301169433e+01,8.073580665047394578e-02,1.529859427932156457e-02,1.225552514368754080e-10
3.825000000000000178e+00,9.602692566628225068e-02,4.801346283314112663e+09,7.692604826868614627e-10,-2.394517956784790452e-10,-1.197258978393801954e+01,8.073167166581149412e-02,1.529525400047075656e-02,1.225284928532463639e-10
3.830000000000000071e+00,9.601945552423928054e-02,4.800972776211963654e+09,7.692006402516918785e-10,-2.392878877370247339e-10,-1.196439438685774803e+01,8.072753874606383717e-02,1.529191677817544337e-02,1.225017587553262605e-10
3.834999999999999964e+00,9.601199049105507699e-02,4.800599524552753448e+09,7.691408387429929859e-10,-2.391243833807235261e-10,-1.195621916902018711e+01,8.072340789372992043e-02,1.528858259732515656e-02,1.224750490220669604e-10
3.839999999999999858e+00,9.600453055415134052e-02,4.800226527707567215e+09,7.690810780600016755e-10,-2.389612815624309408e-10,-1.194806407812575344e+01,8.071927909603057727e-02,1.528525145812076325e-02,1.224483636550775625e-10
3.845000000000000195e+00,9.599707570098188480e-02,4.799853785049094200e+09,7.690213581022116770e-10,-2.387985812443198594e-10,-1.193992906220955774e+01,8.071515234479052781e-02,1.528192335619135700e-02,1.224217026193432531e-10
3.850000000000000089e+00,9.598962591903328900e-02,4.799481295951664925e+09,7.689616787693795569e-10,-2.386362813735283284e-10,-1.193181406865187455e+01,8.071102763623529130e-02,1.527859828279799770e-02,1.223950658448573586e-10
3.854999999999999982e+00,9.598218119582502261e-02,4.799109059791251183e+09,7.689020399615251320e-10,-2.384743809079940645e-10,-1.192371904540050309e+01,8.070690497700963584e-02,1.527527621881538678e-02,1.223684531784094086e-10
3.859999999999999876e+00,9.597474151890865446e-02,4.798737075945432663e+09,7.688424415789254722e-10,-2.383128788189955532e-10,-1.191564394097076729e+01,8.070278434339486773e-02,1.527195717551378673e-02,1.223418647102841247e-10
3.865000000000000213e+00,9.596730687586792208e-02,4.798365343793395996e+09,7.687828835221155209e-10,-2.381517740657410607e-10,-1.190758870328136254e+01,8.069866573780618002e-02,1.526864113806174206e-02,1.223153003216684633e-10
3.870000000000000107e+00,9.595987725431935622e-02,4.797993862715968132e+09,7.687233656918927481e-10,-2.379910656133680836e-10,-1.189955328067298979e+01,8.069454915660073668e-02,1.526532809771861954e-02,1.222887599425422059e-10
3.875000000000000000e+00,9.595245264191125389e-02,4.797622632095562935e+09,7.686638879893088783e-10,-2.378307524416254368e-10,-1.189153762208297849e+01,8.069043460386525479e-02,1.526201803804599910e-02,1.222622434412191036e-10
3.879999999999999893e+00,9.594503302632384489e-02,4.797251651316192627e+09,7.686044503156718552e-10,-2.376708335220033643e-10,-1.188354167612851597e+01,8.068632204856923673e-02,1.525871097775460816e-02,1.222357509675886263e-10
3.885000000000000231e+00,9.593761839526961099e-02,4.796880919763480186e+09,7.685450525725475995e-10,-2.375113078255685934e-10,-1.187556539128127042e+01,8.068221150570012434e-02,1.525540688956948665e-02,1.222092823031542462e-10
3.890000000000000124e+00,9.593020873649303615e-02,4.796510436824651718e+09,7.684856946617589749e-10,-2.373521743316464225e-10,-1.186760871658043470e+01,8.067810296874258769e-02,1.525210576775044846e-02,1.221828374019319851e-10
3.895000000000000018e+00,9.592280403777027342e-02,4.796140201888513565e+09,7.684263764853818590e-10,-2.371934320233737986e-10,-1.185967160115251318e+01,8.067399643905553974e-02,1.524880759871473368e-02,1.221564161551119718e-10
3.899999999999999911e+00,9.591540428690929765e-02,4.795770214345464706e+09,7.683670979457474179e-10,-2.370350798832523937e-10,-1.185175399415311404e+01,8.066989187450031296e-02,1.524551241240898469e-02,1.221300188025932310e-10
3.905000000000000249e+00,9.590800947174969726e-02,4.795400473587485313e+09,7.683078589454402452e-10,-2.368771168984425612e-10,-1.184385584492702037e+01,8.066578931082858672e-02,1.524222016092111054e-02,1.221036449605576254e-10
3.910000000000000142e+00,9.590061958016274368e-02,4.795030979008136749e+09,7.682486593872980518e-10,-2.367195420616103685e-10,-1.183597710306639783e+01,8.066168873370839487e-02,1.523893084645434881e-02,1.220772946466549921e-10
3.915000000000000036e+00,9.589323460005091948e-02,4.794661730002546310e+09,7.681894991744095980e-10,-2.365623543624572678e-10,-1.182811771810520440e+01,8.065759014762058365e-02,1.523564445243033583e-02,1.220509677280780457e-10
3.919999999999999929e+00,9.588585451934845960e-02,4.794292725967423439e+09,7.681303782101170714e-10,-2.364055527947081178e-10,-1.182027763973746914e+01,8.065349348783702743e-02,1.523236103151143217e-02,1.220246646266987731e-10
3.925000000000000266e+00,9.587847932602071299e-02,4.793923966301035881e+09,7.680712963980122613e-10,-2.362491363580170077e-10,-1.181245681790460367e+01,8.064939881899092777e-02,1.522908050702978522e-02,1.219983847283399640e-10
3.930000000000000160e+00,9.587110900806433689e-02,4.793555450403217316e+09,7.680122536419380066e-10,-2.360931040499204445e-10,-1.180465520250436384e+01,8.064530612140072274e-02,1.522580288666361414e-02,1.219721280945109495e-10
3.935000000000000053e+00,9.586374355350725518e-02,4.793187177675362587e+09,7.679532498459871613e-10,-2.359374548715548252e-10,-1.179687274360912852e+01,8.064121535974126675e-02,1.522252819376598842e-02,1.219458949122904385e-10
3.939999999999999947e+00,9.585638295040846413e-02,4.792819147520422935e+09,7.678942849145019744e-10,-2.357821878295622607e-10,-1.178910939146589953e+01,8.063712655797267148e-02,1.521925639243579265e-02,1.219196848940787954e-10
3.945000000000000284e+00,9.584902718685792133e-02,4.792451359342896461e+09,7.678353587520725390e-10,-2.356273019327024447e-10,-1.178136509661271702e+01,8.063303970114585328e-02,1.521598748571206805e-02,1.218934980642214191e-10
3.950000000000000178e+00,9.584167625097643473e-02,4.792083812548821449e+09,7.677764712635357580e-10,-2.354727961899468288e-10,-1.177363980950030964e+01,8.062895480385125213e-02,1.521272144712518259e-02,1.218673342106731703e-10
3.955000000000000071e+00,9.583433013091582908e-02,4.791716506545791626e+09,7.677176223539775159e-10,-2.353186696183136778e-10,-1.176593348091410007e+01,8.062487180424383892e-02,1.520945832667199016e-02,1.218411937339530147e-10
3.959999999999999964e+00,9.582698881485832154e-02,4.791349440742916107e+09,7.676588119287266814e-10,-2.351649212322801574e-10,-1.175824606162495911e+01,8.062079075596891020e-02,1.520619805888941134e-02,1.218150761096438501e-10
3.965000000000000302e+00,9.581965229101717385e-02,4.790982614550858498e+09,7.676000398933613113e-10,-2.350115500444176095e-10,-1.175057750222913455e+01,8.061671163155890996e-02,1.520294065945826389e-02,1.217889814633629012e-10
3.970000000000000195e+00,9.581232054763624828e-02,4.790616027381812096e+09,7.675413061537043080e-10,-2.348585550761912217e-10,-1.174292775378853548e+01,8.061263446591425408e-02,1.519968608172199420e-02,1.217629094213499782e-10
3.975000000000000089e+00,9.580499357298995211e-02,4.790249678649497986e+09,7.674826106158234192e-10,-2.347059353541483794e-10,-1.173529676769976504e+01,8.060855913464214095e-02,1.519643443834781116e-02,1.217368608861688859e-10
3.979999999999999982e+00,9.579767135538282130e-02,4.789883567769141197e+09,7.674239531860273091e-10,-2.345536899044129515e-10,-1.172768449522845913e+01,8.060448575940168392e-02,1.519318559598113738e-02,1.217108347895317089e-10
3.984999999999999876e+00,9.579035388315007560e-02,4.789517694157504082e+09,7.673653337708710382e-10,-2.344018177535323234e-10,-1.172009088766935747e+01,8.060041428798225827e-02,1.518993959516781733e-02,1.216848314562464760e-10
3.990000000000000213e+00,9.578304114465704955e-02,4.789152057232852936e+09,7.673067522771506869e-10,-2.342503179320772869e-10,-1.171251589659368619e+01,8.059634476086732779e-02,1.518669638378972175e-02,1.216588504688009334e-10
3.995000000000000107e+00,9.577573312829940066e-02,4.788786656414970398e+09,7.672482086119051129e-10,-2.340991894769713810e-10,-1.170495947386370972e+01,8.059227702931553994e-02,1.518345609898386073e-02,1.216328929257836563e-10
4.000000000000000000e+00,9.576842982250259595e-02,4.788421491125129700e+09,7.671897026824120225e-10,-2.340237179716532676e-10,-1.170118589861789005e+01,8.058821124913728706e-02,1.518021857336530889e-02,1.216069574862935644e-10
